selection_stage,selection_origin_idx,selection_origin_time,purge_hours,validation_mode,pool_origin_count,pool_validation_block_count,selection_role,candidate_b1_train_days,candidate_b1_half_life_days,candidate_L_obs_hours,val_pr_auc_mean,val_pr_auc_median,val_pr_auc_q25,val_pr_auc_std,val_pr_auc_min,val_roc_auc_mean,branch1_input_validation_ap,candidate_b2_train_days,candidate_b2_half_life_days,candidate_lambda,train_end_time,validation_start_time,validation_end_time,validation_block_count,validation_block_days,selected_b1_train_days,selected_b1_half_life_days,selected_b1_input_hours,selected_b1_input_weights,selected_b2_train_days,selected_b2_half_life_days,selected_L_train_days,selected_L_obs_hours,selected_lambda,val_pr_auc,val_roc_auc,val_pr_auc_b1,val_pr_auc_b2,val_pr_auc_b1_median,val_pr_auc_b2_median,prediction_disagreement,validation_positive_rate,latest_val_pr_auc,adst_action,adwin_triggered,adwin_loss_triggered,adwin_disagreement_triggered,adwin_prevalence_triggered,adwin_loss_raw_triggered,adwin_disagreement_raw_triggered,adwin_prevalence_raw_triggered,adwin_stable,adwin_stable_count,adwin_loss_state,adwin_disagreement_state,adwin_prevalence_state,adwin_last_batch_bin,adwin_feedback_batch_count,adwin_min_batches,adwin_consecutive_trigger_requirement,adwin_cooldown_cycles,previous_val_pr_auc,val_pr_auc_delta,candidate_count
development,18144,2023-07-18T09:40:00+00:00,36,local_3_rolling_validation_blocks,1,3,branch1,7.0,3.0,all_1_6_24,0.14420563585864943,0.12265297305295447,0.11333263118299419,0.04431926613172519,0.1040122893130339,0.6536101375973885,"{'1': 0.11976351087141361, '6': 0.14216393677667225, '24': 0.1540961726307907}",,,,,,,,,,,,,,,,,,,,,,,,,,,,,,,,,,,,,,,,,,,,,,,
development,18144,2023-07-18T09:40:00+00:00,36,local_3_rolling_validation_blocks,1,3,branch1,7.0,7.0,all_1_6_24,0.14519432521935058,0.12124127501613718,0.11308849099364708,0.04588988023012215,0.10493570697115698,0.6533494870913515,"{'1': 0.11955438484969617, '6': 0.14257377723417686, '24': 0.15690527888445302}",,,,,,,,,,,,,,,,,,,,,,,,,,,,,,,,,,,,,,,,,,,,,,,
development,18144,2023-07-18T09:40:00+00:00,36,local_3_rolling_validation_blocks,1,3,branch1,7.0,14.0,all_1_6_24,0.14592317839875904,0.1212995579727646,0.11339139571581608,0.046457792198029306,0.10548323345886756,0.6540248416027091,"{'1': 0.11974973295087253, '6': 0.14276596446715106, '24': 0.1583206828993058}",,,,,,,,,,,,,,,,,,,,,,,,,,,,,,,,,,,,,,,,,,,,,,,
development,18144,2023-07-18T09:40:00+00:00,36,local_3_rolling_validation_blocks,1,3,branch1,14.0,3.0,all_1_6_24,0.13976496022991144,0.11116651373408375,0.1083336702567872,0.04451069512144036,0.10550082677949066,0.6391818947057959,"{'1': 0.12160643170485912, '6': 0.13472972725282525, '24': 0.152923203116845}",,,,,,,,,,,,,,,,,,,,,,,,,,,,,,,,,,,,,,,,,,,,,,,
development,18144,2023-07-18T09:40:00+00:00,36,local_3_rolling_validation_blocks,1,3,branch1,14.0,7.0,all_1_6_24,0.13538935849403955,0.10671327715234484,0.10431394578913364,0.04399091281413447,0.10191461442592242,0.6222090058084963,"{'1': 0.12067136299327846, '6': 0.1305364670138601, '24': 0.14982909072830905}",,,,,,,,,,,,,,,,,,,,,,,,,,,,,,,,,,,,,,,,,,,,,,,
development,18144,2023-07-18T09:40:00+00:00,36,local_3_rolling_validation_blocks,1,3,branch1,14.0,14.0,all_1_6_24,0.1326287877014338,0.10698792888723618,0.10333775854735568,0.041530847252175554,0.09968758820747517,0.6155380596479912,"{'1': 0.11959865070522269, '6': 0.12830850332885513, '24': 0.14698615606130497}",,,,,,,,,,,,,,,,,,,,,,,,,,,,,,,,,,,,,,,,,,,,,,,
development,18144,2023-07-18T09:40:00+00:00,36,local_3_rolling_validation_blocks,1,3,branch1,21.0,3.0,all_1_6_24,0.13424798731483537,0.10353589418352799,0.10201157241729547,0.04560616108368115,0.10048725065106295,0.6224992396070541,"{'1': 0.11655871868177907, '6': 0.13033535687577136, '24': 0.14836044421858174}",,,,,,,,,,,,,,,,,,,,,,,,,,,,,,,,,,,,,,,,,,,,,,,
development,18144,2023-07-18T09:40:00+00:00,36,local_3_rolling_validation_blocks,1,3,branch1,21.0,7.0,all_1_6_24,0.1223586074940789,0.09360189249492949,0.08908106635632917,0.0472060878948138,0.08456024021772886,0.5775375866144424,"{'1': 0.10907125154702002, '6': 0.119752219485548, '24': 0.13546793938594606}",,,,,,,,,,,,,,,,,,,,,,,,,,,,,,,,,,,,,,,,,,,,,,,
development,18144,2023-07-18T09:40:00+00:00,36,local_3_rolling_validation_blocks,1,3,branch1,21.0,14.0,all_1_6_24,0.11634875233150173,0.09039467058188345,0.0853408706820748,0.04404548457055054,0.08028707078226616,0.5627480241133376,"{'1': 0.10596699057722973, '6': 0.11504484595892767, '24': 0.12674307352486638}",,,,,,,,,,,,,,,,,,,,,,,,,,,,,,,,,,,,,,,,,,,,,,,
development,18144,2023-07-18T09:40:00+00:00,36,local_3_rolling_validation_blocks,1,3,branch2,,,history_only,0.08540201937046045,0.08776241363751429,0.07429826584240336,0.019168781965896386,0.060834118047292426,0.4018093477957836,,7.0,0.0,,,,,,,,,,,,,,,,,,,,,,,,,,,,,,,,,,,,,,,,,,,,,
development,18144,2023-07-18T09:40:00+00:00,36,local_3_rolling_validation_blocks,1,3,branch2,,,history_only,0.16692393400785785,0.08636370704302972,0.0695580678086824,0.13837814184863695,0.0527524285743351,0.39652582981336365,,14.0,0.0,,,,,,,,,,,,,,,,,,,,,,,,,,,,,,,,,,,,,,,,,,,,,
development,18144,2023-07-18T09:40:00+00:00,36,local_3_rolling_validation_blocks,1,3,branch2,,,history_only,0.20193213228282283,0.15917405795118034,0.12276888249710502,0.11583262968539235,0.08636370704302972,0.5804077481990749,,21.0,0.0,,,,,,,,,,,,,,,,,,,,,,,,,,,,,,,,,,,,,,,,,,,,,
development,18144,2023-07-18T09:40:00+00:00,36,local_3_rolling_validation_blocks,1,3,fusion,,,,0.20193213228282283,0.15917405795118034,0.12276888249710502,0.11583262968539235,0.08636370704302972,0.5804077481990749,,,,0.0,,,,,,,,,,,,,,,,,,,,,,,,,,,,,,,,,,,,,,,,,,,,
development,18144,2023-07-18T09:40:00+00:00,36,local_3_rolling_validation_blocks,1,3,fusion,,,,0.2288920282355079,0.2096432231148293,0.16108429593163937,0.10376780197396374,0.1125253687484494,0.6863756558079879,,,,0.1,,,,,,,,,,,,,,,,,,,,,,,,,,,,,,,,,,,,,,,,,,,,
development,18144,2023-07-18T09:40:00+00:00,36,local_3_rolling_validation_blocks,1,3,fusion,,,,0.2253755564186053,0.1853446091928452,0.16016178257963376,0.09449050622925965,0.13497895596642234,0.7018968425719105,,,,0.2,,,,,,,,,,,,,,,,,,,,,,,,,,,,,,,,,,,,,,,,,,,,
development,18144,2023-07-18T09:40:00+00:00,36,local_3_rolling_validation_blocks,1,3,fusion,,,,0.2129554758555796,0.15554534661557626,0.15500540665632515,0.08195495956420101,0.15446546669707403,0.7003882716016796,,,,0.3,,,,,,,,,,,,,,,,,,,,,,,,,,,,,,,,,,,,,,,,,,,,
development,18144,2023-07-18T09:40:00+00:00,36,local_3_rolling_validation_blocks,1,3,fusion,,,,0.2092197325729802,0.17876931676627744,0.15760988647857133,0.07500422268897493,0.1364504561908652,0.6977774182850139,,,,0.4,,,,,,,,,,,,,,,,,,,,,,,,,,,,,,,,,,,,,,,,,,,,
development,18144,2023-07-18T09:40:00+00:00,36,local_3_rolling_validation_blocks,1,3,fusion,,,,0.2059813020601273,0.19241527073276798,0.15839262607456614,0.07280836305312938,0.1243699814163643,0.6949890741906662,,,,0.5,,,,,,,,,,,,,,,,,,,,,,,,,,,,,,,,,,,,,,,,,,,,
development,18144,2023-07-18T09:40:00+00:00,36,local_3_rolling_validation_blocks,1,3,fusion,,,,0.1883644978464402,0.2001223065488492,0.15848216760022082,0.054238744789393445,0.11684202865159243,0.6913417996009157,,,,0.6,,,,,,,,,,,,,,,,,,,,,,,,,,,,,,,,,,,,,,,,,,,,
development,18144,2023-07-18T09:40:00+00:00,36,local_3_rolling_validation_blocks,1,3,fusion,,,,0.16424781636737273,0.1744088539638118,0.14328827564207242,0.0390418359995709,0.112167697320333,0.6834216416997387,,,,0.7,,,,,,,,,,,,,,,,,,,,,,,,,,,,,,,,,,,,,,,,,,,,
development,18144,2023-07-18T09:40:00+00:00,36,local_3_rolling_validation_blocks,1,3,fusion,,,,0.15406327465073555,0.14243221578492898,0.1257883754256388,0.04223290344801208,0.10914453506634864,0.6724377998310578,,,,0.8,,,,,,,,,,,,,,,,,,,,,,,,,,,,,,,,,,,,,,,,,,,,
development,18144,2023-07-18T09:40:00+00:00,36,local_3_rolling_validation_blocks,1,3,fusion,,,,0.14956466290826542,0.1288937231913548,0.11797702080419953,0.04555225418566677,0.10706031841704425,0.6630270828674614,,,,0.9,,,,,,,,,,,,,,,,,,,,,,,,,,,,,,,,,,,,,,,,,,,,
development,18144,2023-07-18T09:40:00+00:00,36,local_3_rolling_validation_blocks,1,3,fusion,,,,0.14682916402245352,0.12166991261191337,0.11356993854519473,0.0474983355352089,0.10546996447847609,0.6548406318868579,,,,1.0,,,,,,,,,,,,,,,,,,,,,,,,,,,,,,,,,,,,,,,,,,,,
development,18432,2023-07-19T09:40:00+00:00,36,local_3_rolling_validation_blocks,1,3,branch1,7.0,3.0,all_1_6_24,0.15934421154674697,0.1787637436272401,0.14058187372676373,0.04093841839080112,0.10240000382628738,0.681411510835466,"{'1': 0.15309786627459449, '6': 0.16597386682551826, '24': 0.15750287874205374}",,,,,,,,,,,,,,,,,,,,,,,,,,,,,,,,,,,,,,,,,,,,,,,
development,18432,2023-07-19T09:40:00+00:00,36,local_3_rolling_validation_blocks,1,3,branch1,7.0,7.0,all_1_6_24,0.15586150080379524,0.16965265283314945,0.1326506937356548,0.04461217824253809,0.09564873463816012,0.6658305531301069,"{'1': 0.1520973247157821, '6': 0.1651439752340493, '24': 0.15265051127423548}",,,,,,,,,,,,,,,,,,,,,,,,,,,,,,,,,,,,,,,,,,,,,,,
development,18432,2023-07-19T09:40:00+00:00,36,local_3_rolling_validation_blocks,1,3,branch1,7.0,14.0,all_1_6_24,0.15422192419310785,0.16546363471306014,0.12965862854417123,0.04540238573882345,0.09385362237528233,0.6606239389615355,"{'1': 0.1496557973438433, '6': 0.1639341489743589, '24': 0.15089411758847537}",,,,,,,,,,,,,,,,,,,,,,,,,,,,,,,,,,,,,,,,,,,,,,,
development,18432,2023-07-19T09:40:00+00:00,36,local_3_rolling_validation_blocks,1,3,branch1,14.0,3.0,all_1_6_24,0.15981302524957008,0.17209622555518253,0.1384180814068584,0.04088559860043353,0.10473993725853427,0.6852650701687691,"{'1': 0.15413077892240465, '6': 0.16216908853117878, '24': 0.15964494256408665}",,,,,,,,,,,,,,,,,,,,,,,,,,,,,,,,,,,,,,,,,,,,,,,
development,18432,2023-07-19T09:40:00+00:00,36,local_3_rolling_validation_blocks,1,3,branch1,14.0,7.0,all_1_6_24,0.15123149097310548,0.15235268560438486,0.12600679304410495,0.041657029911935095,0.099660900483825,0.6641305019697938,"{'1': 0.14590567290702475, '6': 0.1518803571054839, '24': 0.1535629490508027}",,,,,,,,,,,,,,,,,,,,,,,,,,,,,,,,,,,,,,,,,,,,,,,
development,18432,2023-07-19T09:40:00+00:00,36,local_3_rolling_validation_blocks,1,3,branch1,14.0,14.0,all_1_6_24,0.1462922083912962,0.14237138751059464,0.12027762523767474,0.040974869870384005,0.09818386296475483,0.6516383247766389,"{'1': 0.1426538736346237, '6': 0.14634103397665335, '24': 0.15007814606647182}",,,,,,,,,,,,,,,,,,,,,,,,,,,,,,,,,,,,,,,,,,,,,,,
development,18432,2023-07-19T09:40:00+00:00,36,local_3_rolling_validation_blocks,1,3,branch1,21.0,3.0,all_1_6_24,0.1546404676579953,0.16675574569410268,0.1332148779321204,0.04084244112465472,0.09967401017013812,0.6759582947694195,"{'1': 0.14850575360318552, '6': 0.15709421347901306, '24': 0.15535214012306522}",,,,,,,,,,,,,,,,,,,,,,,,,,,,,,,,,,,,,,,,,,,,,,,
development,18432,2023-07-19T09:40:00+00:00,36,local_3_rolling_validation_blocks,1,3,branch1,21.0,7.0,all_1_6_24,0.1348654448725822,0.13219402744139105,0.10889406271712199,0.04136364288717853,0.08559409799285293,0.625549810947168,"{'1': 0.13229015467893337, '6': 0.13686815453841064, '24': 0.1381102801598366}",,,,,,,,,,,,,,,,,,,,,,,,,,,,,,,,,,,,,,,,,,,,,,,
development,18432,2023-07-19T09:40:00+00:00,36,local_3_rolling_validation_blocks,1,3,branch1,21.0,14.0,all_1_6_24,0.12209785982500333,0.10765971560243198,0.09463389608268215,0.04026975612441421,0.08160807656293231,0.5915785838356782,"{'1': 0.11947090141943917, '6': 0.12363158082719172, '24': 0.1277109594353271}",,,,,,,,,,,,,,,,,,,,,,,,,,,,,,,,,,,,,,,,,,,,,,,
development,18432,2023-07-19T09:40:00+00:00,36,local_3_rolling_validation_blocks,1,3,branch2,,,history_only,0.18645734227407204,0.12086732356197621,0.10391553582515589,0.11754945779833897,0.08696374808833558,0.5526115144980427,,7.0,0.0,,,,,,,,,,,,,,,,,,,,,,,,,,,,,,,,,,,,,,,,,,,,,
development,18432,2023-07-19T09:40:00+00:00,36,local_3_rolling_validation_blocks,1,3,branch2,,,history_only,0.16169853291501107,0.08730124728593573,0.07164382277301834,0.1279966338063953,0.05598639826010096,0.4690390409360885,,14.0,0.0,,,,,,,,,,,,,,,,,,,,,,,,,,,,,,,,,,,,,,,,,,,,,
development,18432,2023-07-19T09:40:00+00:00,36,local_3_rolling_validation_blocks,1,3,branch2,,,history_only,0.1846859248298159,0.18487406266935896,0.13591890537884727,0.0797131272490389,0.08696374808833558,0.6366682726085666,,21.0,0.0,,,,,,,,,,,,,,,,,,,,,,,,,,,,,,,,,,,,,,,,,,,,,
development,18432,2023-07-19T09:40:00+00:00,36,local_3_rolling_validation_blocks,1,3,fusion,,,,0.18645734227407204,0.12086732356197621,0.10391553582515589,0.11754945779833897,0.08696374808833558,0.5526115144980427,,,,0.0,,,,,,,,,,,,,,,,,,,,,,,,,,,,,,,,,,,,,,,,,,,,
development,18432,2023-07-19T09:40:00+00:00,36,local_3_rolling_validation_blocks,1,3,fusion,,,,0.20428591488311962,0.13827765842913972,0.12748644561772599,0.1089676579304754,0.11669523280631226,0.6777688698427063,,,,0.1,,,,,,,,,,,,,,,,,,,,,,,,,,,,,,,,,,,,,,,,,,,,
development,18432,2023-07-19T09:40:00+00:00,36,local_3_rolling_validation_blocks,1,3,fusion,,,,0.20179753754941235,0.1340007535966455,0.12845344921909158,0.10382304967226662,0.12290614484153764,0.6921414283494771,,,,0.2,,,,,,,,,,,,,,,,,,,,,,,,,,,,,,,,,,,,,,,,,,,,
development,18432,2023-07-19T09:40:00+00:00,36,local_3_rolling_validation_blocks,1,3,fusion,,,,0.19819065939332992,0.15242083658823877,0.13393049107863506,0.09212310811286983,0.11544014556903134,0.6978306438934467,,,,0.3,,,,,,,,,,,,,,,,,,,,,,,,,,,,,,,,,,,,,,,,,,,,
development,18432,2023-07-19T09:40:00+00:00,36,local_3_rolling_validation_blocks,1,3,fusion,,,,0.19584919016440264,0.17298184011461304,0.14192336256041843,0.08036837552299737,0.11086488500622384,0.7028599289858978,,,,0.4,,,,,,,,,,,,,,,,,,,,,,,,,,,,,,,,,,,,,,,,,,,,
development,18432,2023-07-19T09:40:00+00:00,36,local_3_rolling_validation_blocks,1,3,fusion,,,,0.19206755044760235,0.18730199063042885,0.14779207349330778,0.07043667193904503,0.10828215635618671,0.7037708242105927,,,,0.5,,,,,,,,,,,,,,,,,,,,,,,,,,,,,,,,,,,,,,,,,,,,
development,18432,2023-07-19T09:40:00+00:00,36,local_3_rolling_validation_blocks,1,3,fusion,,,,0.1850534054872225,0.19413848052343172,0.15044418518457808,0.06056723996259519,0.10674988984572448,0.7012725130583931,,,,0.6,,,,,,,,,,,,,,,,,,,,,,,,,,,,,,,,,,,,,,,,,,,,
development,18432,2023-07-19T09:40:00+00:00,36,local_3_rolling_validation_blocks,1,3,fusion,,,,0.17835894703440935,0.19767986173325458,0.1517927198902031,0.05305923143404307,0.10590557804715159,0.6978458998962861,,,,0.7,,,,,,,,,,,,,,,,,,,,,,,,,,,,,,,,,,,,,,,,,,,,
development,18432,2023-07-19T09:40:00+00:00,36,local_3_rolling_validation_blocks,1,3,fusion,,,,0.17094782049341492,0.19974298036989982,0.1525617455386839,0.04647732190306223,0.10538051070746798,0.6942694078638306,,,,0.8,,,,,,,,,,,,,,,,,,,,,,,,,,,,,,,,,,,,,,,,,,,,
development,18432,2023-07-19T09:40:00+00:00,36,local_3_rolling_validation_blocks,1,3,fusion,,,,0.16492769584566774,0.1881939045164141,0.1466067656099534,0.04271189979799536,0.10501962670349269,0.6902760521770951,,,,0.9,,,,,,,,,,,,,,,,,,,,,,,,,,,,,,,,,,,,,,,,,,,,
development,18432,2023-07-19T09:40:00+00:00,36,local_3_rolling_validation_blocks,1,3,fusion,,,,0.15987947075717016,0.17208276182628288,0.13841959624976602,0.04094538930699925,0.10475643067324916,0.6852697207004508,,,,1.0,,,,,,,,,,,,,,,,,,,,,,,,,,,,,,,,,,,,,,,,,,,,
development,18720,2023-07-20T09:40:00+00:00,36,local_3_rolling_validation_blocks,1,3,branch1,7.0,3.0,all_1_6_24,0.19348434864188702,0.13835468057068,0.12650026082743976,0.09522300607328626,0.11464584108419948,0.6947176837354262,"{'1': 0.16043843104379077, '6': 0.1810852641183743, '24': 0.1761453754611205}",,,,,,,,,,,,,,,,,,,,,,,,,,,,,,,,,,,,,,,,,,,,,,,
development,18720,2023-07-20T09:40:00+00:00,36,local_3_rolling_validation_blocks,1,3,branch1,7.0,7.0,all_1_6_24,0.19041104818642549,0.13980385300633147,0.12900071060703178,0.08729412569218631,0.11819756820773206,0.6966454083610593,"{'1': 0.16561510516590128, '6': 0.18124630561424473, '24': 0.17215026304517686}",,,,,,,,,,,,,,,,,,,,,,,,,,,,,,,,,,,,,,,,,,,,,,,
development,18720,2023-07-20T09:40:00+00:00,36,local_3_rolling_validation_blocks,1,3,branch1,7.0,14.0,all_1_6_24,0.18846074373185187,0.14044466814539902,0.1295955007795297,0.08371799852696109,0.11874633341366038,0.6961300815535827,"{'1': 0.16660313524002315, '6': 0.18026565805985886, '24': 0.16991387309920725}",,,,,,,,,,,,,,,,,,,,,,,,,,,,,,,,,,,,,,,,,,,,,,,
development,18720,2023-07-20T09:40:00+00:00,36,local_3_rolling_validation_blocks,1,3,branch1,14.0,3.0,all_1_6_24,0.18990815242313283,0.135807252928811,0.12191727630134233,0.09682013963405757,0.10802729967387366,0.6802495614693126,"{'1': 0.16838032402525524, '6': 0.1820388788377371, '24': 0.16331371161546185}",,,,,,,,,,,,,,,,,,,,,,,,,,,,,,,,,,,,,,,,,,,,,,,
development,18720,2023-07-20T09:40:00+00:00,36,local_3_rolling_validation_blocks,1,3,branch1,14.0,7.0,all_1_6_24,0.1745530367851862,0.13339847007543593,0.12269900765326339,0.07385119952881096,0.11199954523109083,0.6716005996280225,"{'1': 0.16365810268709177, '6': 0.17278247077922226, '24': 0.15204198602456198}",,,,,,,,,,,,,,,,,,,,,,,,,,,,,,,,,,,,,,,,,,,,,,,
development,18720,2023-07-20T09:40:00+00:00,36,local_3_rolling_validation_blocks,1,3,branch1,14.0,14.0,all_1_6_24,0.1664639834948337,0.13162790785787326,0.1228669120437166,0.06206914942222156,0.11410591622955993,0.6671858491170144,"{'1': 0.16043657652864066, '6': 0.16782692888746598, '24': 0.1465364572596761}",,,,,,,,,,,,,,,,,,,,,,,,,,,,,,,,,,,,,,,,,,,,,,,
development,18720,2023-07-20T09:40:00+00:00,36,local_3_rolling_validation_blocks,1,3,branch1,21.0,3.0,all_1_6_24,0.1833154623157807,0.1331248894138054,0.11501276695754499,0.09772008855047984,0.09690064450128458,0.6640489724658024,"{'1': 0.1617741590242042, '6': 0.17454592997816276, '24': 0.15960771828435874}",,,,,,,,,,,,,,,,,,,,,,,,,,,,,,,,,,,,,,,,,,,,,,,
development,18720,2023-07-20T09:40:00+00:00,36,local_3_rolling_validation_blocks,1,3,branch1,21.0,7.0,all_1_6_24,0.15087976599897243,0.12331617763657193,0.10470251772521824,0.06704964881689458,0.08608885781386456,0.6236748122477492,"{'1': 0.14110211731812936, '6': 0.14707269217663652, '24': 0.1388369396002896}",,,,,,,,,,,,,,,,,,,,,,,,,,,,,,,,,,,,,,,,,,,,,,,
development,18720,2023-07-20T09:40:00+00:00,36,local_3_rolling_validation_blocks,1,3,branch1,21.0,14.0,all_1_6_24,0.13223131971327848,0.11686249378239821,0.10000262989912072,0.047611765713768926,0.08314276601584322,0.600150613836408,"{'1': 0.12532525412999218, '6': 0.12939782330970076, '24': 0.12703700204004512}",,,,,,,,,,,,,,,,,,,,,,,,,,,,,,,,,,,,,,,,,,,,,,,
development,18720,2023-07-20T09:40:00+00:00,36,local_3_rolling_validation_blocks,1,3,branch2,,,history_only,0.2009763824995584,0.09787287589525948,0.0750495244784091,0.1790598151142668,0.05222617306155872,0.5282508692064015,,7.0,0.0,,,,,,,,,,,,,,,,,,,,,,,,,,,,,,,,,,,,,,,,,,,,,
development,18720,2023-07-20T09:40:00+00:00,36,local_3_rolling_validation_blocks,1,3,branch2,,,history_only,0.23093172888725919,0.1880065137024347,0.13097449102457986,0.14883323959863287,0.07394246834672502,0.562357767271665,,14.0,0.0,,,,,,,,,,,,,,,,,,,,,,,,,,,,,,,,,,,,,,,,,,,,,
development,18720,2023-07-20T09:40:00+00:00,36,local_3_rolling_validation_blocks,1,3,branch2,,,history_only,0.2466242109768495,0.27079722467369793,0.19024822942172576,0.10335342124643057,0.10969923416975355,0.6979956192915866,,21.0,0.0,,,,,,,,,,,,,,,,,,,,,,,,,,,,,,,,,,,,,,,,,,,,,
development,18720,2023-07-20T09:40:00+00:00,36,local_3_rolling_validation_blocks,1,3,fusion,,,,0.2466242109768495,0.27079722467369793,0.19024822942172576,0.10335342124643057,0.10969923416975355,0.6979956192915866,,,,0.0,,,,,,,,,,,,,,,,,,,,,,,,,,,,,,,,,,,,,,,,,,,,
development,18720,2023-07-20T09:40:00+00:00,36,local_3_rolling_validation_blocks,1,3,fusion,,,,0.304517005790472,0.29890626512512075,0.23069060481145437,0.11833395893705125,0.162474944497788,0.7734765823489996,,,,0.1,,,,,,,,,,,,,,,,,,,,,,,,,,,,,,,,,,,,,,,,,,,,
development,18720,2023-07-20T09:40:00+00:00,36,local_3_rolling_validation_blocks,1,3,fusion,,,,0.31355157739100337,0.29038148029211314,0.22690794976349304,0.1330419575500693,0.16343441923487295,0.7787739822289105,,,,0.2,,,,,,,,,,,,,,,,,,,,,,,,,,,,,,,,,,,,,,,,,,,,
development,18720,2023-07-20T09:40:00+00:00,36,local_3_rolling_validation_blocks,1,3,fusion,,,,0.30706960010104106,0.2651346915382155,0.2095308321817912,0.14521988595906288,0.15392697282536688,0.7718257386716703,,,,0.3,,,,,,,,,,,,,,,,,,,,,,,,,,,,,,,,,,,,,,,,,,,,
development,18720,2023-07-20T09:40:00+00:00,36,local_3_rolling_validation_blocks,1,3,fusion,,,,0.2897572961808625,0.23251375198293087,0.19162081267497266,0.1427457895933646,0.1507278733670145,0.7619696870859762,,,,0.4,,,,,,,,,,,,,,,,,,,,,,,,,,,,,,,,,,,,,,,,,,,,
development,18720,2023-07-20T09:40:00+00:00,36,local_3_rolling_validation_blocks,1,3,fusion,,,,0.27190848509596477,0.20177662084646214,0.17487885145443316,0.1389669970702788,0.14798108206240418,0.7514369635712811,,,,0.5,,,,,,,,,,,,,,,,,,,,,,,,,,,,,,,,,,,,,,,,,,,,
development,18720,2023-07-20T09:40:00+00:00,36,local_3_rolling_validation_blocks,1,3,fusion,,,,0.25455845537145577,0.1694219821507582,0.1570197783857888,0.13831171360992456,0.14461757462081937,0.7408637688684295,,,,0.6,,,,,,,,,,,,,,,,,,,,,,,,,,,,,,,,,,,,,,,,,,,,
development,18720,2023-07-20T09:40:00+00:00,36,local_3_rolling_validation_blocks,1,3,fusion,,,,0.23730640253912352,0.14310614273263478,0.14274343138021192,0.1337325642285843,0.14238072002778906,0.7292405901226934,,,,0.7,,,,,,,,,,,,,,,,,,,,,,,,,,,,,,,,,,,,,,,,,,,,
development,18720,2023-07-20T09:40:00+00:00,36,local_3_rolling_validation_blocks,1,3,fusion,,,,0.22192328274733067,0.1405607946002858,0.13471377091459572,0.12342523931053116,0.12886674722890562,0.7166730329629806,,,,0.8,,,,,,,,,,,,,,,,,,,,,,,,,,,,,,,,,,,,,,,,,,,,
development,18720,2023-07-20T09:40:00+00:00,36,local_3_rolling_validation_blocks,1,3,fusion,,,,0.20700293155271612,0.1394106213041151,0.12993977333276485,0.1092577625794346,0.12046892536141462,0.7056361726710039,,,,0.9,,,,,,,,,,,,,,,,,,,,,,,,,,,,,,,,,,,,,,,,,,,,
development,18720,2023-07-20T09:40:00+00:00,36,local_3_rolling_validation_blocks,1,3,fusion,,,,0.19331682945949247,0.1386441480590268,0.1266471569886483,0.09479262797233287,0.11465016591826982,0.6947912411139071,,,,1.0,,,,,,,,,,,,,,,,,,,,,,,,,,,,,,,,,,,,,,,,,,,,
development,19008,2023-07-21T09:40:00+00:00,36,local_3_rolling_validation_blocks,1,3,branch1,7.0,3.0,all_1_6_24,0.20061632474888325,0.1221472251833764,0.11285870592938176,0.12433952327542143,0.10357018667538712,0.693122663882556,"{'1': 0.14979649961593133, '6': 0.17029720296204173, '24': 0.17816600183829212}",,,,,,,,,,,,,,,,,,,,,,,,,,,,,,,,,,,,,,,,,,,,,,,
development,19008,2023-07-21T09:40:00+00:00,36,local_3_rolling_validation_blocks,1,3,branch1,7.0,7.0,all_1_6_24,0.1944729315159143,0.12052634146774936,0.11249951080787804,0.11611303434777795,0.1044726801480067,0.6898623908660307,"{'1': 0.1513370808663704, '6': 0.171214109182801, '24': 0.17392970595883148}",,,,,,,,,,,,,,,,,,,,,,,,,,,,,,,,,,,,,,,,,,,,,,,
development,19008,2023-07-21T09:40:00+00:00,36,local_3_rolling_validation_blocks,1,3,branch1,7.0,14.0,all_1_6_24,0.19134050449358067,0.1204445493573611,0.11274461110447337,0.11132903910479075,0.10504467285158564,0.6888838920713859,"{'1': 0.1516191427940439, '6': 0.17126055498489723, '24': 0.17224281496979735}",,,,,,,,,,,,,,,,,,,,,,,,,,,,,,,,,,,,,,,,,,,,,,,
development,19008,2023-07-21T09:40:00+00:00,36,local_3_rolling_validation_blocks,1,3,branch1,14.0,3.0,all_1_6_24,0.19207082226560437,0.11120065672841507,0.10816684955483286,0.11868398908001075,0.10513304238125062,0.6755854302614402,"{'1': 0.1510251862612755, '6': 0.16844545608338676, '24': 0.1659490657630878}",,,,,,,,,,,,,,,,,,,,,,,,,,,,,,,,,,,,,,,,,,,,,,,
development,19008,2023-07-21T09:40:00+00:00,36,local_3_rolling_validation_blocks,1,3,branch1,14.0,7.0,all_1_6_24,0.16923680971428626,0.10624976304981468,0.10426101804686763,0.0919039919884155,0.10227227304392059,0.648052064868336,"{'1': 0.14858022372318316, '6': 0.15938355377663882, '24': 0.14837465264427815}",,,,,,,,,,,,,,,,,,,,,,,,,,,,,,,,,,,,,,,,,,,,,,,
development,19008,2023-07-21T09:40:00+00:00,36,local_3_rolling_validation_blocks,1,3,branch1,14.0,14.0,all_1_6_24,0.159645829019102,0.1065862585634115,0.10336007335314956,0.07964365278611474,0.10013388814288762,0.6425794965377415,"{'1': 0.14594400439802285, '6': 0.15596611334388807, '24': 0.14152290988795288}",,,,,,,,,,,,,,,,,,,,,,,,,,,,,,,,,,,,,,,,,,,,,,,
development,19008,2023-07-21T09:40:00+00:00,36,local_3_rolling_validation_blocks,1,3,branch1,21.0,3.0,all_1_6_24,0.18652494099211633,0.1029696077248884,0.10171165049250525,0.11994850337405287,0.1004536932601221,0.6601117337777537,"{'1': 0.1471341677206718, '6': 0.16574818188794846, '24': 0.1617209488489687}",,,,,,,,,,,,,,,,,,,,,,,,,,,,,,,,,,,,,,,,,,,,,,,
development,19008,2023-07-21T09:40:00+00:00,36,local_3_rolling_validation_blocks,1,3,branch1,21.0,7.0,all_1_6_24,0.14827679997013996,0.0934551992265038,0.08876008255922765,0.0842566043885404,0.0840649658919515,0.6013883704682632,"{'1': 0.13381868073515543, '6': 0.14148760007090214, '24': 0.1351913298581542}",,,,,,,,,,,,,,,,,,,,,,,,,,,,,,,,,,,,,,,,,,,,,,,
development,19008,2023-07-21T09:40:00+00:00,36,local_3_rolling_validation_blocks,1,3,branch1,21.0,14.0,all_1_6_24,0.1334085099582827,0.09027285903249017,0.08511998161229087,0.06841977323928403,0.07996710419209158,0.5812190649458934,"{'1': 0.1259288758317141, '6': 0.13071923992971582, '24': 0.12445781461547763}",,,,,,,,,,,,,,,,,,,,,,,,,,,,,,,,,,,,,,,,,,,,,,,
development,19008,2023-07-21T09:40:00+00:00,36,local_3_rolling_validation_blocks,1,3,branch2,,,history_only,0.2350565058051309,0.10718605060452012,0.08394108690988758,0.21455059670672763,0.06069612321525503,0.5535237425795644,,7.0,0.0,,,,,,,,,,,,,,,,,,,,,,,,,,,,,,,,,,,,,,,,,,,,,
development,19008,2023-07-21T09:40:00+00:00,36,local_3_rolling_validation_blocks,1,3,branch2,,,history_only,0.2989519219659631,0.37337503484569,0.2130643507360251,0.17856752245773735,0.05275366662636015,0.5451892352101891,,14.0,0.0,,,,,,,,,,,,,,,,,,,,,,,,,,,,,,,,,,,,,,,,,,,,,
development,19008,2023-07-21T09:40:00+00:00,36,local_3_rolling_validation_blocks,1,3,branch2,,,history_only,0.3338953425722097,0.371995739923607,0.265479481645395,0.13009715179219603,0.1589632233671829,0.7290511944059439,,21.0,0.0,,,,,,,,,,,,,,,,,,,,,,,,,,,,,,,,,,,,,,,,,,,,,
development,19008,2023-07-21T09:40:00+00:00,36,local_3_rolling_validation_blocks,1,3,fusion,,,,0.3338953425722097,0.371995739923607,0.265479481645395,0.13009715179219603,0.1589632233671829,0.7290511944059439,,,,0.0,,,,,,,,,,,,,,,,,,,,,,,,,,,,,,,,,,,,,,,,,,,,
development,19008,2023-07-21T09:40:00+00:00,36,local_3_rolling_validation_blocks,1,3,fusion,,,,0.3612226580221187,0.3601505758339997,0.28328225007253666,0.12684074287444666,0.2064139243110736,0.7693161951442217,,,,0.1,,,,,,,,,,,,,,,,,,,,,,,,,,,,,,,,,,,,,,,,,,,,
development,19008,2023-07-21T09:40:00+00:00,36,local_3_rolling_validation_blocks,1,3,fusion,,,,0.36523147794682903,0.3591957736574629,0.2710277105989449,0.1514301966608017,0.18285964754042694,0.7709415693428232,,,,0.2,,,,,,,,,,,,,,,,,,,,,,,,,,,,,,,,,,,,,,,,,,,,
development,19008,2023-07-21T09:40:00+00:00,36,local_3_rolling_validation_blocks,1,3,fusion,,,,0.34545687910856365,0.34267103352897055,0.24770012600372743,0.15851103349392429,0.15272921847848434,0.7618686552062776,,,,0.3,,,,,,,,,,,,,,,,,,,,,,,,,,,,,,,,,,,,,,,,,,,,
development,19008,2023-07-21T09:40:00+00:00,36,local_3_rolling_validation_blocks,1,3,fusion,,,,0.3256042594167495,0.3243674221747056,0.22889228685056806,0.15742748251832828,0.13341715152643055,0.7529657395753658,,,,0.4,,,,,,,,,,,,,,,,,,,,,,,,,,,,,,,,,,,,,,,,,,,,
development,19008,2023-07-21T09:40:00+00:00,36,local_3_rolling_validation_blocks,1,3,fusion,,,,0.31062169744228313,0.30887382335536434,0.21519200602890132,0.1551273904620514,0.12151018870243827,0.7456901312022449,,,,0.5,,,,,,,,,,,,,,,,,,,,,,,,,,,,,,,,,,,,,,,,,,,,
development,19008,2023-07-21T09:40:00+00:00,36,local_3_rolling_validation_blocks,1,3,fusion,,,,0.2853462503193073,0.2659870168685767,0.19014136254995004,0.14819913460059597,0.11429570823132341,0.7391988971370901,,,,0.6,,,,,,,,,,,,,,,,,,,,,,,,,,,,,,,,,,,,,,,,,,,,
development,19008,2023-07-21T09:40:00+00:00,36,local_3_rolling_validation_blocks,1,3,fusion,,,,0.2579926208094809,0.21730069014443934,0.16355287125609516,0.1405831353621358,0.10980505236775098,0.7322149768081346,,,,0.7,,,,,,,,,,,,,,,,,,,,,,,,,,,,,,,,,,,,,,,,,,,,
development,19008,2023-07-21T09:40:00+00:00,36,local_3_rolling_validation_blocks,1,3,fusion,,,,0.22979846980205867,0.15959081846902917,0.13329059789466347,0.1381617641813221,0.10699037732029779,0.7203259231259332,,,,0.8,,,,,,,,,,,,,,,,,,,,,,,,,,,,,,,,,,,,,,,,,,,,
development,19008,2023-07-21T09:40:00+00:00,36,local_3_rolling_validation_blocks,1,3,fusion,,,,0.21213721830343854,0.1330390765278974,0.11902940976940676,0.13217025079473246,0.10501974301091613,0.7058606457085563,,,,0.9,,,,,,,,,,,,,,,,,,,,,,,,,,,,,,,,,,,,,,,,,,,,
development,19008,2023-07-21T09:40:00+00:00,36,local_3_rolling_validation_blocks,1,3,fusion,,,,0.20032515298484999,0.12241732229396804,0.1129800035851453,0.12376479939891925,0.10354268487632257,0.6933949101602285,,,,1.0,,,,,,,,,,,,,,,,,,,,,,,,,,,,,,,,,,,,,,,,,,,,
development,19296,2023-07-22T09:40:00+00:00,36,local_3_rolling_validation_blocks,1,3,branch1,7.0,3.0,all_1_6_24,0.23893596982007223,0.17977115000211372,0.14163165969972863,0.1410886412260362,0.10349216939734351,0.7366217027999525,"{'1': 0.1830214090217287, '6': 0.20500595040219308, '24': 0.2074549213968079}",,,,,,,,,,,,,,,,,,,,,,,,,,,,,,,,,,,,,,,,,,,,,,,
development,19296,2023-07-22T09:40:00+00:00,36,local_3_rolling_validation_blocks,1,3,branch1,7.0,7.0,all_1_6_24,0.2340420308970241,0.17040345258927955,0.1335282243239696,0.14530165953407637,0.09665299605865964,0.7202000439985198,"{'1': 0.183253626909518, '6': 0.19807925583681354, '24': 0.20100991744030292}",,,,,,,,,,,,,,,,,,,,,,,,,,,,,,,,,,,,,,,,,,,,,,,
development,19296,2023-07-22T09:40:00+00:00,36,local_3_rolling_validation_blocks,1,3,branch1,7.0,14.0,all_1_6_24,0.23152125204549837,0.16590156645962809,0.13031032673629428,0.14605407800053533,0.09471908701296047,0.7151241211462226,"{'1': 0.18121263690795242, '6': 0.19684626083280932, '24': 0.19864060892506696}",,,,,,,,,,,,,,,,,,,,,,,,,,,,,,,,,,,,,,,,,,,,,,,
development,19296,2023-07-22T09:40:00+00:00,36,local_3_rolling_validation_blocks,1,3,branch1,14.0,3.0,all_1_6_24,0.2387476621918231,0.1721461359020916,0.13872074550467878,0.14406806009436468,0.10529535510726598,0.7344851354687516,"{'1': 0.17861758763076577, '6': 0.20684623794042936, '24': 0.19606611870860094}",,,,,,,,,,,,,,,,,,,,,,,,,,,,,,,,,,,,,,,,,,,,,,,
development,19296,2023-07-22T09:40:00+00:00,36,local_3_rolling_validation_blocks,1,3,branch1,14.0,7.0,all_1_6_24,0.20839518865557707,0.15322177355807293,0.1265519034743994,0.11777450759261036,0.09988203339072589,0.7057605091697203,"{'1': 0.17096561580205205, '6': 0.19165864281758704, '24': 0.16743179190885538}",,,,,,,,,,,,,,,,,,,,,,,,,,,,,,,,,,,,,,,,,,,,,,,
development,19296,2023-07-22T09:40:00+00:00,36,local_3_rolling_validation_blocks,1,3,branch1,14.0,14.0,all_1_6_24,0.1900612759106438,0.14373551990953265,0.12113114571843796,0.0992137298210766,0.09852677152734327,0.6900091785522656,"{'1': 0.16641496844281747, '6': 0.1832948508023424, '24': 0.15468442655645123}",,,,,,,,,,,,,,,,,,,,,,,,,,,,,,,,,,,,,,,,,,,,,,,
development,19296,2023-07-22T09:40:00+00:00,36,local_3_rolling_validation_blocks,1,3,branch1,21.0,3.0,all_1_6_24,0.23269414260280866,0.1684218872723818,0.1337285770256837,0.14279630080613512,0.09903526677898555,0.7237615266027001,"{'1': 0.1732211220603627, '6': 0.20173110067451028, '24': 0.18958560034348385}",,,,,,,,,,,,,,,,,,,,,,,,,,,,,,,,,,,,,,,,,,,,,,,
development,19296,2023-07-22T09:40:00+00:00,36,local_3_rolling_validation_blocks,1,3,branch1,21.0,7.0,all_1_6_24,0.17888823163613785,0.13317985088526685,0.10917821550500555,0.10051380518096403,0.08517658012474424,0.6649912516993536,"{'1': 0.15709009208216496, '6': 0.17135147890940114, '24': 0.14975026120731552}",,,,,,,,,,,,,,,,,,,,,,,,,,,,,,,,,,,,,,,,,,,,,,,
development,19296,2023-07-22T09:40:00+00:00,36,local_3_rolling_validation_blocks,1,3,branch1,21.0,14.0,all_1_6_24,0.15260758688082424,0.10843514674411109,0.09485487169796186,0.08242391321013391,0.08127459665181264,0.6286372765154377,"{'1': 0.14265857723723585, '6': 0.15082502413739415, '24': 0.1350287077547583}",,,,,,,,,,,,,,,,,,,,,,,,,,,,,,,,,,,,,,,,,,,,,,,
development,19296,2023-07-22T09:40:00+00:00,36,local_3_rolling_validation_blocks,1,3,branch2,,,history_only,0.36305299550942327,0.3609327206779155,0.24076719635864133,0.19883192777948958,0.12060167203936717,0.7099589372114973,,7.0,0.0,,,,,,,,,,,,,,,,,,,,,,,,,,,,,,,,,,,,,,,,,,,,,
development,19296,2023-07-22T09:40:00+00:00,36,local_3_rolling_validation_blocks,1,3,branch2,,,history_only,0.32360695358017494,0.3511375215179969,0.20364325118547036,0.2080519637937602,0.056148980852943856,0.6261530329007607,,14.0,0.0,,,,,,,,,,,,,,,,,,,,,,,,,,,,,,,,,,,,,,,,,,,,,
development,19296,2023-07-22T09:40:00+00:00,36,local_3_rolling_validation_blocks,1,3,branch2,,,history_only,0.34533793705599436,0.2888826839888613,0.2362397263991995,0.16016354077281986,0.18359676880953768,0.7905287027820317,,21.0,0.0,,,,,,,,,,,,,,,,,,,,,,,,,,,,,,,,,,,,,,,,,,,,,
development,19296,2023-07-22T09:40:00+00:00,36,local_3_rolling_validation_blocks,1,3,fusion,,,,0.36305299550942327,0.3609327206779155,0.24076719635864133,0.19883192777948958,0.12060167203936717,0.7099589372114973,,,,0.0,,,,,,,,,,,,,,,,,,,,,,,,,,,,,,,,,,,,,,,,,,,,
development,19296,2023-07-22T09:40:00+00:00,36,local_3_rolling_validation_blocks,1,3,fusion,,,,0.3929402804806547,0.3673738896948708,0.2550832822724164,0.2154419277984401,0.142792674849962,0.7865416468863237,,,,0.1,,,,,,,,,,,,,,,,,,,,,,,,,,,,,,,,,,,,,,,,,,,,
development,19296,2023-07-22T09:40:00+00:00,36,local_3_rolling_validation_blocks,1,3,fusion,,,,0.3981251313112322,0.35425575186881486,0.23950349081333436,0.2431056778715492,0.12475122975785387,0.7904872331473358,,,,0.2,,,,,,,,,,,,,,,,,,,,,,,,,,,,,,,,,,,,,,,,,,,,
development,19296,2023-07-22T09:40:00+00:00,36,local_3_rolling_validation_blocks,1,3,fusion,,,,0.3919748336065232,0.3336583937498421,0.22471817331994887,0.2527084523820144,0.11577795289005567,0.791610067444581,,,,0.3,,,,,,,,,,,,,,,,,,,,,,,,,,,,,,,,,,,,,,,,,,,,
development,19296,2023-07-22T09:40:00+00:00,36,local_3_rolling_validation_blocks,1,3,fusion,,,,0.3810935991724178,0.3133245110895537,0.21180551202953687,0.2533528192273042,0.11028651296952004,0.7915313866662611,,,,0.4,,,,,,,,,,,,,,,,,,,,,,,,,,,,,,,,,,,,,,,,,,,,
development,19296,2023-07-22T09:40:00+00:00,36,local_3_rolling_validation_blocks,1,3,fusion,,,,0.3679004584142315,0.28584706032934637,0.19657518247318134,0.25301715186234175,0.10730330461701634,0.7869532247382045,,,,0.5,,,,,,,,,,,,,,,,,,,,,,,,,,,,,,,,,,,,,,,,,,,,
development,19296,2023-07-22T09:40:00+00:00,36,local_3_rolling_validation_blocks,1,3,fusion,,,,0.35602924307516176,0.2572228407289619,0.18144107695484485,0.2545400544360779,0.10565931318072783,0.7804525056211332,,,,0.6,,,,,,,,,,,,,,,,,,,,,,,,,,,,,,,,,,,,,,,,,,,,
development,19296,2023-07-22T09:40:00+00:00,36,local_3_rolling_validation_blocks,1,3,fusion,,,,0.3425710916921249,0.23259999703284895,0.1686850466605031,0.25138839916394573,0.10477009628815728,0.7725366587533392,,,,0.7,,,,,,,,,,,,,,,,,,,,,,,,,,,,,,,,,,,,,,,,,,,,
development,19296,2023-07-22T09:40:00+00:00,36,local_3_rolling_validation_blocks,1,3,fusion,,,,0.3215176884818917,0.2103213421292977,0.15726867382068277,0.23628768068634476,0.1042160055120678,0.7625573190325347,,,,0.8,,,,,,,,,,,,,,,,,,,,,,,,,,,,,,,,,,,,,,,,,,,,
development,19296,2023-07-22T09:40:00+00:00,36,local_3_rolling_validation_blocks,1,3,fusion,,,,0.28781899813281886,0.19292805521065573,0.14837064644698128,0.20053742965578653,0.10381323768330683,0.7512915770543217,,,,0.9,,,,,,,,,,,,,,,,,,,,,,,,,,,,,,,,,,,,,,,,,,,,
development,19296,2023-07-22T09:40:00+00:00,36,local_3_rolling_validation_blocks,1,3,fusion,,,,0.23937251099527493,0.17953286031860882,0.141544506785194,0.14178403818804275,0.10355615325177918,0.7366384236225599,,,,1.0,,,,,,,,,,,,,,,,,,,,,,,,,,,,,,,,,,,,,,,,,,,,
development,19584,2023-07-23T09:40:00+00:00,36,local_3_rolling_validation_blocks,1,3,branch1,7.0,3.0,all_1_6_24,0.23254644165385976,0.2447881070991187,0.18042060796638193,0.09053353911653102,0.11605310883364514,0.7423942682595229,"{'1': 0.19730849568175002, '6': 0.19503863545792618, '24': 0.2263658855402337}",,,,,,,,,,,,,,,,,,,,,,,,,,,,,,,,,,,,,,,,,,,,,,,
development,19584,2023-07-23T09:40:00+00:00,36,local_3_rolling_validation_blocks,1,3,branch1,7.0,7.0,all_1_6_24,0.23000858418851752,0.2514927978328726,0.1852708195282845,0.08322560972423701,0.11904884122369641,0.7425301330272793,"{'1': 0.20308189956452274, '6': 0.195111671025731, '24': 0.21536188940718856}",,,,,,,,,,,,,,,,,,,,,,,,,,,,,,,,,,,,,,,,,,,,,,,
development,19584,2023-07-23T09:40:00+00:00,36,local_3_rolling_validation_blocks,1,3,branch1,7.0,14.0,all_1_6_24,0.2272149309036522,0.25088684010982004,0.1850836467029432,0.08022965199037733,0.11928045329606632,0.7411985991946323,"{'1': 0.2045357410352199, '6': 0.19398739008617635, '24': 0.211166246434096}",,,,,,,,,,,,,,,,,,,,,,,,,,,,,,,,,,,,,,,,,,,,,,,
development,19584,2023-07-23T09:40:00+00:00,36,local_3_rolling_validation_blocks,1,3,branch1,14.0,3.0,all_1_6_24,0.21982721166559274,0.22088642648403384,0.16397871720974033,0.09163569309609891,0.10707100793544683,0.7217064307983613,"{'1': 0.18292034540693144, '6': 0.198170664392502, '24': 0.2078988914854029}",,,,,,,,,,,,,,,,,,,,,,,,,,,,,,,,,,,,,,,,,,,,,,,
development,19584,2023-07-23T09:40:00+00:00,36,local_3_rolling_validation_blocks,1,3,branch1,14.0,7.0,all_1_6_24,0.18758018829781195,0.17219226977493193,0.1412530315577949,0.07021800726451431,0.11031379334065788,0.7026223941570636,"{'1': 0.1689428451979648, '6': 0.1793522896583527, '24': 0.17983423231040752}",,,,,,,,,,,,,,,,,,,,,,,,,,,,,,,,,,,,,,,,,,,,,,,
development,19584,2023-07-23T09:40:00+00:00,36,local_3_rolling_validation_blocks,1,3,branch1,14.0,14.0,all_1_6_24,0.17226976186611184,0.14932332088050257,0.13082282822264524,0.060529954864905255,0.11232233556478793,0.6893519517993053,"{'1': 0.16230038062339336, '6': 0.17166933967755785, '24': 0.16146042315729656}",,,,,,,,,,,,,,,,,,,,,,,,,,,,,,,,,,,,,,,,,,,,,,,
development,19584,2023-07-23T09:40:00+00:00,36,local_3_rolling_validation_blocks,1,3,branch1,21.0,3.0,all_1_6_24,0.21228290023551932,0.21829168303122853,0.15723145873718397,0.09244939020521069,0.09617123444313938,0.7040430474325269,"{'1': 0.17753950326190981, '6': 0.18398412159678648, '24': 0.20343742845609414}",,,,,,,,,,,,,,,,,,,,,,,,,,,,,,,,,,,,,,,,,,,,,,,
development,19584,2023-07-23T09:40:00+00:00,36,local_3_rolling_validation_blocks,1,3,branch1,21.0,7.0,all_1_6_24,0.16267086353475532,0.15945435852343243,0.12255205850949845,0.06424087637572677,0.08564975849556447,0.6478716159046358,"{'1': 0.1476302114620878, '6': 0.15202468170144193, '24': 0.1574132080349706}",,,,,,,,,,,,,,,,,,,,,,,,,,,,,,,,,,,,,,,,,,,,,,,
development,19584,2023-07-23T09:40:00+00:00,36,local_3_rolling_validation_blocks,1,3,branch1,21.0,14.0,all_1_6_24,0.1409531353771541,0.1449299328822316,0.11380130898180543,0.046048208475782136,0.08267268508137926,0.6183579820397923,"{'1': 0.1292246470498282, '6': 0.13488760342218276, '24': 0.13924542377577684}",,,,,,,,,,,,,,,,,,,,,,,,,,,,,,,,,,,,,,,,,,,,,,,
development,19584,2023-07-23T09:40:00+00:00,36,local_3_rolling_validation_blocks,1,3,branch2,,,history_only,0.32504368240311515,0.45293928872973016,0.2529008027987376,0.19257757066768194,0.05286231686774501,0.6043571931184848,,7.0,0.0,,,,,,,,,,,,,,,,,,,,,,,,,,,,,,,,,,,,,,,,,,,,,
development,19584,2023-07-23T09:40:00+00:00,36,local_3_rolling_validation_blocks,1,3,branch2,,,history_only,0.3395894768401189,0.4142091682621652,0.292221967850251,0.12003310595568249,0.17023476743833688,0.6603647942474357,,14.0,0.0,,,,,,,,,,,,,,,,,,,,,,,,,,,,,,,,,,,,,,,,,,,,,
development,19584,2023-07-23T09:40:00+00:00,36,local_3_rolling_validation_blocks,1,3,branch2,,,history_only,0.34799229509901547,0.3603359006703858,0.31488385851744055,0.05974609529501549,0.2694318163644953,0.7416963048425728,,21.0,0.0,,,,,,,,,,,,,,,,,,,,,,,,,,,,,,,,,,,,,,,,,,,,,
development,19584,2023-07-23T09:40:00+00:00,36,local_3_rolling_validation_blocks,1,3,fusion,,,,0.34799229509901547,0.3603359006703858,0.31488385851744055,0.05974609529501549,0.2694318163644953,0.7416963048425728,,,,0.0,,,,,,,,,,,,,,,,,,,,,,,,,,,,,,,,,,,,,,,,,,,,
development,19584,2023-07-23T09:40:00+00:00,36,local_3_rolling_validation_blocks,1,3,fusion,,,,0.3923706781411922,0.4303009223089546,0.3644831601941704,0.06665892679171442,0.2986653980793862,0.8004383225843735,,,,0.1,,,,,,,,,,,,,,,,,,,,,,,,,,,,,,,,,,,,,,,,,,,,
development,19584,2023-07-23T09:40:00+00:00,36,local_3_rolling_validation_blocks,1,3,fusion,,,,0.39865423745500356,0.4288534926978115,0.3563831069981105,0.08411302797931854,0.28391272129840955,0.8110636768266634,,,,0.2,,,,,,,,,,,,,,,,,,,,,,,,,,,,,,,,,,,,,,,,,,,,
development,19584,2023-07-23T09:40:00+00:00,36,local_3_rolling_validation_blocks,1,3,fusion,,,,0.3939477513618899,0.42348811446042317,0.3432306994787147,0.09715249427131978,0.26297328449700624,0.8080615185386492,,,,0.3,,,,,,,,,,,,,,,,,,,,,,,,,,,,,,,,,,,,,,,,,,,,
development,19584,2023-07-23T09:40:00+00:00,36,local_3_rolling_validation_blocks,1,3,fusion,,,,0.3769567031365362,0.4150291342395676,0.32499705918111477,0.10393968872781738,0.23496498412266198,0.8029932248606079,,,,0.4,,,,,,,,,,,,,,,,,,,,,,,,,,,,,,,,,,,,,,,,,,,,
development,19584,2023-07-23T09:40:00+00:00,36,local_3_rolling_validation_blocks,1,3,fusion,,,,0.356451033956033,0.4028732392027913,0.3043592367686693,0.10907390362568709,0.20584523433454727,0.7952440674856783,,,,0.5,,,,,,,,,,,,,,,,,,,,,,,,,,,,,,,,,,,,,,,,,,,,
development,19584,2023-07-23T09:40:00+00:00,36,local_3_rolling_validation_blocks,1,3,fusion,,,,0.3374939876148706,0.3933326647425855,0.2841119778453136,0.11684198830735222,0.17489129094804168,0.7880800529727078,,,,0.6,,,,,,,,,,,,,,,,,,,,,,,,,,,,,,,,,,,,,,,,,,,,
development,19584,2023-07-23T09:40:00+00:00,36,local_3_rolling_validation_blocks,1,3,fusion,,,,0.31251033956140156,0.3747889039780261,0.26139529975277487,0.11746304770183512,0.14800169552752368,0.7781748288284419,,,,0.7,,,,,,,,,,,,,,,,,,,,,,,,,,,,,,,,,,,,,,,,,,,,
development,19584,2023-07-23T09:40:00+00:00,36,local_3_rolling_validation_blocks,1,3,fusion,,,,0.2871851516718185,0.34414909487839346,0.23909091890783862,0.10947263284714191,0.1340327429372838,0.7669071029364624,,,,0.8,,,,,,,,,,,,,,,,,,,,,,,,,,,,,,,,,,,,,,,,,,,,
development,19584,2023-07-23T09:40:00+00:00,36,local_3_rolling_validation_blocks,1,3,fusion,,,,0.25647110435282194,0.2999359717487464,0.21270851308459793,0.09435437714112559,0.12548105442044943,0.755324359643928,,,,0.9,,,,,,,,,,,,,,,,,,,,,,,,,,,,,,,,,,,,,,,,,,,,
development,19584,2023-07-23T09:40:00+00:00,36,local_3_rolling_validation_blocks,1,3,fusion,,,,0.22756523718096833,0.2522526154301562,0.18578011032047342,0.08023542200217125,0.11930760521079066,0.7413805084010017,,,,1.0,,,,,,,,,,,,,,,,,,,,,,,,,,,,,,,,,,,,,,,,,,,,
development,19872,2023-07-24T09:40:00+00:00,36,local_3_rolling_validation_blocks,1,3,branch1,7.0,3.0,all_1_6_24,0.24512489481317581,0.23506358087914656,0.17822044279848887,0.1053874105226785,0.1213773047178312,0.7518616164051074,"{'1': 0.16282502283024378, '6': 0.20912769584277704, '24': 0.2621593008888097}",,,,,,,,,,,,,,,,,,,,,,,,,,,,,,,,,,,,,,,,,,,,,,,
development,19872,2023-07-24T09:40:00+00:00,36,local_3_rolling_validation_blocks,1,3,branch1,7.0,7.0,all_1_6_24,0.23054848380177292,0.2102307847173005,0.16515580164346585,0.0995334541370508,0.12008081856963121,0.7485422035752163,"{'1': 0.16659125303772934, '6': 0.20335079598359654, '24': 0.25748389755321693}",,,,,,,,,,,,,,,,,,,,,,,,,,,,,,,,,,,,,,,,,,,,,,,
development,19872,2023-07-24T09:40:00+00:00,36,local_3_rolling_validation_blocks,1,3,branch1,7.0,14.0,all_1_6_24,0.22157118593686242,0.1915161762787721,0.15580076672865603,0.0974776371201865,0.12008535717853996,0.7472622457932762,"{'1': 0.16714633744936666, '6': 0.20398152593201654, '24': 0.2559095416580802}",,,,,,,,,,,,,,,,,,,,,,,,,,,,,,,,,,,,,,,,,,,,,,,
development,19872,2023-07-24T09:40:00+00:00,36,local_3_rolling_validation_blocks,1,3,branch1,14.0,3.0,all_1_6_24,0.2638983008228058,0.31997970336422427,0.21508483861427385,0.11000362093816644,0.11018997386432342,0.7314699329269706,"{'1': 0.1665223617228852, '6': 0.22321541092436212, '24': 0.25668125241832107}",,,,,,,,,,,,,,,,,,,,,,,,,,,,,,,,,,,,,,,,,,,,,,,
development,19872,2023-07-24T09:40:00+00:00,36,local_3_rolling_validation_blocks,1,3,branch1,14.0,7.0,all_1_6_24,0.24572174901878086,0.3001808687410018,0.20068421750297774,0.1032302324666951,0.10118756626495369,0.7036144092635226,"{'1': 0.16493683070124407, '6': 0.2137685828034689, '24': 0.23795439614299582}",,,,,,,,,,,,,,,,,,,,,,,,,,,,,,,,,,,,,,,,,,,,,,,
development,19872,2023-07-24T09:40:00+00:00,36,local_3_rolling_validation_blocks,1,3,branch1,14.0,14.0,all_1_6_24,0.23383012739542372,0.27111038714194796,0.1851146402657571,0.09836959062513859,0.09911889338956624,0.691583501730603,"{'1': 0.1632300286410352, '6': 0.2052455366660116, '24': 0.2281065367794187}",,,,,,,,,,,,,,,,,,,,,,,,,,,,,,,,,,,,,,,,,,,,,,,
development,19872,2023-07-24T09:40:00+00:00,36,local_3_rolling_validation_blocks,1,3,branch1,21.0,3.0,all_1_6_24,0.26138289262870806,0.3266319818383653,0.21563120240422265,0.11135775533591125,0.10463042297008002,0.72368941047843,"{'1': 0.16521498963679926, '6': 0.22139557908937887, '24': 0.2512280609280138}",,,,,,,,,,,,,,,,,,,,,,,,,,,,,,,,,,,,,,,,,,,,,,,
development,19872,2023-07-24T09:40:00+00:00,36,local_3_rolling_validation_blocks,1,3,branch1,21.0,7.0,all_1_6_24,0.23002015272554951,0.26288028405840663,0.17405467200994282,0.1073511200095929,0.08522905996147902,0.6661357197096277,"{'1': 0.16324323089526246, '6': 0.20007883364856027, '24': 0.2237733278320179}",,,,,,,,,,,,,,,,,,,,,,,,,,,,,,,,,,,,,,,,,,,,,,,
development,19872,2023-07-24T09:40:00+00:00,36,local_3_rolling_validation_blocks,1,3,branch1,21.0,14.0,all_1_6_24,0.21847708314836126,0.2278838233996923,0.15439952646051752,0.10868223316898455,0.08091522952134272,0.6465239060176108,"{'1': 0.16278660963549788, '6': 0.20409392177843785, '24': 0.21310799626658547}",,,,,,,,,,,,,,,,,,,,,,,,,,,,,,,,,,,,,,,,,,,,,,,
development,19872,2023-07-24T09:40:00+00:00,36,local_3_rolling_validation_blocks,1,3,branch2,,,history_only,0.23645785955539192,0.11181053690264524,0.08628738465988375,0.21339313623987466,0.060764232417122276,0.535309858901264,,7.0,0.0,,,,,,,,,,,,,,,,,,,,,,,,,,,,,,,,,,,,,,,,,,,,,
development,19872,2023-07-24T09:40:00+00:00,36,local_3_rolling_validation_blocks,1,3,branch2,,,history_only,0.31603218679277406,0.366415962763109,0.24011150594469932,0.14887279839625778,0.11380704912628961,0.6269881119901801,,14.0,0.0,,,,,,,,,,,,,,,,,,,,,,,,,,,,,,,,,,,,,,,,,,,,,
development,19872,2023-07-24T09:40:00+00:00,36,local_3_rolling_validation_blocks,1,3,branch2,,,history_only,0.3155615117410874,0.36500393760804883,0.2394054933671692,0.14871490980941807,0.11380704912628961,0.624789540138916,,21.0,0.0,,,,,,,,,,,,,,,,,,,,,,,,,,,,,,,,,,,,,,,,,,,,,
development,19872,2023-07-24T09:40:00+00:00,36,local_3_rolling_validation_blocks,1,3,fusion,,,,0.31603218679277406,0.366415962763109,0.24011150594469932,0.14887279839625778,0.11380704912628961,0.6269881119901801,,,,0.0,,,,,,,,,,,,,,,,,,,,,,,,,,,,,,,,,,,,,,,,,,,,
development,19872,2023-07-24T09:40:00+00:00,36,local_3_rolling_validation_blocks,1,3,fusion,,,,0.32914918945513566,0.33041610605475064,0.23684419288210312,0.15125329773117266,0.1432722797094556,0.722855927689082,,,,0.1,,,,,,,,,,,,,,,,,,,,,,,,,,,,,,,,,,,,,,,,,,,,
development,19872,2023-07-24T09:40:00+00:00,36,local_3_rolling_validation_blocks,1,3,fusion,,,,0.32839530589828664,0.2682540806677137,0.21814768868028836,0.16119193905555856,0.168041296692863,0.7532535687190677,,,,0.2,,,,,,,,,,,,,,,,,,,,,,,,,,,,,,,,,,,,,,,,,,,,
development,19872,2023-07-24T09:40:00+00:00,36,local_3_rolling_validation_blocks,1,3,fusion,,,,0.31402913130075466,0.19035567643633267,0.190135633924856,0.17521195639339665,0.1899155914133793,0.7604448018241667,,,,0.3,,,,,,,,,,,,,,,,,,,,,,,,,,,,,,,,,,,,,,,,,,,,
development,19872,2023-07-24T09:40:00+00:00,36,local_3_rolling_validation_blocks,1,3,fusion,,,,0.30793815170993954,0.22780822381230006,0.1887103324772152,0.17160898139631994,0.1496124411421303,0.7594865724110006,,,,0.4,,,,,,,,,,,,,,,,,,,,,,,,,,,,,,,,,,,,,,,,,,,,
development,19872,2023-07-24T09:40:00+00:00,36,local_3_rolling_validation_blocks,1,3,fusion,,,,0.30903123230025603,0.2642697030291564,0.19811276498359126,0.16590250073903615,0.1319558269380261,0.7555992409688103,,,,0.5,,,,,,,,,,,,,,,,,,,,,,,,,,,,,,,,,,,,,,,,,,,,
development,19872,2023-07-24T09:40:00+00:00,36,local_3_rolling_validation_blocks,1,3,fusion,,,,0.31468232973541294,0.298146036924385,0.2110174314567491,0.16295321884130254,0.12388882598911315,0.7523578815519937,,,,0.6,,,,,,,,,,,,,,,,,,,,,,,,,,,,,,,,,,,,,,,,,,,,
development,19872,2023-07-24T09:40:00+00:00,36,local_3_rolling_validation_blocks,1,3,fusion,,,,0.3113574231337957,0.32194388359725157,0.2203197510802939,0.1531688338807583,0.11869561856333624,0.7487434517117167,,,,0.7,,,,,,,,,,,,,,,,,,,,,,,,,,,,,,,,,,,,,,,,,,,,
development,19872,2023-07-24T09:40:00+00:00,36,local_3_rolling_validation_blocks,1,3,fusion,,,,0.2970206496910539,0.3240695995334557,0.21946922904013144,0.1390057697657899,0.11486885854680715,0.7439949199983694,,,,0.8,,,,,,,,,,,,,,,,,,,,,,,,,,,,,,,,,,,,,,,,,,,,
development,19872,2023-07-24T09:40:00+00:00,36,local_3_rolling_validation_blocks,1,3,fusion,,,,0.2839059638807289,0.3339381953961967,0.22303071193363538,0.12494761245381915,0.11212322847107406,0.7387037325262987,,,,0.9,,,,,,,,,,,,,,,,,,,,,,,,,,,,,,,,,,,,,,,,,,,,
development,19872,2023-07-24T09:40:00+00:00,36,local_3_rolling_validation_blocks,1,3,fusion,,,,0.26432422162800245,0.3252735425168498,0.21771168330168184,0.10981117048670944,0.11014982408651387,0.7308820690623024,,,,1.0,,,,,,,,,,,,,,,,,,,,,,,,,,,,,,,,,,,,,,,,,,,,
development,20160,2023-07-25T09:40:00+00:00,36,local_3_rolling_validation_blocks,1,3,branch1,7.0,3.0,all_1_6_24,0.32737775720114737,0.3721341996706188,0.2752378967629575,0.10814986101613815,0.17834159385529624,0.7910723231170028,"{'1': 0.2095078224011971, '6': 0.2701969537387052, '24': 0.3084610140012622}",,,,,,,,,,,,,,,,,,,,,,,,,,,,,,,,,,,,,,,,,,,,,,,
development,20160,2023-07-25T09:40:00+00:00,36,local_3_rolling_validation_blocks,1,3,branch1,7.0,7.0,all_1_6_24,0.30400371294525635,0.30874816943745,0.23876238044843268,0.10852743142726191,0.1687765914594154,0.7884247363291342,"{'1': 0.19025798778827352, '6': 0.25421950106141583, '24': 0.30176235500485615}",,,,,,,,,,,,,,,,,,,,,,,,,,,,,,,,,,,,,,,,,,,,,,,
development,20160,2023-07-25T09:40:00+00:00,36,local_3_rolling_validation_blocks,1,3,branch1,7.0,14.0,all_1_6_24,0.2817931151813433,0.2483165214776139,0.20641548074389515,0.1119555284766396,0.16451444001017637,0.7850653361276768,"{'1': 0.18863061181412577, '6': 0.23902596255868302, '24': 0.29954794996823036}",,,,,,,,,,,,,,,,,,,,,,,,,,,,,,,,,,,,,,,,,,,,,,,
development,20160,2023-07-25T09:40:00+00:00,36,local_3_rolling_validation_blocks,1,3,branch1,14.0,3.0,all_1_6_24,0.332276674631007,0.39678672122931957,0.2836418998183561,0.11517457640570573,0.1704970784073926,0.784438405938,"{'1': 0.21923949045350621, '6': 0.28151309491009774, '24': 0.29876068510129555}",,,,,,,,,,,,,,,,,,,,,,,,,,,,,,,,,,,,,,,,,,,,,,,
development,20160,2023-07-25T09:40:00+00:00,36,local_3_rolling_validation_blocks,1,3,branch1,14.0,7.0,all_1_6_24,0.3052540881371045,0.37022108801967263,0.26059098081790544,0.10955406540848478,0.15096087361613825,0.7630038207319311,"{'1': 0.183346916442053, '6': 0.26099823785105714, '24': 0.2795084060171135}",,,,,,,,,,,,,,,,,,,,,,,,,,,,,,,,,,,,,,,,,,,,,,,
development,20160,2023-07-25T09:40:00+00:00,36,local_3_rolling_validation_blocks,1,3,branch1,14.0,14.0,all_1_6_24,0.28462847147431786,0.3276663067823591,0.23452630243125283,0.10394146570380745,0.14138629808014658,0.7477476171320125,"{'1': 0.17512098561438547, '6': 0.24823997554541877, '24': 0.2688539357333701}",,,,,,,,,,,,,,,,,,,,,,,,,,,,,,,,,,,,,,,,,,,,,,,
development,20160,2023-07-25T09:40:00+00:00,36,local_3_rolling_validation_blocks,1,3,branch1,21.0,3.0,all_1_6_24,0.329481295989732,0.3962240579972476,0.2813572716173177,0.11587966108178097,0.1664904852373878,0.7801939016752611,"{'1': 0.2147017470886374, '6': 0.27501846859987095, '24': 0.29383221081185107}",,,,,,,,,,,,,,,,,,,,,,,,,,,,,,,,,,,,,,,,,,,,,,,
development,20160,2023-07-25T09:40:00+00:00,36,local_3_rolling_validation_blocks,1,3,branch1,21.0,7.0,all_1_6_24,0.2841705737302315,0.3177916649101846,0.22482284759943438,0.1131655388736576,0.13185403028868414,0.7378547366031748,"{'1': 0.2005769490604081, '6': 0.2506198947256995, '24': 0.2640094240933095}",,,,,,,,,,,,,,,,,,,,,,,,,,,,,,,,,,,,,,,,,,,,,,,
development,20160,2023-07-25T09:40:00+00:00,36,local_3_rolling_validation_blocks,1,3,branch1,21.0,14.0,all_1_6_24,0.25957104494493244,0.26816819151487953,0.1878587520207865,0.12076855258764155,0.10754931252669347,0.7015921016328468,"{'1': 0.1932986394388332, '6': 0.24192875244791603, '24': 0.24638669098754332}",,,,,,,,,,,,,,,,,,,,,,,,,,,,,,,,,,,,,,,,,,,,,,,
development,20160,2023-07-25T09:40:00+00:00,36,local_3_rolling_validation_blocks,1,3,branch2,,,history_only,0.35284069851182726,0.34786347764710995,0.2244673035018403,0.20763076431148983,0.10107112935657064,0.7017901173911052,,7.0,0.0,,,,,,,,,,,,,,,,,,,,,,,,,,,,,,,,,,,,,,,,,,,,,
development,20160,2023-07-25T09:40:00+00:00,36,local_3_rolling_validation_blocks,1,3,branch2,,,history_only,0.3334195984737422,0.33851034393426166,0.21966597354784592,0.18787166883077047,0.1008216031614302,0.6971412185835173,,14.0,0.0,,,,,,,,,,,,,,,,,,,,,,,,,,,,,,,,,,,,,,,,,,,,,
development,20160,2023-07-25T09:40:00+00:00,36,local_3_rolling_validation_blocks,1,3,branch2,,,history_only,0.313550919211014,0.2789043061460771,0.18986295465375364,0.1894280866266207,0.1008216031614302,0.6794265964123061,,21.0,0.0,,,,,,,,,,,,,,,,,,,,,,,,,,,,,,,,,,,,,,,,,,,,,
development,20160,2023-07-25T09:40:00+00:00,36,local_3_rolling_validation_blocks,1,3,fusion,,,,0.35284069851182726,0.34786347764710995,0.2244673035018403,0.20763076431148983,0.10107112935657064,0.7017901173911052,,,,0.0,,,,,,,,,,,,,,,,,,,,,,,,,,,,,,,,,,,,,,,,,,,,
development,20160,2023-07-25T09:40:00+00:00,36,local_3_rolling_validation_blocks,1,3,fusion,,,,0.37475326306933127,0.3574481200042925,0.23317771816115349,0.22446089120735138,0.10890731631801448,0.7351994628866142,,,,0.1,,,,,,,,,,,,,,,,,,,,,,,,,,,,,,,,,,,,,,,,,,,,
development,20160,2023-07-25T09:40:00+00:00,36,local_3_rolling_validation_blocks,1,3,fusion,,,,0.39006081044862956,0.3487329085498887,0.23656203442514415,0.23560974473909702,0.1243911603003996,0.7524508981520763,,,,0.2,,,,,,,,,,,,,,,,,,,,,,,,,,,,,,,,,,,,,,,,,,,,
development,20160,2023-07-25T09:40:00+00:00,36,local_3_rolling_validation_blocks,1,3,fusion,,,,0.3901629963285755,0.3258524082104751,0.23003149104352158,0.23959402485772727,0.13421057387656804,0.7654460656337893,,,,0.3,,,,,,,,,,,,,,,,,,,,,,,,,,,,,,,,,,,,,,,,,,,,
development,20160,2023-07-25T09:40:00+00:00,36,local_3_rolling_validation_blocks,1,3,fusion,,,,0.3865471686237038,0.3020664237354902,0.22700861978717563,0.23379666326124718,0.15195081583886103,0.781415553628151,,,,0.4,,,,,,,,,,,,,,,,,,,,,,,,,,,,,,,,,,,,,,,,,,,,
development,20160,2023-07-25T09:40:00+00:00,36,local_3_rolling_validation_blocks,1,3,fusion,,,,0.3836882012392718,0.2793837113414814,0.22769973503537377,0.22460103616968488,0.17601575872926617,0.7938543548592695,,,,0.5,,,,,,,,,,,,,,,,,,,,,,,,,,,,,,,,,,,,,,,,,,,,
development,20160,2023-07-25T09:40:00+00:00,36,local_3_rolling_validation_blocks,1,3,fusion,,,,0.38249625442862917,0.25284777936418257,0.22637515380321976,0.22184408050935012,0.199902528242257,0.799044647217355,,,,0.6,,,,,,,,,,,,,,,,,,,,,,,,,,,,,,,,,,,,,,,,,,,,
development,20160,2023-07-25T09:40:00+00:00,36,local_3_rolling_validation_blocks,1,3,fusion,,,,0.39082494170028,0.252684050840434,0.24110113063285116,0.21195254632771088,0.2295182104252683,0.8016422290985495,,,,0.7,,,,,,,,,,,,,,,,,,,,,,,,,,,,,,,,,,,,,,,,,,,,
development,20160,2023-07-25T09:40:00+00:00,36,local_3_rolling_validation_blocks,1,3,fusion,,,,0.4034552120459223,0.33968568019931095,0.2730011360165154,0.19235665882404668,0.2063165918337198,0.803609084922988,,,,0.8,,,,,,,,,,,,,,,,,,,,,,,,,,,,,,,,,,,,,,,,,,,,
development,20160,2023-07-25T09:40:00+00:00,36,local_3_rolling_validation_blocks,1,3,fusion,,,,0.37742978301766655,0.36765992282869037,0.27721461963256,0.15981153439213067,0.18676931643642966,0.799903272413952,,,,0.9,,,,,,,,,,,,,,,,,,,,,,,,,,,,,,,,,,,,,,,,,,,,
development,20160,2023-07-25T09:40:00+00:00,36,local_3_rolling_validation_blocks,1,3,fusion,,,,0.3348256971452627,0.40037047745383103,0.2852591234672748,0.11724947617550217,0.17014776948071855,0.7841760954409694,,,,1.0,,,,,,,,,,,,,,,,,,,,,,,,,,,,,,,,,,,,,,,,,,,,
development,20448,2023-07-26T09:40:00+00:00,36,local_3_rolling_validation_blocks,1,3,branch1,7.0,3.0,all_1_6_24,0.240790970401221,0.24238931216296714,0.19409802575581675,0.07691008421888415,0.1458067393486664,0.707906062752183,"{'1': 0.19461234482500753, '6': 0.2086599348574983, '24': 0.2375806077496844}",,,,,,,,,,,,,,,,,,,,,,,,,,,,,,,,,,,,,,,,,,,,,,,
development,20448,2023-07-26T09:40:00+00:00,36,local_3_rolling_validation_blocks,1,3,branch1,7.0,7.0,all_1_6_24,0.2358396604949218,0.24787832902901613,0.19440826417341947,0.07306950863896607,0.1409381993178228,0.7025271305428845,"{'1': 0.19883386042749382, '6': 0.1967250850635304, '24': 0.22520091038973633}",,,,,,,,,,,,,,,,,,,,,,,,,,,,,,,,,,,,,,,,,,,,,,,
development,20448,2023-07-26T09:40:00+00:00,36,local_3_rolling_validation_blocks,1,3,branch1,7.0,14.0,all_1_6_24,0.23284684274665265,0.24810377342053713,0.19347844362126534,0.07133741049765589,0.13885311382199356,0.700535692315532,"{'1': 0.20035267438327584, '6': 0.19546893888208328, '24': 0.22010380662736828}",,,,,,,,,,,,,,,,,,,,,,,,,,,,,,,,,,,,,,,,,,,,,,,
development,20448,2023-07-26T09:40:00+00:00,36,local_3_rolling_validation_blocks,1,3,branch1,14.0,3.0,all_1_6_24,0.23073728240315158,0.2184261190757908,0.18155869340881134,0.07578393814757403,0.14469126774183189,0.7042052193064201,"{'1': 0.17940893987785447, '6': 0.20049946081797546, '24': 0.22890313638025903}",,,,,,,,,,,,,,,,,,,,,,,,,,,,,,,,,,,,,,,,,,,,,,,
development,20448,2023-07-26T09:40:00+00:00,36,local_3_rolling_validation_blocks,1,3,branch1,14.0,7.0,all_1_6_24,0.20074777711300099,0.17152803357878774,0.16089194492525277,0.05702974931255728,0.15025585627171784,0.6820493273013962,"{'1': 0.16549059592908785, '6': 0.18364018964678377, '24': 0.20033511235961185}",,,,,,,,,,,,,,,,,,,,,,,,,,,,,,,,,,,,,,,,,,,,,,,
development,20448,2023-07-26T09:40:00+00:00,36,local_3_rolling_validation_blocks,1,3,branch1,14.0,14.0,all_1_6_24,0.18715011125556447,0.1561055936738807,0.1528152909690899,0.04863103086303827,0.14952498826429914,0.6668009029878034,"{'1': 0.15913541957336527, '6': 0.1767234341588726, '24': 0.18161498445335345}",,,,,,,,,,,,,,,,,,,,,,,,,,,,,,,,,,,,,,,,,,,,,,,
development,20448,2023-07-26T09:40:00+00:00,36,local_3_rolling_validation_blocks,1,3,branch1,21.0,3.0,all_1_6_24,0.22873926636592734,0.2188875901032573,0.1825264261675915,0.07178214281350272,0.14616526223192566,0.6995195988503866,"{'1': 0.17736148141472538, '6': 0.18917386954408202, '24': 0.22491619112181796}",,,,,,,,,,,,,,,,,,,,,,,,,,,,,,,,,,,,,,,,,,,,,,,
development,20448,2023-07-26T09:40:00+00:00,36,local_3_rolling_validation_blocks,1,3,branch1,21.0,7.0,all_1_6_24,0.18527192414678073,0.16109069532027992,0.15642128449131198,0.04097870685350951,0.15175187366234405,0.6552311942123606,"{'1': 0.1512268984049984, '6': 0.16094053066534827, '24': 0.18376271954857668}",,,,,,,,,,,,,,,,,,,,,,,,,,,,,,,,,,,,,,,,,,,,,,,
development,20448,2023-07-26T09:40:00+00:00,36,local_3_rolling_validation_blocks,1,3,branch1,21.0,14.0,all_1_6_24,0.1645028055416235,0.15184655031999977,0.14905045701249892,0.021971851127914666,0.14625436370499803,0.6260254405725086,"{'1': 0.13426687692860384, '6': 0.1450922105042953, '24': 0.1659513718355756}",,,,,,,,,,,,,,,,,,,,,,,,,,,,,,,,,,,,,,,,,,,,,,,
development,20448,2023-07-26T09:40:00+00:00,36,local_3_rolling_validation_blocks,1,3,branch2,,,history_only,0.3368584490318973,0.45498674945030376,0.27590945328831856,0.16973119581098364,0.09683215712633333,0.7270637016104701,,7.0,0.0,,,,,,,,,,,,,,,,,,,,,,,,,,,,,,,,,,,,,,,,,,,,,
development,20448,2023-07-26T09:40:00+00:00,36,local_3_rolling_validation_blocks,1,3,branch2,,,history_only,0.3150276162371611,0.41316912737706935,0.2550006422517013,0.15454661110143425,0.09683215712633333,0.7226739553882208,,14.0,0.0,,,,,,,,,,,,,,,,,,,,,,,,,,,,,,,,,,,,,,,,,,,,,
development,20448,2023-07-26T09:40:00+00:00,36,local_3_rolling_validation_blocks,1,3,branch2,,,history_only,0.29026993250209154,0.360808513002872,0.22882033506460264,0.13844141526569417,0.09683215712633333,0.7072007903486833,,21.0,0.0,,,,,,,,,,,,,,,,,,,,,,,,,,,,,,,,,,,,,,,,,,,,,
development,20448,2023-07-26T09:40:00+00:00,36,local_3_rolling_validation_blocks,1,3,fusion,,,,0.3368584490318973,0.45498674945030376,0.27590945328831856,0.16973119581098364,0.09683215712633333,0.7270637016104701,,,,0.0,,,,,,,,,,,,,,,,,,,,,,,,,,,,,,,,,,,,,,,,,,,,
development,20448,2023-07-26T09:40:00+00:00,36,local_3_rolling_validation_blocks,1,3,fusion,,,,0.3797663613973996,0.4925841416470131,0.29978098725717484,0.19384880116855166,0.10697783286733656,0.7574682600209993,,,,0.1,,,,,,,,,,,,,,,,,,,,,,,,,,,,,,,,,,,,,,,,,,,,
development,20448,2023-07-26T09:40:00+00:00,36,local_3_rolling_validation_blocks,1,3,fusion,,,,0.3963116005238075,0.5152163849694951,0.3110822619876364,0.20569048042712523,0.1069481390057777,0.7613066497915438,,,,0.2,,,,,,,,,,,,,,,,,,,,,,,,,,,,,,,,,,,,,,,,,,,,
development,20448,2023-07-26T09:40:00+00:00,36,local_3_rolling_validation_blocks,1,3,fusion,,,,0.3917585817741666,0.5185056371325777,0.3094997129277643,0.20653174229704105,0.10049378872295087,0.7592306214424248,,,,0.3,,,,,,,,,,,,,,,,,,,,,,,,,,,,,,,,,,,,,,,,,,,,
development,20448,2023-07-26T09:40:00+00:00,36,local_3_rolling_validation_blocks,1,3,fusion,,,,0.38354265937550086,0.507719984929546,0.30218034717897907,0.20347976185119257,0.09664070942841221,0.7558365665067268,,,,0.4,,,,,,,,,,,,,,,,,,,,,,,,,,,,,,,,,,,,,,,,,,,,
development,20448,2023-07-26T09:40:00+00:00,36,local_3_rolling_validation_blocks,1,3,fusion,,,,0.3778114112788093,0.49755503268988416,0.29759916956468596,0.19880368601639464,0.09764330643948775,0.7539826221574059,,,,0.5,,,,,,,,,,,,,,,,,,,,,,,,,,,,,,,,,,,,,,,,,,,,
development,20448,2023-07-26T09:40:00+00:00,36,local_3_rolling_validation_blocks,1,3,fusion,,,,0.36547230087314087,0.4746253711258231,0.2875538092344664,0.18834302621583887,0.10048224734310966,0.7486427607927193,,,,0.6,,,,,,,,,,,,,,,,,,,,,,,,,,,,,,,,,,,,,,,,,,,,
development,20448,2023-07-26T09:40:00+00:00,36,local_3_rolling_validation_blocks,1,3,fusion,,,,0.34811664153100974,0.4484863750299153,0.2784126602318181,0.17029582788410422,0.10833894543372097,0.7403720884564607,,,,0.7,,,,,,,,,,,,,,,,,,,,,,,,,,,,,,,,,,,,,,,,,,,,
development,20448,2023-07-26T09:40:00+00:00,36,local_3_rolling_validation_blocks,1,3,fusion,,,,0.3281819272923418,0.4251968555378917,0.2733166616286956,0.14628325361189376,0.12143646771949945,0.7315899967652562,,,,0.8,,,,,,,,,,,,,,,,,,,,,,,,,,,,,,,,,,,,,,,,,,,,
development,20448,2023-07-26T09:40:00+00:00,36,local_3_rolling_validation_blocks,1,3,fusion,,,,0.2951582424519586,0.3681898641381397,0.2515891201821326,0.11340352357013567,0.13498837622612544,0.7235164242024648,,,,0.9,,,,,,,,,,,,,,,,,,,,,,,,,,,,,,,,,,,,,,,,,,,,
development,20448,2023-07-26T09:40:00+00:00,36,local_3_rolling_validation_blocks,1,3,fusion,,,,0.24188605047158998,0.24749465936573284,0.19686305640522372,0.07591560754087745,0.14623145344471464,0.7088700254128044,,,,1.0,,,,,,,,,,,,,,,,,,,,,,,,,,,,,,,,,,,,,,,,,,,,
development,20736,2023-07-27T09:40:00+00:00,36,local_3_rolling_validation_blocks,1,3,branch1,7.0,3.0,all_1_6_24,0.2593152773114376,0.2333424929416736,0.19910416449671364,0.08962290426696076,0.16486583605175364,0.7106289582019741,"{'1': 0.1816840707088383, '6': 0.22875637092157772, '24': 0.2760113586902654}",,,,,,,,,,,,,,,,,,,,,,,,,,,,,,,,,,,,,,,,,,,,,,,
development,20736,2023-07-27T09:40:00+00:00,36,local_3_rolling_validation_blocks,1,3,branch1,7.0,7.0,all_1_6_24,0.24665373859785736,0.21637083232235477,0.18853166156367157,0.0852820690213154,0.16069249080498837,0.7064445777498537,"{'1': 0.18566839853195136, '6': 0.22459594988259143, '24': 0.26920996787451107}",,,,,,,,,,,,,,,,,,,,,,,,,,,,,,,,,,,,,,,,,,,,,,,
development,20736,2023-07-27T09:40:00+00:00,36,local_3_rolling_validation_blocks,1,3,branch1,7.0,14.0,all_1_6_24,0.240239505579992,0.20635222958605373,0.18292623119412155,0.08327949592846581,0.1595002328021894,0.7056953650938134,"{'1': 0.18607369369418572, '6': 0.22518547946965997, '24': 0.2664178601636721}",,,,,,,,,,,,,,,,,,,,,,,,,,,,,,,,,,,,,,,,,,,,,,,
development,20736,2023-07-27T09:40:00+00:00,36,local_3_rolling_validation_blocks,1,3,branch1,14.0,3.0,all_1_6_24,0.281080953389882,0.3113456134025486,0.23825046060244728,0.08503432522659561,0.16515530780234594,0.7076252770206738,"{'1': 0.18604148711082655, '6': 0.2516863772790028, '24': 0.27398597854725065}",,,,,,,,,,,,,,,,,,,,,,,,,,,,,,,,,,,,,,,,,,,,,,,
development,20736,2023-07-27T09:40:00+00:00,36,local_3_rolling_validation_blocks,1,3,branch1,14.0,7.0,all_1_6_24,0.26453663513200626,0.30371290854422683,0.23318388723160116,0.07267887015282076,0.1626548659189755,0.689119490601327,"{'1': 0.18420236982442204, '6': 0.23992147827646937, '24': 0.25599344069006524}",,,,,,,,,,,,,,,,,,,,,,,,,,,,,,,,,,,,,,,,,,,,,,,
development,20736,2023-07-27T09:40:00+00:00,36,local_3_rolling_validation_blocks,1,3,branch1,14.0,14.0,all_1_6_24,0.2557018177935055,0.2742051443384352,0.21990612711118168,0.06729228626481827,0.16560710988392816,0.6806012974221106,"{'1': 0.18228154140816236, '6': 0.2317846143510461, '24': 0.24748967485434736}",,,,,,,,,,,,,,,,,,,,,,,,,,,,,,,,,,,,,,,,,,,,,,,
development,20736,2023-07-27T09:40:00+00:00,36,local_3_rolling_validation_blocks,1,3,branch1,21.0,3.0,all_1_6_24,0.2799674587123575,0.31547153532870825,0.24298435897173765,0.0789837102845917,0.17049718261476704,0.7031114617727922,"{'1': 0.18437593823920248, '6': 0.24611747979055285, '24': 0.270011823049739}",,,,,,,,,,,,,,,,,,,,,,,,,,,,,,,,,,,,,,,,,,,,,,,
development,20736,2023-07-27T09:40:00+00:00,36,local_3_rolling_validation_blocks,1,3,branch1,21.0,7.0,all_1_6_24,0.2574538694204709,0.26398809619685165,0.2190630096707457,0.06552270719044562,0.17413792314463977,0.6714599425173917,"{'1': 0.18571164505600238, '6': 0.22897129123539042, '24': 0.248428251702091}",,,,,,,,,,,,,,,,,,,,,,,,,,,,,,,,,,,,,,,,,,,,,,,
development,20736,2023-07-27T09:40:00+00:00,36,local_3_rolling_validation_blocks,1,3,branch1,21.0,14.0,all_1_6_24,0.24636155470733132,0.22764813977523105,0.19674963300088744,0.07455980171246482,0.16585112622654383,0.6554514566018687,"{'1': 0.18321215285012546, '6': 0.22900458231596924, '24': 0.23655985323029063}",,,,,,,,,,,,,,,,,,,,,,,,,,,,,,,,,,,,,,,,,,,,,,,
development,20736,2023-07-27T09:40:00+00:00,36,local_3_rolling_validation_blocks,1,3,branch2,,,history_only,0.283524710821416,0.20828524775384666,0.1580741725715368,0.18208910769641837,0.10786309738922696,0.6563657247794502,,7.0,0.0,,,,,,,,,,,,,,,,,,,,,,,,,,,,,,,,,,,,,,,,,,,,,
development,20736,2023-07-27T09:40:00+00:00,36,local_3_rolling_validation_blocks,1,3,branch2,,,history_only,0.26048633655661896,0.2041096181888694,0.15713431437252587,0.15111055696026357,0.11015901055618232,0.651892552329377,,14.0,0.0,,,,,,,,,,,,,,,,,,,,,,,,,,,,,,,,,,,,,,,,,,,,,
development,20736,2023-07-27T09:40:00+00:00,36,local_3_rolling_validation_blocks,1,3,branch2,,,history_only,0.2601631962188566,0.2031401971755822,0.15664960386588228,0.15123175740507488,0.11015901055618232,0.6517660860436502,,21.0,0.0,,,,,,,,,,,,,,,,,,,,,,,,,,,,,,,,,,,,,,,,,,,,,
development,20736,2023-07-27T09:40:00+00:00,36,local_3_rolling_validation_blocks,1,3,fusion,,,,0.283524710821416,0.20828524775384666,0.1580741725715368,0.18208910769641837,0.10786309738922696,0.6563657247794502,,,,0.0,,,,,,,,,,,,,,,,,,,,,,,,,,,,,,,,,,,,,,,,,,,,
development,20736,2023-07-27T09:40:00+00:00,36,local_3_rolling_validation_blocks,1,3,fusion,,,,0.3144283655603786,0.21973399378852881,0.17015556396078907,0.20800952630166994,0.1205771341330493,0.6894773218058307,,,,0.1,,,,,,,,,,,,,,,,,,,,,,,,,,,,,,,,,,,,,,,,,,,,
development,20736,2023-07-27T09:40:00+00:00,36,local_3_rolling_validation_blocks,1,3,fusion,,,,0.32501543311627584,0.21610130621846263,0.17368209537510165,0.21680210144157794,0.1312628845317407,0.6963401392218849,,,,0.2,,,,,,,,,,,,,,,,,,,,,,,,,,,,,,,,,,,,,,,,,,,,
development,20736,2023-07-27T09:40:00+00:00,36,local_3_rolling_validation_blocks,1,3,fusion,,,,0.3232771976382975,0.20901834537581837,0.17280229768820116,0.21484830098635685,0.13658625000058394,0.6971896517922479,,,,0.3,,,,,,,,,,,,,,,,,,,,,,,,,,,,,,,,,,,,,,,,,,,,
development,20736,2023-07-27T09:40:00+00:00,36,local_3_rolling_validation_blocks,1,3,fusion,,,,0.3222357499084546,0.1970253095658127,0.17371586312338877,0.2108993450367553,0.15040641668096486,0.6965734763448598,,,,0.4,,,,,,,,,,,,,,,,,,,,,,,,,,,,,,,,,,,,,,,,,,,,
development,20736,2023-07-27T09:40:00+00:00,36,local_3_rolling_validation_blocks,1,3,fusion,,,,0.3265535517266336,0.19423618691183864,0.1811704545148201,0.2058793307219374,0.1681047221178016,0.7067990736108142,,,,0.5,,,,,,,,,,,,,,,,,,,,,,,,,,,,,,,,,,,,,,,,,,,,
development,20736,2023-07-27T09:40:00+00:00,36,local_3_rolling_validation_blocks,1,3,fusion,,,,0.3258178827669383,0.1910305267504797,0.18781480307623108,0.1951834878451696,0.18459907940198245,0.7136701471397405,,,,0.6,,,,,,,,,,,,,,,,,,,,,,,,,,,,,,,,,,,,,,,,,,,,
development,20736,2023-07-27T09:40:00+00:00,36,local_3_rolling_validation_blocks,1,3,fusion,,,,0.3266440444688205,0.22316549588297727,0.20572762436487685,0.17159335906990872,0.1882897528467764,0.7174055460510322,,,,0.7,,,,,,,,,,,,,,,,,,,,,,,,,,,,,,,,,,,,,,,,,,,,
development,20736,2023-07-27T09:40:00+00:00,36,local_3_rolling_validation_blocks,1,3,fusion,,,,0.3316464211766356,0.29577009363480466,0.23965900253863648,0.13792149967052522,0.18354791144246832,0.719719628573098,,,,0.8,,,,,,,,,,,,,,,,,,,,,,,,,,,,,,,,,,,,,,,,,,,,
development,20736,2023-07-27T09:40:00+00:00,36,local_3_rolling_validation_blocks,1,3,fusion,,,,0.31049230899229524,0.31396123021709843,0.24354432310262825,0.1107689464655056,0.17312741598815806,0.717481657416377,,,,0.9,,,,,,,,,,,,,,,,,,,,,,,,,,,,,,,,,,,,,,,,,,,,
development,20736,2023-07-27T09:40:00+00:00,36,local_3_rolling_validation_blocks,1,3,fusion,,,,0.2824420122062928,0.3178430131412158,0.24180683449481905,0.08459768896006527,0.16577065584842227,0.707773957400013,,,,1.0,,,,,,,,,,,,,,,,,,,,,,,,,,,,,,,,,,,,,,,,,,,,
development,21024,2023-07-28T09:40:00+00:00,36,local_3_rolling_validation_blocks,1,3,branch1,7.0,3.0,all_1_6_24,0.3303401365898177,0.37950498093920204,0.28353513368825145,0.10257464427176163,0.18756528643730086,0.7228700274186642,"{'1': 0.2075160593519921, '6': 0.2732919232855622, '24': 0.31382041684264556}",,,,,,,,,,,,,,,,,,,,,,,,,,,,,,,,,,,,,,,,,,,,,,,
development,21024,2023-07-28T09:40:00+00:00,36,local_3_rolling_validation_blocks,1,3,branch1,7.0,7.0,all_1_6_24,0.30408518549333713,0.30504889020154197,0.24193596390372873,0.10188496355680078,0.1788230376059155,0.7192797248729632,"{'1': 0.18638229244593374, '6': 0.2611514665233635, '24': 0.3087830257118999}",,,,,,,,,,,,,,,,,,,,,,,,,,,,,,,,,,,,,,,,,,,,,,,
development,21024,2023-07-28T09:40:00+00:00,36,local_3_rolling_validation_blocks,1,3,branch1,7.0,14.0,all_1_6_24,0.28405018348104466,0.25209672533666844,0.2139081586078354,0.10398101618001963,0.1757195918790024,0.7142162562453845,"{'1': 0.18641243795324947, '6': 0.24076873094543438, '24': 0.3077379704933691}",,,,,,,,,,,,,,,,,,,,,,,,,,,,,,,,,,,,,,,,,,,,,,,
development,21024,2023-07-28T09:40:00+00:00,36,local_3_rolling_validation_blocks,1,3,branch1,14.0,3.0,all_1_6_24,0.33986017949585684,0.40449133643122687,0.29559617718439746,0.10873840600045286,0.18670101793756805,0.7158148708730477,"{'1': 0.21493679238865862, '6': 0.2791615449313714, '24': 0.3080851772968903}",,,,,,,,,,,,,,,,,,,,,,,,,,,,,,,,,,,,,,,,,,,,,,,
development,21024,2023-07-28T09:40:00+00:00,36,local_3_rolling_validation_blocks,1,3,branch1,14.0,7.0,all_1_6_24,0.31374161976844134,0.37058788614568194,0.272338919741845,0.09931569230791021,0.17408995333800809,0.6972599025128302,"{'1': 0.1865178046757688, '6': 0.2648910182006294, '24': 0.2883893410659337}",,,,,,,,,,,,,,,,,,,,,,,,,,,,,,,,,,,,,,,,,,,,,,,
development,21024,2023-07-28T09:40:00+00:00,36,local_3_rolling_validation_blocks,1,3,branch1,14.0,14.0,all_1_6_24,0.29518872403581703,0.32965759658612576,0.25052394735137085,0.09035840219195097,0.171390298116616,0.687383816373717,"{'1': 0.18057767660387744, '6': 0.25372732369133694, '24': 0.280825933796909}",,,,,,,,,,,,,,,,,,,,,,,,,,,,,,,,,,,,,,,,,,,,,,,
development,21024,2023-07-28T09:40:00+00:00,36,local_3_rolling_validation_blocks,1,3,branch1,21.0,3.0,all_1_6_24,0.33694867872155526,0.4040693670307125,0.2941481929683659,0.1082537428124977,0.1842270189060193,0.7105010852576727,"{'1': 0.21613788052534313, '6': 0.27761150112852134, '24': 0.30342076387623645}",,,,,,,,,,,,,,,,,,,,,,,,,,,,,,,,,,,,,,,,,,,,,,,
development,21024,2023-07-28T09:40:00+00:00,36,local_3_rolling_validation_blocks,1,3,branch1,21.0,7.0,all_1_6_24,0.2997683054140513,0.3190447565445086,0.24927411475906971,0.09134890010232535,0.17950347297363084,0.6790808000701093,"{'1': 0.20990578016438236, '6': 0.25912108107057835, '24': 0.2831978874426652}",,,,,,,,,,,,,,,,,,,,,,,,,,,,,,,,,,,,,,,,,,,,,,,
development,21024,2023-07-28T09:40:00+00:00,36,local_3_rolling_validation_blocks,1,3,branch1,21.0,14.0,all_1_6_24,0.28069942780178825,0.27009408875300295,0.21888137468931307,0.09690943247389855,0.1676686606256232,0.6647809143591717,"{'1': 0.20498150186033845, '6': 0.256585908455728, '24': 0.27145014306866594}",,,,,,,,,,,,,,,,,,,,,,,,,,,,,,,,,,,,,,,,,,,,,,,
development,21024,2023-07-28T09:40:00+00:00,36,local_3_rolling_validation_blocks,1,3,branch2,,,history_only,0.3217928328082724,0.25180993139784724,0.17616560576267856,0.21500997150793769,0.10052128012750988,0.6858501470749485,,7.0,0.0,,,,,,,,,,,,,,,,,,,,,,,,,,,,,,,,,,,,,,,,,,,,,
development,21024,2023-07-28T09:40:00+00:00,36,local_3_rolling_validation_blocks,1,3,branch2,,,history_only,0.3054589753793988,0.2530389245786794,0.17698274140712508,0.19201210219796094,0.10092655823557077,0.6825494903713296,,14.0,0.0,,,,,,,,,,,,,,,,,,,,,,,,,,,,,,,,,,,,,,,,,,,,,
development,21024,2023-07-28T09:40:00+00:00,36,local_3_rolling_validation_blocks,1,3,branch2,,,history_only,0.30504931098578814,0.25180993139784724,0.176368244816709,0.19212478314095666,0.10092655823557077,0.6824026800752975,,21.0,0.0,,,,,,,,,,,,,,,,,,,,,,,,,,,,,,,,,,,,,,,,,,,,,
development,21024,2023-07-28T09:40:00+00:00,36,local_3_rolling_validation_blocks,1,3,fusion,,,,0.3217928328082724,0.25180993139784724,0.17616560576267856,0.21500997150793769,0.10052128012750988,0.6858501470749485,,,,0.0,,,,,,,,,,,,,,,,,,,,,,,,,,,,,,,,,,,,,,,,,,,,
development,21024,2023-07-28T09:40:00+00:00,36,local_3_rolling_validation_blocks,1,3,fusion,,,,0.3444551818492984,0.2591516280465376,0.18398836106775346,0.2350862514314457,0.10882509408896937,0.7057569309596629,,,,0.1,,,,,,,,,,,,,,,,,,,,,,,,,,,,,,,,,,,,,,,,,,,,
development,21024,2023-07-28T09:40:00+00:00,36,local_3_rolling_validation_blocks,1,3,fusion,,,,0.3592536914532038,0.2512043005845704,0.1867990249083348,0.24949265262960854,0.12239374923209921,0.7134390771210156,,,,0.2,,,,,,,,,,,,,,,,,,,,,,,,,,,,,,,,,,,,,,,,,,,,
development,21024,2023-07-28T09:40:00+00:00,36,local_3_rolling_validation_blocks,1,3,fusion,,,,0.36323193600004205,0.2402533496849405,0.1863906331822069,0.253928771346063,0.13252791667947328,0.7042669893015363,,,,0.3,,,,,,,,,,,,,,,,,,,,,,,,,,,,,,,,,,,,,,,,,,,,
development,21024,2023-07-28T09:40:00+00:00,36,local_3_rolling_validation_blocks,1,3,fusion,,,,0.3686764306842643,0.24233331624532206,0.19658184743094692,0.24622866561263967,0.15083037861657178,0.7114061276738042,,,,0.4,,,,,,,,,,,,,,,,,,,,,,,,,,,,,,,,,,,,,,,,,,,,
development,21024,2023-07-28T09:40:00+00:00,36,local_3_rolling_validation_blocks,1,3,fusion,,,,0.37462171988147747,0.24600515329767653,0.21069050141025086,0.23362000172118988,0.17537584952282523,0.7216347906427277,,,,0.5,,,,,,,,,,,,,,,,,,,,,,,,,,,,,,,,,,,,,,,,,,,,
development,21024,2023-07-28T09:40:00+00:00,36,local_3_rolling_validation_blocks,1,3,fusion,,,,0.3804244496978111,0.2415425019680692,0.22035368234411623,0.22703438470953907,0.19916486272016326,0.7271718426059411,,,,0.6,,,,,,,,,,,,,,,,,,,,,,,,,,,,,,,,,,,,,,,,,,,,
development,21024,2023-07-28T09:40:00+00:00,36,local_3_rolling_validation_blocks,1,3,fusion,,,,0.39214452953782736,0.2506615659358242,0.24081602016083653,0.21416175821466252,0.23097047438584886,0.7304376683170283,,,,0.7,,,,,,,,,,,,,,,,,,,,,,,,,,,,,,,,,,,,,,,,,,,,
development,21024,2023-07-28T09:40:00+00:00,36,local_3_rolling_validation_blocks,1,3,fusion,,,,0.4062724881392657,0.3371949480040692,0.2757108182718907,0.1913449714078312,0.21422668853971227,0.7330456690911901,,,,0.8,,,,,,,,,,,,,,,,,,,,,,,,,,,,,,,,,,,,,,,,,,,,
development,21024,2023-07-28T09:40:00+00:00,36,local_3_rolling_validation_blocks,1,3,fusion,,,,0.38363695529813685,0.3731751278838044,0.2862162323759073,0.15499299182441073,0.19925733686801028,0.7303114949862385,,,,0.9,,,,,,,,,,,,,,,,,,,,,,,,,,,,,,,,,,,,,,,,,,,,
development,21024,2023-07-28T09:40:00+00:00,36,local_3_rolling_validation_blocks,1,3,fusion,,,,0.34290120870419544,0.4100036104619905,0.29831914961661743,0.11086357613988639,0.18663468877124434,0.7160232168274288,,,,1.0,,,,,,,,,,,,,,,,,,,,,,,,,,,,,,,,,,,,,,,,,,,,
development,21312,2023-07-29T09:40:00+00:00,36,local_3_rolling_validation_blocks,1,3,branch1,7.0,3.0,all_1_6_24,0.18774345236015258,0.17869852087469695,0.1624526872355405,0.03814704455477547,0.14620685359638402,0.627222860517308,"{'1': 0.1698239654002042, '6': 0.16232114003673787, '24': 0.2017823701940974}",,,,,,,,,,,,,,,,,,,,,,,,,,,,,,,,,,,,,,,,,,,,,,,
development,21312,2023-07-29T09:40:00+00:00,36,local_3_rolling_validation_blocks,1,3,branch1,7.0,7.0,all_1_6_24,0.1855438781464688,0.17025213105637374,0.15571230596703756,0.043826739248380785,0.14117248087770137,0.623277369803112,"{'1': 0.16986606646368427, '6': 0.16253488605596997, '24': 0.19300043215575727}",,,,,,,,,,,,,,,,,,,,,,,,,,,,,,,,,,,,,,,,,,,,,,,
development,21312,2023-07-29T09:40:00+00:00,36,local_3_rolling_validation_blocks,1,3,branch1,7.0,14.0,all_1_6_24,0.18402725418062935,0.16608581716548387,0.15256311792550264,0.045846403025599294,0.13904041868552144,0.6239784113474682,"{'1': 0.16873261103289447, '6': 0.17552164160451642, '24': 0.19025210268059878}",,,,,,,,,,,,,,,,,,,,,,,,,,,,,,,,,,,,,,,,,,,,,,,
development,21312,2023-07-29T09:40:00+00:00,36,local_3_rolling_validation_blocks,1,3,branch1,14.0,3.0,all_1_6_24,0.17881771198630725,0.1787774347469125,0.16082717594896384,0.029361993025521824,0.1428769171510152,0.6293611224296161,"{'1': 0.1495338867042534, '6': 0.16176055191219277, '24': 0.2004883269038813}",,,,,,,,,,,,,,,,,,,,,,,,,,,,,,,,,,,,,,,,,,,,,,,
development,21312,2023-07-29T09:40:00+00:00,36,local_3_rolling_validation_blocks,1,3,branch1,14.0,7.0,all_1_6_24,0.162097643412654,0.1673519767499826,0.15801484525439635,0.009563463353446986,0.14867771375881011,0.6109672571170979,"{'1': 0.1386256461209134, '6': 0.15110751552770949, '24': 0.1848031817837886}",,,,,,,,,,,,,,,,,,,,,,,,,,,,,,,,,,,,,,,,,,,,,,,
development,21312,2023-07-29T09:40:00+00:00,36,local_3_rolling_validation_blocks,1,3,branch1,14.0,14.0,all_1_6_24,0.15565267537654656,0.1546408436648472,0.15184742728597217,0.005844821876854059,0.14905401090709713,0.5979362204672679,"{'1': 0.1355615802168634, '6': 0.14794169575189753, '24': 0.17143414141675214}",,,,,,,,,,,,,,,,,,,,,,,,,,,,,,,,,,,,,,,,,,,,,,,
development,21312,2023-07-29T09:40:00+00:00,36,local_3_rolling_validation_blocks,1,3,branch1,21.0,3.0,all_1_6_24,0.17747927553522266,0.17605417539129187,0.15949586416530465,0.02880262631723878,0.14293755293931742,0.6259981927849951,"{'1': 0.1471859700029317, '6': 0.15690746065158037, '24': 0.19966207850067583}",,,,,,,,,,,,,,,,,,,,,,,,,,,,,,,,,,,,,,,,,,,,,,,
development,21312,2023-07-29T09:40:00+00:00,36,local_3_rolling_validation_blocks,1,3,branch1,21.0,7.0,all_1_6_24,0.15975803343852935,0.16288746387613406,0.15630825982459817,0.007256663141043697,0.1497290557730623,0.5954670477391194,"{'1': 0.13150449444867654, '6': 0.1427155319968305, '24': 0.17458754519280936}",,,,,,,,,,,,,,,,,,,,,,,,,,,,,,,,,,,,,,,,,,,,,,,
development,21312,2023-07-29T09:40:00+00:00,36,local_3_rolling_validation_blocks,1,3,branch1,21.0,14.0,all_1_6_24,0.1509268919967068,0.15080793409858512,0.14938388149269466,0.0024725924412538542,0.14795982888680423,0.574528439598156,"{'1': 0.12209261289800888, '6': 0.1341724499708968, '24': 0.16663396726126026}",,,,,,,,,,,,,,,,,,,,,,,,,,,,,,,,,,,,,,,,,,,,,,,
development,21312,2023-07-29T09:40:00+00:00,36,local_3_rolling_validation_blocks,1,3,branch2,,,history_only,0.2675492836386786,0.24972172761221795,0.17345827828694127,0.14691372880547052,0.0971948289616646,0.6659341142793259,,7.0,0.0,,,,,,,,,,,,,,,,,,,,,,,,,,,,,,,,,,,,,,,,,,,,,
development,21312,2023-07-29T09:40:00+00:00,36,local_3_rolling_validation_blocks,1,3,branch2,,,history_only,0.2552307525281842,0.2526996135738469,0.17494722126775575,0.13008143778482995,0.0971948289616646,0.66364369406244,,14.0,0.0,,,,,,,,,,,,,,,,,,,,,,,,,,,,,,,,,,,,,,,,,,,,,
development,21312,2023-07-29T09:40:00+00:00,36,local_3_rolling_validation_blocks,1,3,branch2,,,history_only,0.2536527441903627,0.24796558856038253,0.17258020876102356,0.13013127600060376,0.0971948289616646,0.6631795651523387,,21.0,0.0,,,,,,,,,,,,,,,,,,,,,,,,,,,,,,,,,,,,,,,,,,,,,
development,21312,2023-07-29T09:40:00+00:00,36,local_3_rolling_validation_blocks,1,3,fusion,,,,0.2675492836386786,0.24972172761221795,0.17345827828694127,0.14691372880547052,0.0971948289616646,0.6659341142793259,,,,0.0,,,,,,,,,,,,,,,,,,,,,,,,,,,,,,,,,,,,,,,,,,,,
development,21312,2023-07-29T09:40:00+00:00,36,local_3_rolling_validation_blocks,1,3,fusion,,,,0.291265756821588,0.27729116331613374,0.19233917524391525,0.15615429528803487,0.10738718717169675,0.69276100136215,,,,0.1,,,,,,,,,,,,,,,,,,,,,,,,,,,,,,,,,,,,,,,,,,,,
development,21312,2023-07-29T09:40:00+00:00,36,local_3_rolling_validation_blocks,1,3,fusion,,,,0.29398827688032786,0.2762361118914366,0.19178071652960355,0.16014965914057674,0.10732532116777047,0.6937255854896206,,,,0.2,,,,,,,,,,,,,,,,,,,,,,,,,,,,,,,,,,,,,,,,,,,,
development,21312,2023-07-29T09:40:00+00:00,36,local_3_rolling_validation_blocks,1,3,fusion,,,,0.2880439949156169,0.27372501561249424,0.186863418276206,0.15970277467650668,0.10000182093991775,0.683024252616233,,,,0.3,,,,,,,,,,,,,,,,,,,,,,,,,,,,,,,,,,,,,,,,,,,,
development,21312,2023-07-29T09:40:00+00:00,36,local_3_rolling_validation_blocks,1,3,fusion,,,,0.28295079335238454,0.276022321450866,0.18626322145762045,0.15513898222413994,0.09650412146437487,0.6797707949944861,,,,0.4,,,,,,,,,,,,,,,,,,,,,,,,,,,,,,,,,,,,,,,,,,,,
development,21312,2023-07-29T09:40:00+00:00,36,local_3_rolling_validation_blocks,1,3,fusion,,,,0.27456247454685384,0.26599382718080844,0.18178058864373842,0.14813800907738625,0.09756735010666842,0.6760249680917085,,,,0.5,,,,,,,,,,,,,,,,,,,,,,,,,,,,,,,,,,,,,,,,,,,,
development,21312,2023-07-29T09:40:00+00:00,36,local_3_rolling_validation_blocks,1,3,fusion,,,,0.2647324689243359,0.2542252279537564,0.17727744777305876,0.13872299268313565,0.10032966759236109,0.6637458125196333,,,,0.6,,,,,,,,,,,,,,,,,,,,,,,,,,,,,,,,,,,,,,,,,,,,
development,21312,2023-07-29T09:40:00+00:00,36,local_3_rolling_validation_blocks,1,3,fusion,,,,0.25876854469109795,0.23742366735461384,0.17296768909809823,0.13226219816328674,0.10851171084158259,0.6542538641779431,,,,0.7,,,,,,,,,,,,,,,,,,,,,,,,,,,,,,,,,,,,,,,,,,,,
development,21312,2023-07-29T09:40:00+00:00,36,local_3_rolling_validation_blocks,1,3,fusion,,,,0.2488553473627693,0.21319307328630677,0.1672294232998343,0.12138377584466836,0.12126577331336183,0.6490717007284874,,,,0.8,,,,,,,,,,,,,,,,,,,,,,,,,,,,,,,,,,,,,,,,,,,,
development,21312,2023-07-29T09:40:00+00:00,36,local_3_rolling_validation_blocks,1,3,fusion,,,,0.22644294675199275,0.1919677770388125,0.1632560440979951,0.09238368401935534,0.13454431115717772,0.6423690491634142,,,,0.9,,,,,,,,,,,,,,,,,,,,,,,,,,,,,,,,,,,,,,,,,,,,
development,21312,2023-07-29T09:40:00+00:00,36,local_3_rolling_validation_blocks,1,3,fusion,,,,0.18923361797960273,0.17821274475997254,0.1623194053454041,0.04021378505689517,0.14642606593083565,0.6281552989699035,,,,1.0,,,,,,,,,,,,,,,,,,,,,,,,,,,,,,,,,,,,,,,,,,,,
development,21600,2023-07-30T09:40:00+00:00,36,local_3_rolling_validation_blocks,1,3,branch1,7.0,3.0,all_1_6_24,0.17405458494118908,0.1650714447258258,0.14436879347903014,0.04525732657335395,0.12366614223223452,0.6392969751471854,"{'1': 0.14528432740153538, '6': 0.17270368439742864, '24': 0.2033210098096171}",,,,,,,,,,,,,,,,,,,,,,,,,,,,,,,,,,,,,,,,,,,,,,,
development,21600,2023-07-30T09:40:00+00:00,36,local_3_rolling_validation_blocks,1,3,branch1,7.0,7.0,all_1_6_24,0.16426620728088784,0.1606961200596805,0.14045474502593103,0.03751151349843224,0.12021336999218157,0.6355661868921341,"{'1': 0.14444925508162212, '6': 0.16651623946699126, '24': 0.20158808770407485}",,,,,,,,,,,,,,,,,,,,,,,,,,,,,,,,,,,,,,,,,,,,,,,
development,21600,2023-07-30T09:40:00+00:00,36,local_3_rolling_validation_blocks,1,3,branch1,7.0,14.0,all_1_6_24,0.15812054020734642,0.15936513256875018,0.1388153414968668,0.032045446944939195,0.11826555042498346,0.6327503895685808,"{'1': 0.14418207660959334, '6': 0.16439843060853265, '24': 0.20096568345826968}",,,,,,,,,,,,,,,,,,,,,,,,,,,,,,,,,,,,,,,,,,,,,,,
development,21600,2023-07-30T09:40:00+00:00,36,local_3_rolling_validation_blocks,1,3,branch1,14.0,3.0,all_1_6_24,0.19688029544038818,0.1646072353346421,0.141716687178167,0.08022072975828337,0.11882613902169185,0.6339562613353188,"{'1': 0.14730177885055307, '6': 0.1841465114417377, '24': 0.21142040644569426}",,,,,,,,,,,,,,,,,,,,,,,,,,,,,,,,,,,,,,,,,,,,,,,
development,21600,2023-07-30T09:40:00+00:00,36,local_3_rolling_validation_blocks,1,3,branch1,14.0,7.0,all_1_6_24,0.19667028642059248,0.1613095031693234,0.13560966560753446,0.08886574102892705,0.1099098280457455,0.6215354634250004,"{'1': 0.14580764708021918, '6': 0.17948880249236313, '24': 0.21065091816037998}",,,,,,,,,,,,,,,,,,,,,,,,,,,,,,,,,,,,,,,,,,,,,,,
development,21600,2023-07-30T09:40:00+00:00,36,local_3_rolling_validation_blocks,1,3,branch1,14.0,14.0,all_1_6_24,0.19528631191249599,0.16461892715004803,0.13567865451842986,0.08754716001492178,0.10673838188681171,0.6162758993184684,"{'1': 0.14609053651499973, '6': 0.1742890754493537, '24': 0.20819383922597834}",,,,,,,,,,,,,,,,,,,,,,,,,,,,,,,,,,,,,,,,,,,,,,,
development,21600,2023-07-30T09:40:00+00:00,36,local_3_rolling_validation_blocks,1,3,branch1,21.0,3.0,all_1_6_24,0.19863805873869836,0.16862231965414795,0.14265970093304473,0.08195440683172865,0.11669708221194151,0.6290450119262434,"{'1': 0.1515407944209787, '6': 0.18216599708624995, '24': 0.21152283752891776}",,,,,,,,,,,,,,,,,,,,,,,,,,,,,,,,,,,,,,,,,,,,,,,
development,21600,2023-07-30T09:40:00+00:00,36,local_3_rolling_validation_blocks,1,3,branch1,21.0,7.0,all_1_6_24,0.20094762686593984,0.17115371725562994,0.13945606327738685,0.09073176013362906,0.10775840929914379,0.6056033882022697,"{'1': 0.15114292736416632, '6': 0.1788084966169464, '24': 0.20752024836255611}",,,,,,,,,,,,,,,,,,,,,,,,,,,,,,,,,,,,,,,,,,,,,,,
development,21600,2023-07-30T09:40:00+00:00,36,local_3_rolling_validation_blocks,1,3,branch1,21.0,14.0,all_1_6_24,0.1973428804265994,0.16240779458711813,0.13281868039428096,0.09439503111269038,0.10322956620144383,0.5919779911697542,"{'1': 0.15207466514591833, '6': 0.18560486231463247, '24': 0.20422361881067141}",,,,,,,,,,,,,,,,,,,,,,,,,,,,,,,,,,,,,,,,,,,,,,,
development,21600,2023-07-30T09:40:00+00:00,36,local_3_rolling_validation_blocks,1,3,branch2,,,history_only,0.1581816377823869,0.15465639192642028,0.1332157014395845,0.03940894264817626,0.11177501095274875,0.5435696990997022,,7.0,0.0,,,,,,,,,,,,,,,,,,,,,,,,,,,,,,,,,,,,,,,,,,,,,
development,21600,2023-07-30T09:40:00+00:00,36,local_3_rolling_validation_blocks,1,3,branch2,,,history_only,0.15752825015716845,0.15399186663941475,0.13427481739157227,0.03661446378317497,0.11455776814372981,0.5431510288202823,,14.0,0.0,,,,,,,,,,,,,,,,,,,,,,,,,,,,,,,,,,,,,,,,,,,,,
development,21600,2023-07-30T09:40:00+00:00,36,local_3_rolling_validation_blocks,1,3,branch2,,,history_only,0.1569510258337269,0.1533768470526249,0.13396730759817735,0.03616152774821286,0.11455776814372981,0.5429210283130291,,21.0,0.0,,,,,,,,,,,,,,,,,,,,,,,,,,,,,,,,,,,,,,,,,,,,,
development,21600,2023-07-30T09:40:00+00:00,36,local_3_rolling_validation_blocks,1,3,fusion,,,,0.1581816377823869,0.15465639192642028,0.1332157014395845,0.03940894264817626,0.11177501095274875,0.5435696990997022,,,,0.0,,,,,,,,,,,,,,,,,,,,,,,,,,,,,,,,,,,,,,,,,,,,
development,21600,2023-07-30T09:40:00+00:00,36,local_3_rolling_validation_blocks,1,3,fusion,,,,0.1631767066619246,0.15867873684831643,0.13673555309976893,0.0414640978688392,0.11479236935122142,0.5738743423062908,,,,0.1,,,,,,,,,,,,,,,,,,,,,,,,,,,,,,,,,,,,,,,,,,,,
development,21600,2023-07-30T09:40:00+00:00,36,local_3_rolling_validation_blocks,1,3,fusion,,,,0.16384458977041447,0.1616576203866063,0.14160035828853954,0.03546558205291673,0.12154309619047278,0.5809239383903555,,,,0.2,,,,,,,,,,,,,,,,,,,,,,,,,,,,,,,,,,,,,,,,,,,,
development,21600,2023-07-30T09:40:00+00:00,36,local_3_rolling_validation_blocks,1,3,fusion,,,,0.16244369359161207,0.16122882785597417,0.14207161750503555,0.03278275116238108,0.12291440715409695,0.5871849735001049,,,,0.3,,,,,,,,,,,,,,,,,,,,,,,,,,,,,,,,,,,,,,,,,,,,
development,21600,2023-07-30T09:40:00+00:00,36,local_3_rolling_validation_blocks,1,3,fusion,,,,0.155639220741958,0.15525398751869518,0.1427310440760784,0.020923466681848805,0.1302081006334616,0.5840370055571315,,,,0.4,,,,,,,,,,,,,,,,,,,,,,,,,,,,,,,,,,,,,,,,,,,,
development,21600,2023-07-30T09:40:00+00:00,36,local_3_rolling_validation_blocks,1,3,fusion,,,,0.15445849037397283,0.14755032831287657,0.14498601153502644,0.013558743466856253,0.1424216947571763,0.5973550468978243,,,,0.5,,,,,,,,,,,,,,,,,,,,,,,,,,,,,,,,,,,,,,,,,,,,
development,21600,2023-07-30T09:40:00+00:00,36,local_3_rolling_validation_blocks,1,3,fusion,,,,0.15638155923139502,0.1659400189632229,0.15159605340366367,0.0135265799090919,0.13725208784410445,0.606317407819497,,,,0.6,,,,,,,,,,,,,,,,,,,,,,,,,,,,,,,,,,,,,,,,,,,,
development,21600,2023-07-30T09:40:00+00:00,36,local_3_rolling_validation_blocks,1,3,fusion,,,,0.16434503221360608,0.15938132139388933,0.1421276836964387,0.03443370189407203,0.12487404599898803,0.6063318033588749,,,,0.7,,,,,,,,,,,,,,,,,,,,,,,,,,,,,,,,,,,,,,,,,,,,
development,21600,2023-07-30T09:40:00+00:00,36,local_3_rolling_validation_blocks,1,3,fusion,,,,0.1827417144183696,0.15781256680581562,0.1364804376256594,0.06770217587263652,0.11514830844550315,0.6029918104969821,,,,0.8,,,,,,,,,,,,,,,,,,,,,,,,,,,,,,,,,,,,,,,,,,,,
development,21600,2023-07-30T09:40:00+00:00,36,local_3_rolling_validation_blocks,1,3,fusion,,,,0.19740273613291257,0.1604769796331192,0.134185915113665,0.09194316887043079,0.10789485059421082,0.5998188454819268,,,,0.9,,,,,,,,,,,,,,,,,,,,,,,,,,,,,,,,,,,,,,,,,,,,
development,21600,2023-07-30T09:40:00+00:00,36,local_3_rolling_validation_blocks,1,3,fusion,,,,0.19830485590509841,0.16333126954545074,0.13320802136295806,0.09528974650431332,0.10308477318046541,0.5925502210628607,,,,1.0,,,,,,,,,,,,,,,,,,,,,,,,,,,,,,,,,,,,,,,,,,,,
development,21888,2023-07-31T09:40:00+00:00,36,local_3_rolling_validation_blocks,1,3,branch1,7.0,3.0,all_1_6_24,0.21090350104616604,0.18813486837088056,0.12867994743266403,0.1260080048522497,0.06922502649444752,0.5655108439320236,"{'1': 0.15442460824601822, '6': 0.19625287923914825, '24': 0.2204246196329871}",,,,,,,,,,,,,,,,,,,,,,,,,,,,,,,,,,,,,,,,,,,,,,,
development,21888,2023-07-31T09:40:00+00:00,36,local_3_rolling_validation_blocks,1,3,branch1,7.0,7.0,all_1_6_24,0.1911188145391555,0.17934554820682092,0.12477283937124675,0.10387025821538022,0.0702001305356726,0.5628312105847324,"{'1': 0.1315351174833063, '6': 0.18315473431861232, '24': 0.21508730087608754}",,,,,,,,,,,,,,,,,,,,,,,,,,,,,,,,,,,,,,,,,,,,,,,
development,21888,2023-07-31T09:40:00+00:00,36,local_3_rolling_validation_blocks,1,3,branch1,7.0,14.0,all_1_6_24,0.1692346127997355,0.17592504863393896,0.12333898492904914,0.07782253345018739,0.07075292122415933,0.5606275295137928,"{'1': 0.13048599297171948, '6': 0.17697491415537056, '24': 0.21392690830846564}",,,,,,,,,,,,,,,,,,,,,,,,,,,,,,,,,,,,,,,,,,,,,,,
development,21888,2023-07-31T09:40:00+00:00,36,local_3_rolling_validation_blocks,1,3,branch1,14.0,3.0,all_1_6_24,0.218138750907617,0.18533572020527944,0.12792609175653136,0.13591869396064982,0.07051646330778327,0.5627027365871583,"{'1': 0.1663715900099784, '6': 0.19849419766787468, '24': 0.2218186316837392}",,,,,,,,,,,,,,,,,,,,,,,,,,,,,,,,,,,,,,,,,,,,,,,
development,21888,2023-07-31T09:40:00+00:00,36,local_3_rolling_validation_blocks,1,3,branch1,14.0,7.0,all_1_6_24,0.215732798859711,0.17369271784577212,0.12483292001027094,0.1345997616864029,0.07597312217476977,0.5673399943478582,"{'1': 0.13674753275323032, '6': 0.18903448025782024, '24': 0.2244956950392691}",,,,,,,,,,,,,,,,,,,,,,,,,,,,,,,,,,,,,,,,,,,,,,,
development,21888,2023-07-31T09:40:00+00:00,36,local_3_rolling_validation_blocks,1,3,branch1,14.0,14.0,all_1_6_24,0.21288945689462044,0.17114709644693854,0.12465718544959965,0.130425235282093,0.07816727445226077,0.5684040225308131,"{'1': 0.13186264341797532, '6': 0.18249988527341043, '24': 0.22727043527963944}",,,,,,,,,,,,,,,,,,,,,,,,,,,,,,,,,,,,,,,,,,,,,,,
development,21888,2023-07-31T09:40:00+00:00,36,local_3_rolling_validation_blocks,1,3,branch1,21.0,3.0,all_1_6_24,0.21686230127406395,0.18396680420851594,0.12734636526010776,0.13477186281039158,0.07072592631169958,0.5586782935205359,"{'1': 0.16632525088953445, '6': 0.1943548882826124, '24': 0.22033717008535994}",,,,,,,,,,,,,,,,,,,,,,,,,,,,,,,,,,,,,,,,,,,,,,,
development,21888,2023-07-31T09:40:00+00:00,36,local_3_rolling_validation_blocks,1,3,branch1,21.0,7.0,all_1_6_24,0.21842526104421914,0.180726774857758,0.1290301855721111,0.13328409732537622,0.07733359628646419,0.5512431618756325,"{'1': 0.1632761001711686, '6': 0.18953313980538797, '24': 0.22506835750987517}",,,,,,,,,,,,,,,,,,,,,,,,,,,,,,,,,,,,,,,,,,,,,,,
development,21888,2023-07-31T09:40:00+00:00,36,local_3_rolling_validation_blocks,1,3,branch1,21.0,14.0,all_1_6_24,0.21595499915229474,0.16890691925762974,0.12505539253909545,0.13344454988958143,0.08120386582056116,0.5485156947052259,"{'1': 0.16358470874470335, '6': 0.19702075056983093, '24': 0.22145958991087222}",,,,,,,,,,,,,,,,,,,,,,,,,,,,,,,,,,,,,,,,,,,,,,,
development,21888,2023-07-31T09:40:00+00:00,36,local_3_rolling_validation_blocks,1,3,branch2,,,history_only,0.14599876322110378,0.1006837622488541,0.09349103355223817,0.07448901651044101,0.08629830485562225,0.5194013195772491,,7.0,0.0,,,,,,,,,,,,,,,,,,,,,,,,,,,,,,,,,,,,,,,,,,,,,
development,21888,2023-07-31T09:40:00+00:00,36,local_3_rolling_validation_blocks,1,3,branch2,,,history_only,0.14876742741935856,0.10168968876002499,0.09712155336657985,0.07313347059087373,0.09255341797313472,0.5222985880454144,,14.0,0.0,,,,,,,,,,,,,,,,,,,,,,,,,,,,,,,,,,,,,,,,,,,,,
development,21888,2023-07-31T09:40:00+00:00,36,local_3_rolling_validation_blocks,1,3,branch2,,,history_only,0.14911926920735982,0.10168968876002499,0.09817179253162223,0.07210784392259642,0.09465389630321945,0.5229170391166694,,21.0,0.0,,,,,,,,,,,,,,,,,,,,,,,,,,,,,,,,,,,,,,,,,,,,,
development,21888,2023-07-31T09:40:00+00:00,36,local_3_rolling_validation_blocks,1,3,fusion,,,,0.14911926920735982,0.10168968876002499,0.09817179253162223,0.07210784392259642,0.09465389630321945,0.5229170391166694,,,,0.0,,,,,,,,,,,,,,,,,,,,,,,,,,,,,,,,,,,,,,,,,,,,
development,21888,2023-07-31T09:40:00+00:00,36,local_3_rolling_validation_blocks,1,3,fusion,,,,0.14550173343838854,0.13083840582500914,0.108132008817993,0.05600636523142004,0.08542561181097685,0.5410306703601178,,,,0.1,,,,,,,,,,,,,,,,,,,,,,,,,,,,,,,,,,,,,,,,,,,,
development,21888,2023-07-31T09:40:00+00:00,36,local_3_rolling_validation_blocks,1,3,fusion,,,,0.14896337084069014,0.1504767809312203,0.11559326382146276,0.055121392661233407,0.08070974671170524,0.5434837321299067,,,,0.2,,,,,,,,,,,,,,,,,,,,,,,,,,,,,,,,,,,,,,,,,,,,
development,21888,2023-07-31T09:40:00+00:00,36,local_3_rolling_validation_blocks,1,3,fusion,,,,0.15348473655845818,0.17030939898525982,0.12307570335673815,0.05776475224862628,0.07584200772821646,0.5460913361382141,,,,0.3,,,,,,,,,,,,,,,,,,,,,,,,,,,,,,,,,,,,,,,,,,,,
development,21888,2023-07-31T09:40:00+00:00,36,local_3_rolling_validation_blocks,1,3,fusion,,,,0.16248422037610485,0.1997008077182162,0.13639879947082723,0.06350061311813711,0.07309679122343825,0.5507987139912386,,,,0.4,,,,,,,,,,,,,,,,,,,,,,,,,,,,,,,,,,,,,,,,,,,,
development,21888,2023-07-31T09:40:00+00:00,36,local_3_rolling_validation_blocks,1,3,fusion,,,,0.17319579049682596,0.21141845027998005,0.14139126381208583,0.07274792367039427,0.0713640773441916,0.5521573193064936,,,,0.5,,,,,,,,,,,,,,,,,,,,,,,,,,,,,,,,,,,,,,,,,,,,
development,21888,2023-07-31T09:40:00+00:00,36,local_3_rolling_validation_blocks,1,3,fusion,,,,0.18182307692413013,0.20715290234047795,0.13896826780958677,0.08229519377964122,0.07078363327869559,0.550639997683072,,,,0.6,,,,,,,,,,,,,,,,,,,,,,,,,,,,,,,,,,,,,,,,,,,,
development,21888,2023-07-31T09:40:00+00:00,36,local_3_rolling_validation_blocks,1,3,fusion,,,,0.20286717527267498,0.20388988119624957,0.13763595479615806,0.10694210002924207,0.07138202839606655,0.5507417350561029,,,,0.7,,,,,,,,,,,,,,,,,,,,,,,,,,,,,,,,,,,,,,,,,,,,
development,21888,2023-07-31T09:40:00+00:00,36,local_3_rolling_validation_blocks,1,3,fusion,,,,0.2195158582014092,0.19886531601049945,0.13583827094659373,0.12904320784359885,0.07281122588268801,0.5512004623272688,,,,0.8,,,,,,,,,,,,,,,,,,,,,,,,,,,,,,,,,,,,,,,,,,,,
development,21888,2023-07-31T09:40:00+00:00,36,local_3_rolling_validation_blocks,1,3,fusion,,,,0.22276088900771077,0.19040710283248458,0.13250109574357904,0.13612150576410717,0.07459508865467349,0.5515173099964251,,,,0.9,,,,,,,,,,,,,,,,,,,,,,,,,,,,,,,,,,,,,,,,,,,,
development,21888,2023-07-31T09:40:00+00:00,36,local_3_rolling_validation_blocks,1,3,fusion,,,,0.219937856711052,0.18100951155320277,0.12888497881645233,0.1356191889856574,0.07676044607970192,0.5508705790899585,,,,1.0,,,,,,,,,,,,,,,,,,,,,,,,,,,,,,,,,,,,,,,,,,,,
development,22176,2023-08-01T09:40:00+00:00,36,local_3_rolling_validation_blocks,1,3,branch1,7.0,3.0,all_1_6_24,0.13308823391658697,0.14619098685728205,0.11172921003845525,0.04128145479179427,0.07726743321962845,0.5283864568169173,"{'1': 0.1277344816220631, '6': 0.13455307899921728, '24': 0.12655071749297944}",,,,,,,,,,,,,,,,,,,,,,,,,,,,,,,,,,,,,,,,,,,,,,,
development,22176,2023-08-01T09:40:00+00:00,36,local_3_rolling_validation_blocks,1,3,branch1,7.0,7.0,all_1_6_24,0.12923474297001025,0.14149909266404898,0.1099224667736331,0.037558623850178094,0.07834584088321722,0.5257279707045345,"{'1': 0.1274342246618295, '6': 0.13523294173066255, '24': 0.12306330268883488}",,,,,,,,,,,,,,,,,,,,,,,,,,,,,,,,,,,,,,,,,,,,,,,
development,22176,2023-08-01T09:40:00+00:00,36,local_3_rolling_validation_blocks,1,3,branch1,7.0,14.0,all_1_6_24,0.12746135349181553,0.1397278647253858,0.10921274111934776,0.03587207204547413,0.07869761751330974,0.5242757977161864,"{'1': 0.1263657279686247, '6': 0.13527255034633165, '24': 0.12176003668736846}",,,,,,,,,,,,,,,,,,,,,,,,,,,,,,,,,,,,,,,,,,,,,,,
development,22176,2023-08-01T09:40:00+00:00,36,local_3_rolling_validation_blocks,1,3,branch1,14.0,3.0,all_1_6_24,0.13239269561281763,0.14297371429283665,0.11035304292395494,0.040998756668088186,0.07773237155507323,0.5326102811719146,"{'1': 0.12782698069655304, '6': 0.13208670095947886, '24': 0.1292966172037214}",,,,,,,,,,,,,,,,,,,,,,,,,,,,,,,,,,,,,,,,,,,,,,,
development,22176,2023-08-01T09:40:00+00:00,36,local_3_rolling_validation_blocks,1,3,branch1,14.0,7.0,all_1_6_24,0.13038495279711973,0.14776643045029386,0.11278788162663858,0.03788112651568299,0.0778093328029833,0.5217283410575853,"{'1': 0.12904089116927536, '6': 0.13084240917584128, '24': 0.1280549104425853}",,,,,,,,,,,,,,,,,,,,,,,,,,,,,,,,,,,,,,,,,,,,,,,
development,22176,2023-08-01T09:40:00+00:00,36,local_3_rolling_validation_blocks,1,3,branch1,14.0,14.0,all_1_6_24,0.13136542235070456,0.1538196428466196,0.11619709916270157,0.037467229043129095,0.07857455547878356,0.5190599137876549,"{'1': 0.13150561353777826, '6': 0.13115366550282256, '24': 0.12835441449195747}",,,,,,,,,,,,,,,,,,,,,,,,,,,,,,,,,,,,,,,,,,,,,,,
development,22176,2023-08-01T09:40:00+00:00,36,local_3_rolling_validation_blocks,1,3,branch1,21.0,3.0,all_1_6_24,0.13196128929719123,0.1434905890547681,0.11024101734469727,0.04099467168607835,0.07699144563462643,0.5289166638681339,"{'1': 0.12786241460376022, '6': 0.1301126339325923, '24': 0.12863757109813545}",,,,,,,,,,,,,,,,,,,,,,,,,,,,,,,,,,,,,,,,,,,,,,,
development,22176,2023-08-01T09:40:00+00:00,36,local_3_rolling_validation_blocks,1,3,branch1,21.0,7.0,all_1_6_24,0.13281338435366138,0.15137653427858644,0.11513848454148842,0.03873329746578469,0.0789004348043904,0.5056549694157716,"{'1': 0.1293676236762347, '6': 0.12628640884215594, '24': 0.13035913479355174}",,,,,,,,,,,,,,,,,,,,,,,,,,,,,,,,,,,,,,,,,,,,,,,
development,22176,2023-08-01T09:40:00+00:00,36,local_3_rolling_validation_blocks,1,3,branch1,21.0,14.0,all_1_6_24,0.12931978376743933,0.15088064840750182,0.11612717731657096,0.03396015653449051,0.08137370622564011,0.4979804031801529,"{'1': 0.12749140329989492, '6': 0.12165949670101299, '24': 0.12893106143896346}",,,,,,,,,,,,,,,,,,,,,,,,,,,,,,,,,,,,,,,,,,,,,,,
development,22176,2023-08-01T09:40:00+00:00,36,local_3_rolling_validation_blocks,1,3,branch2,,,history_only,0.15133916431375066,0.10837278199218592,0.10252732853653063,0.06919516005198208,0.09668187508087535,0.5385472696750107,,7.0,0.0,,,,,,,,,,,,,,,,,,,,,,,,,,,,,,,,,,,,,,,,,,,,,
development,22176,2023-08-01T09:40:00+00:00,36,local_3_rolling_validation_blocks,1,3,branch2,,,history_only,0.1551666671792708,0.11714671427003794,0.10691429467545664,0.06874870552720778,0.09668187508087535,0.5409469846441654,,14.0,0.0,,,,,,,,,,,,,,,,,,,,,,,,,,,,,,,,,,,,,,,,,,,,,
development,22176,2023-08-01T09:40:00+00:00,36,local_3_rolling_validation_blocks,1,3,branch2,,,history_only,0.14482439304893102,0.09668187508087535,0.09369289465394742,0.07235203009518204,0.09070391422701948,0.540726582551393,,21.0,0.0,,,,,,,,,,,,,,,,,,,,,,,,,,,,,,,,,,,,,,,,,,,,,
development,22176,2023-08-01T09:40:00+00:00,36,local_3_rolling_validation_blocks,1,3,fusion,,,,0.1551666671792708,0.11714671427003794,0.10691429467545664,0.06874870552720778,0.09668187508087535,0.5409469846441654,,,,0.0,,,,,,,,,,,,,,,,,,,,,,,,,,,,,,,,,,,,,,,,,,,,
development,22176,2023-08-01T09:40:00+00:00,36,local_3_rolling_validation_blocks,1,3,fusion,,,,0.1521874843917919,0.10578418734919556,0.09034927109241152,0.08835583554405797,0.07491435483562747,0.556777762971652,,,,0.1,,,,,,,,,,,,,,,,,,,,,,,,,,,,,,,,,,,,,,,,,,,,
development,22176,2023-08-01T09:40:00+00:00,36,local_3_rolling_validation_blocks,1,3,fusion,,,,0.1510197074765521,0.10373062042119902,0.08817322875488762,0.08978148323790343,0.07261583708857623,0.5549218404883874,,,,0.2,,,,,,,,,,,,,,,,,,,,,,,,,,,,,,,,,,,,,,,,,,,,
development,22176,2023-08-01T09:40:00+00:00,36,local_3_rolling_validation_blocks,1,3,fusion,,,,0.14735051511497013,0.09578045889338221,0.08333270720412028,0.09110355174652975,0.07088495551485836,0.5361527603245558,,,,0.3,,,,,,,,,,,,,,,,,,,,,,,,,,,,,,,,,,,,,,,,,,,,
development,22176,2023-08-01T09:40:00+00:00,36,local_3_rolling_validation_blocks,1,3,fusion,,,,0.14703681099897234,0.09748186650012179,0.08331056455124704,0.09086227401173289,0.06913926260237228,0.5341187526646559,,,,0.4,,,,,,,,,,,,,,,,,,,,,,,,,,,,,,,,,,,,,,,,,,,,
development,22176,2023-08-01T09:40:00+00:00,36,local_3_rolling_validation_blocks,1,3,fusion,,,,0.1441278507573583,0.1001915637107904,0.08400149543781607,0.08605290668233932,0.06781142716484173,0.5307472153745646,,,,0.5,,,,,,,,,,,,,,,,,,,,,,,,,,,,,,,,,,,,,,,,,,,,
development,22176,2023-08-01T09:40:00+00:00,36,local_3_rolling_validation_blocks,1,3,fusion,,,,0.14235887570335376,0.10576511477160272,0.08714993621838169,0.07954288516154552,0.06853475766516064,0.5287894899337132,,,,0.6,,,,,,,,,,,,,,,,,,,,,,,,,,,,,,,,,,,,,,,,,,,,
development,22176,2023-08-01T09:40:00+00:00,36,local_3_rolling_validation_blocks,1,3,fusion,,,,0.14109115391179944,0.11769068786343767,0.09412133972256453,0.06915684833140504,0.0705519915816914,0.5301758599967399,,,,0.7,,,,,,,,,,,,,,,,,,,,,,,,,,,,,,,,,,,,,,,,,,,,
development,22176,2023-08-01T09:40:00+00:00,36,local_3_rolling_validation_blocks,1,3,fusion,,,,0.13648951846663157,0.12710864936225658,0.09981544992371813,0.056449863572688865,0.07252225048517968,0.531495914932115,,,,0.8,,,,,,,,,,,,,,,,,,,,,,,,,,,,,,,,,,,,,,,,,,,,
development,22176,2023-08-01T09:40:00+00:00,36,local_3_rolling_validation_blocks,1,3,fusion,,,,0.13443411934213148,0.139432349034948,0.10700649378842761,0.046962822310212315,0.07458063854190722,0.530656117127209,,,,0.9,,,,,,,,,,,,,,,,,,,,,,,,,,,,,,,,,,,,,,,,,,,,
development,22176,2023-08-01T09:40:00+00:00,36,local_3_rolling_validation_blocks,1,3,fusion,,,,0.13314966229956726,0.14616672150945975,0.11177793117312645,0.04125402263067954,0.07738914083679314,0.5285739298659481,,,,1.0,,,,,,,,,,,,,,,,,,,,,,,,,,,,,,,,,,,,,,,,,,,,
development,22464,2023-08-02T09:40:00+00:00,36,local_3_rolling_validation_blocks,1,3,branch1,7.0,3.0,all_1_6_24,0.11826473784271425,0.12421890113761386,0.09569121812514762,0.03951809775598907,0.06716353511268139,0.5118132140466348,"{'1': 0.11856960696646206, '6': 0.11864474483768965, '24': 0.11392133380666297}",,,,,,,,,,,,,,,,,,,,,,,,,,,,,,,,,,,,,,,,,,,,,,,
development,22464,2023-08-02T09:40:00+00:00,36,local_3_rolling_validation_blocks,1,3,branch1,7.0,7.0,all_1_6_24,0.11655532862295022,0.12062112679632567,0.09488263486946515,0.03716258808951209,0.06914414294260463,0.5148606959266707,"{'1': 0.11777492623974872, '6': 0.11874048489767765, '24': 0.11268530725852033}",,,,,,,,,,,,,,,,,,,,,,,,,,,,,,,,,,,,,,,,,,,,,,,
development,22464,2023-08-02T09:40:00+00:00,36,local_3_rolling_validation_blocks,1,3,branch1,7.0,14.0,all_1_6_24,0.11578534221449488,0.11863926321298762,0.09425616173217068,0.03637812964355815,0.06987306025135373,0.5153070727800428,"{'1': 0.11785529633792002, '6': 0.11900780314683668, '24': 0.11215039764904017}",,,,,,,,,,,,,,,,,,,,,,,,,,,,,,,,,,,,,,,,,,,,,,,
development,22464,2023-08-02T09:40:00+00:00,36,local_3_rolling_validation_blocks,1,3,branch1,14.0,3.0,all_1_6_24,0.11643816692506272,0.11896930979064965,0.09320531312417077,0.039013502033964205,0.06744131645769189,0.5048038900074966,"{'1': 0.1209395891174378, '6': 0.11757980869144553, '24': 0.11196169796005007}",,,,,,,,,,,,,,,,,,,,,,,,,,,,,,,,,,,,,,,,,,,,,,,
development,22464,2023-08-02T09:40:00+00:00,36,local_3_rolling_validation_blocks,1,3,branch1,14.0,7.0,all_1_6_24,0.11373938403837107,0.11005043968891688,0.08964977102834422,0.03792198699714133,0.06924910236777156,0.49603953535477235,"{'1': 0.12333586952433147, '6': 0.11639504090423965, '24': 0.11130429772104573}",,,,,,,,,,,,,,,,,,,,,,,,,,,,,,,,,,,,,,,,,,,,,,,
development,22464,2023-08-02T09:40:00+00:00,36,local_3_rolling_validation_blocks,1,3,branch1,14.0,14.0,all_1_6_24,0.11382646578890672,0.10696539937995073,0.08863762134151579,0.038637987366586184,0.07030984330308085,0.4953441660946167,"{'1': 0.12479321466267686, '6': 0.11580735751917985, '24': 0.11042300171557336}",,,,,,,,,,,,,,,,,,,,,,,,,,,,,,,,,,,,,,,,,,,,,,,
development,22464,2023-08-02T09:40:00+00:00,36,local_3_rolling_validation_blocks,1,3,branch1,21.0,3.0,all_1_6_24,0.11744574744324159,0.11694119752376532,0.0918352479195155,0.0416173182148606,0.06672929831526567,0.49899925540108225,"{'1': 0.12072168580440758, '6': 0.11721651768565695, '24': 0.11445084344834337}",,,,,,,,,,,,,,,,,,,,,,,,,,,,,,,,,,,,,,,,,,,,,,,
development,22464,2023-08-02T09:40:00+00:00,36,local_3_rolling_validation_blocks,1,3,branch1,21.0,7.0,all_1_6_24,0.11559343430166867,0.10777383495550852,0.087961315391131,0.04229371835113044,0.06814879582675348,0.48337604754481706,"{'1': 0.1219405659301102, '6': 0.11354466001972696, '24': 0.1114466652822426}",,,,,,,,,,,,,,,,,,,,,,,,,,,,,,,,,,,,,,,,,,,,,,,
development,22464,2023-08-02T09:40:00+00:00,36,local_3_rolling_validation_blocks,1,3,branch1,21.0,14.0,all_1_6_24,0.11181260924212598,0.10358158265167867,0.0862689901950825,0.03879136742137043,0.0689563977384863,0.47550523669386585,"{'1': 0.12001067291518623, '6': 0.10974869296796354, '24': 0.1104422137751712}",,,,,,,,,,,,,,,,,,,,,,,,,,,,,,,,,,,,,,,,,,,,,,,
development,22464,2023-08-02T09:40:00+00:00,36,local_3_rolling_validation_blocks,1,3,branch2,,,history_only,0.15867940313070977,0.15509502608489478,0.13366794644511718,0.03946169989998907,0.11224086680533955,0.5430683378919952,,7.0,0.0,,,,,,,,,,,,,,,,,,,,,,,,,,,,,,,,,,,,,,,,,,,,,
development,22464,2023-08-02T09:40:00+00:00,36,local_3_rolling_validation_blocks,1,3,branch2,,,history_only,0.15007120574900443,0.15455582784074,0.12283273542804246,0.04641951736430359,0.09110964301534491,0.5425227991096796,,14.0,0.0,,,,,,,,,,,,,,,,,,,,,,,,,,,,,,,,,,,,,,,,,,,,,
development,22464,2023-08-02T09:40:00+00:00,36,local_3_rolling_validation_blocks,1,3,branch2,,,history_only,0.15066861009356577,0.1538032050452211,0.12424358233004551,0.04448683379736807,0.09468395961486993,0.5428630228468222,,21.0,0.0,,,,,,,,,,,,,,,,,,,,,,,,,,,,,,,,,,,,,,,,,,,,,
development,22464,2023-08-02T09:40:00+00:00,36,local_3_rolling_validation_blocks,1,3,fusion,,,,0.15867940313070977,0.15509502608489478,0.13366794644511718,0.03946169989998907,0.11224086680533955,0.5430683378919952,,,,0.0,,,,,,,,,,,,,,,,,,,,,,,,,,,,,,,,,,,,,,,,,,,,
development,22464,2023-08-02T09:40:00+00:00,36,local_3_rolling_validation_blocks,1,3,fusion,,,,0.1559787969033699,0.1709451584293099,0.12337249623111968,0.06029190503547817,0.07579983403292943,0.543649184799704,,,,0.1,,,,,,,,,,,,,,,,,,,,,,,,,,,,,,,,,,,,,,,,,,,,
development,22464,2023-08-02T09:40:00+00:00,36,local_3_rolling_validation_blocks,1,3,fusion,,,,0.15616993514614694,0.17628683001968598,0.12487790209262918,0.060994272236424854,0.07346897416557238,0.5442305472441967,,,,0.2,,,,,,,,,,,,,,,,,,,,,,,,,,,,,,,,,,,,,,,,,,,,
development,22464,2023-08-02T09:40:00+00:00,36,local_3_rolling_validation_blocks,1,3,fusion,,,,0.15368540098657826,0.1795536764009114,0.12512315194059867,0.06005601943029739,0.07069262748028594,0.5413575898360881,,,,0.3,,,,,,,,,,,,,,,,,,,,,,,,,,,,,,,,,,,,,,,,,,,,
development,22464,2023-08-02T09:40:00+00:00,36,local_3_rolling_validation_blocks,1,3,fusion,,,,0.14957231333999857,0.17984744037806918,0.12417799716479079,0.057929271758445144,0.0685085539515124,0.5326600374241027,,,,0.4,,,,,,,,,,,,,,,,,,,,,,,,,,,,,,,,,,,,,,,,,,,,
development,22464,2023-08-02T09:40:00+00:00,36,local_3_rolling_validation_blocks,1,3,fusion,,,,0.14652490165644316,0.17520076997930306,0.1209311185268864,0.05721491806289187,0.06666146707446972,0.5309239795926061,,,,0.5,,,,,,,,,,,,,,,,,,,,,,,,,,,,,,,,,,,,,,,,,,,,
development,22464,2023-08-02T09:40:00+00:00,36,local_3_rolling_validation_blocks,1,3,fusion,,,,0.14224816924286132,0.167364789661591,0.11642139827642534,0.055355188985799636,0.0654780068912597,0.526541555265197,,,,0.6,,,,,,,,,,,,,,,,,,,,,,,,,,,,,,,,,,,,,,,,,,,,
development,22464,2023-08-02T09:40:00+00:00,36,local_3_rolling_validation_blocks,1,3,fusion,,,,0.13692610484972978,0.1573486753562282,0.11129429514808306,0.05223009950913161,0.0652399149399379,0.5219535292645426,,,,0.7,,,,,,,,,,,,,,,,,,,,,,,,,,,,,,,,,,,,,,,,,,,,
development,22464,2023-08-02T09:40:00+00:00,36,local_3_rolling_validation_blocks,1,3,fusion,,,,0.1304029819303867,0.1442665765103598,0.10483158115688115,0.04842043969982513,0.06539658580340252,0.5182914706072108,,,,0.8,,,,,,,,,,,,,,,,,,,,,,,,,,,,,,,,,,,,,,,,,,,,
development,22464,2023-08-02T09:40:00+00:00,36,local_3_rolling_validation_blocks,1,3,fusion,,,,0.12300081046154289,0.13047111431982494,0.09827376559864393,0.04374890099670155,0.06607641687746292,0.5148152831907217,,,,0.9,,,,,,,,,,,,,,,,,,,,,,,,,,,,,,,,,,,,,,,,,,,,
development,22464,2023-08-02T09:40:00+00:00,36,local_3_rolling_validation_blocks,1,3,fusion,,,,0.1182833610499701,0.12426360916819201,0.09570713240743832,0.039535053342125655,0.06715065564668463,0.5116458912231273,,,,1.0,,,,,,,,,,,,,,,,,,,,,,,,,,,,,,,,,,,,,,,,,,,,
development,22752,2023-08-03T09:40:00+00:00,36,local_3_rolling_validation_blocks,1,3,branch1,7.0,3.0,all_1_6_24,0.12288302644073201,0.11044281108590077,0.08992387075502689,0.04953076311980672,0.06940493042415301,0.4985144613600439,"{'1': 0.12832781682379446, '6': 0.11818218699486131, '24': 0.11756867083131162}",,,,,,,,,,,,,,,,,,,,,,,,,,,,,,,,,,,,,,,,,,,,,,,
development,22752,2023-08-03T09:40:00+00:00,36,local_3_rolling_validation_blocks,1,3,branch1,7.0,7.0,all_1_6_24,0.11963354287975242,0.10815116282256279,0.08935039211122961,0.04549488352732554,0.07054962139989641,0.4942319803199287,"{'1': 0.12958223700338087, '6': 0.12033926803653767, '24': 0.11315612034482282}",,,,,,,,,,,,,,,,,,,,,,,,,,,,,,,,,,,,,,,,,,,,,,,
development,22752,2023-08-03T09:40:00+00:00,36,local_3_rolling_validation_blocks,1,3,branch1,7.0,14.0,all_1_6_24,0.1184739103660486,0.10717924761494357,0.0891426565877044,0.04401731447595578,0.07110606556046521,0.49281805662088923,"{'1': 0.1292932994309916, '6': 0.1208780154642387, '24': 0.11173489934619894}",,,,,,,,,,,,,,,,,,,,,,,,,,,,,,,,,,,,,,,,,,,,,,,
development,22752,2023-08-03T09:40:00+00:00,36,local_3_rolling_validation_blocks,1,3,branch1,14.0,3.0,all_1_6_24,0.123583120058463,0.11384418520773079,0.09235844959450008,0.047515449919585,0.07087271398126938,0.49641874823609244,"{'1': 0.12967292360175378, '6': 0.11988234015901562, '24': 0.1159169361364734}",,,,,,,,,,,,,,,,,,,,,,,,,,,,,,,,,,,,,,,,,,,,,,,
development,22752,2023-08-03T09:40:00+00:00,36,local_3_rolling_validation_blocks,1,3,branch1,14.0,7.0,all_1_6_24,0.12119731944493506,0.11323368314754176,0.09485805143570249,0.040157481317065535,0.07648241972386322,0.5008744746116467,"{'1': 0.13244419696670442, '6': 0.12045680827228215, '24': 0.11133741875169541}",,,,,,,,,,,,,,,,,,,,,,,,,,,,,,,,,,,,,,,,,,,,,,,
development,22752,2023-08-03T09:40:00+00:00,36,local_3_rolling_validation_blocks,1,3,branch1,14.0,14.0,all_1_6_24,0.12072585349972564,0.11230787093451948,0.09547623913919051,0.038261668415972616,0.07864460734386156,0.5040806377532517,"{'1': 0.1334191845608221, '6': 0.12030583781550151, '24': 0.11194739686943857}",,,,,,,,,,,,,,,,,,,,,,,,,,,,,,,,,,,,,,,,,,,,,,,
development,22752,2023-08-03T09:40:00+00:00,36,local_3_rolling_validation_blocks,1,3,branch1,21.0,3.0,all_1_6_24,0.12302596118173685,0.11398071589851212,0.09242934099229508,0.04671132097896033,0.07087796608607802,0.4934798112399211,"{'1': 0.12978908043519666, '6': 0.12012763401748365, '24': 0.11495743843301659}",,,,,,,,,,,,,,,,,,,,,,,,,,,,,,,,,,,,,,,,,,,,,,,
development,22752,2023-08-03T09:40:00+00:00,36,local_3_rolling_validation_blocks,1,3,branch1,21.0,7.0,all_1_6_24,0.12270436580017041,0.11129496858424126,0.0944993305856355,0.04217950126257754,0.07770369258702976,0.4895217974011857,"{'1': 0.1331016278543087, '6': 0.11949849805091202, '24': 0.11428209687929984}",,,,,,,,,,,,,,,,,,,,,,,,,,,,,,,,,,,,,,,,,,,,,,,
development,22752,2023-08-03T09:40:00+00:00,36,local_3_rolling_validation_blocks,1,3,branch1,21.0,14.0,all_1_6_24,0.11925966975833313,0.10790027406422834,0.0950252589361465,0.03584862636367803,0.08215024380806464,0.49012483922313876,"{'1': 0.1290062468673856, '6': 0.11646406911723566, '24': 0.11435420760939545}",,,,,,,,,,,,,,,,,,,,,,,,,,,,,,,,,,,,,,,,,,,,,,,
development,22752,2023-08-03T09:40:00+00:00,36,local_3_rolling_validation_blocks,1,3,branch2,,,history_only,0.15282854249835773,0.11914408789936408,0.10259903199523307,0.0723083676624928,0.08605397609110205,0.5359829703910745,,7.0,0.0,,,,,,,,,,,,,,,,,,,,,,,,,,,,,,,,,,,,,,,,,,,,,
development,22752,2023-08-03T09:40:00+00:00,36,local_3_rolling_validation_blocks,1,3,branch2,,,history_only,0.1518903842816435,0.10923479292217864,0.10080716206711199,0.07256956082402086,0.09237953121204533,0.5394153915546992,,14.0,0.0,,,,,,,,,,,,,,,,,,,,,,,,,,,,,,,,,,,,,,,,,,,,,
development,22752,2023-08-03T09:40:00+00:00,36,local_3_rolling_validation_blocks,1,3,branch2,,,history_only,0.1522684483879912,0.1086443381348626,0.10175889082968329,0.07165219512245925,0.09487344352450397,0.5400732568330677,,21.0,0.0,,,,,,,,,,,,,,,,,,,,,,,,,,,,,,,,,,,,,,,,,,,,,
development,22752,2023-08-03T09:40:00+00:00,36,local_3_rolling_validation_blocks,1,3,fusion,,,,0.15282854249835773,0.11914408789936408,0.10259903199523307,0.0723083676624928,0.08605397609110205,0.5359829703910745,,,,0.0,,,,,,,,,,,,,,,,,,,,,,,,,,,,,,,,,,,,,,,,,,,,
development,22752,2023-08-03T09:40:00+00:00,36,local_3_rolling_validation_blocks,1,3,fusion,,,,0.15076304629427292,0.11846127171867224,0.09600394571730235,0.07958227934713495,0.07354661971593246,0.5271417247651364,,,,0.1,,,,,,,,,,,,,,,,,,,,,,,,,,,,,,,,,,,,,,,,,,,,
development,22752,2023-08-03T09:40:00+00:00,36,local_3_rolling_validation_blocks,1,3,fusion,,,,0.1490836052334086,0.12366743401570131,0.09724657664653205,0.0764168144772338,0.07082571927736281,0.5203138073936523,,,,0.2,,,,,,,,,,,,,,,,,,,,,,,,,,,,,,,,,,,,,,,,,,,,
development,22752,2023-08-03T09:40:00+00:00,36,local_3_rolling_validation_blocks,1,3,fusion,,,,0.14579275100905748,0.1275577328842719,0.09810526364445118,0.07159952186884602,0.06865279440463046,0.49980787207022875,,,,0.3,,,,,,,,,,,,,,,,,,,,,,,,,,,,,,,,,,,,,,,,,,,,
development,22752,2023-08-03T09:40:00+00:00,36,local_3_rolling_validation_blocks,1,3,fusion,,,,0.1461524432483234,0.12795657008812558,0.09766090912585701,0.07290228033832545,0.06736524816358845,0.49538785723058076,,,,0.4,,,,,,,,,,,,,,,,,,,,,,,,,,,,,,,,,,,,,,,,,,,,
development,22752,2023-08-03T09:40:00+00:00,36,local_3_rolling_validation_blocks,1,3,fusion,,,,0.14522110771347838,0.12295465656794322,0.09473192763900581,0.07502885819013833,0.0665091987100684,0.4952945655639321,,,,0.5,,,,,,,,,,,,,,,,,,,,,,,,,,,,,,,,,,,,,,,,,,,,
development,22752,2023-08-03T09:40:00+00:00,36,local_3_rolling_validation_blocks,1,3,fusion,,,,0.141393502397983,0.11700195665957135,0.09137783638138156,0.07376221291548403,0.06575371610319178,0.49465804205909997,,,,0.6,,,,,,,,,,,,,,,,,,,,,,,,,,,,,,,,,,,,,,,,,,,,
development,22752,2023-08-03T09:40:00+00:00,36,local_3_rolling_validation_blocks,1,3,fusion,,,,0.1380025570881191,0.1178117709916585,0.0917528166059885,0.06878073658453952,0.06569386222031848,0.4941665291253095,,,,0.7,,,,,,,,,,,,,,,,,,,,,,,,,,,,,,,,,,,,,,,,,,,,
development,22752,2023-08-03T09:40:00+00:00,36,local_3_rolling_validation_blocks,1,3,fusion,,,,0.1326462092568055,0.11741353309137877,0.09196000494414415,0.06117724936203512,0.06650647679690953,0.4935690121747751,,,,0.8,,,,,,,,,,,,,,,,,,,,,,,,,,,,,,,,,,,,,,,,,,,,
development,22752,2023-08-03T09:40:00+00:00,36,local_3_rolling_validation_blocks,1,3,fusion,,,,0.12794510574863063,0.11585125107436225,0.09209011694639713,0.054291387659996415,0.06832898281843201,0.49415807096583597,,,,0.9,,,,,,,,,,,,,,,,,,,,,,,,,,,,,,,,,,,,,,,,,,,,
development,22752,2023-08-03T09:40:00+00:00,36,local_3_rolling_validation_blocks,1,3,fusion,,,,0.1236536325036739,0.1139879780322747,0.09247019962337658,0.04747093318550813,0.07095242121447845,0.49643810677778294,,,,1.0,,,,,,,,,,,,,,,,,,,,,,,,,,,,,,,,,,,,,,,,,,,,
development,23040,2023-08-04T09:40:00+00:00,36,local_3_rolling_validation_blocks,1,3,branch1,7.0,3.0,all_1_6_24,0.1268808977972583,0.12644758914991117,0.1017986056925824,0.04078346492679381,0.07714962223525362,0.5548368691898973,"{'1': 0.13102875366824573, '6': 0.13186754235567597, '24': 0.11645769264005494}",,,,,,,,,,,,,,,,,,,,,,,,,,,,,,,,,,,,,,,,,,,,,,,
development,23040,2023-08-04T09:40:00+00:00,36,local_3_rolling_validation_blocks,1,3,branch1,7.0,7.0,all_1_6_24,0.12447628735749723,0.1260064625158998,0.10220486647596798,0.03700958919248499,0.07840327043603615,0.5555380954396233,"{'1': 0.1312271640774163, '6': 0.13291154906276306, '24': 0.11268038699049786}",,,,,,,,,,,,,,,,,,,,,,,,,,,,,,,,,,,,,,,,,,,,,,,
development,23040,2023-08-04T09:40:00+00:00,36,local_3_rolling_validation_blocks,1,3,branch1,7.0,14.0,all_1_6_24,0.12307160049173164,0.12552966377114877,0.10219056711858612,0.03514509066473734,0.07885147046602349,0.5551042252094008,"{'1': 0.13057145431183892, '6': 0.13308761932399224, '24': 0.11124975477247152}",,,,,,,,,,,,,,,,,,,,,,,,,,,,,,,,,,,,,,,,,,,,,,,
development,23040,2023-08-04T09:40:00+00:00,36,local_3_rolling_validation_blocks,1,3,branch1,14.0,3.0,all_1_6_24,0.1289637288206875,0.13122400820742974,0.10422080046513418,0.041358680984751754,0.07721759272283862,0.5560704398891368,"{'1': 0.13506868228810914, '6': 0.13287467827571833, '24': 0.11635822869962888}",,,,,,,,,,,,,,,,,,,,,,,,,,,,,,,,,,,,,,,,,,,,,,,
development,23040,2023-08-04T09:40:00+00:00,36,local_3_rolling_validation_blocks,1,3,branch1,14.0,7.0,all_1_6_24,0.12744304848300195,0.13755782610486572,0.10767581326307105,0.037104945368485256,0.07779380042127636,0.5537202504336082,"{'1': 0.13837025641086007, '6': 0.13369955808905976, '24': 0.11308812968497813}",,,,,,,,,,,,,,,,,,,,,,,,,,,,,,,,,,,,,,,,,,,,,,,
development,23040,2023-08-04T09:40:00+00:00,36,local_3_rolling_validation_blocks,1,3,branch1,14.0,14.0,all_1_6_24,0.12763967436159235,0.1408903742987071,0.1099037341544591,0.03562641896610004,0.0789170940102111,0.5556341007403828,"{'1': 0.14087714135373933, '6': 0.13444731891456682, '24': 0.11232281296382214}",,,,,,,,,,,,,,,,,,,,,,,,,,,,,,,,,,,,,,,,,,,,,,,
development,23040,2023-08-04T09:40:00+00:00,36,local_3_rolling_validation_blocks,1,3,branch1,21.0,3.0,all_1_6_24,0.12826714498488243,0.1325745454903272,0.10491473009330013,0.0400089259341246,0.07725491469627305,0.5544246704044099,"{'1': 0.13491816166506929, '6': 0.13357461842763163, '24': 0.11761308811640392}",,,,,,,,,,,,,,,,,,,,,,,,,,,,,,,,,,,,,,,,,,,,,,,
development,23040,2023-08-04T09:40:00+00:00,36,local_3_rolling_validation_blocks,1,3,branch1,21.0,7.0,all_1_6_24,0.12833561918197586,0.13893218815944391,0.10906521311312531,0.03657031445122848,0.07919823806680669,0.5441989132802695,"{'1': 0.13917966465113826, '6': 0.13389299676531008, '24': 0.1150675034268354}",,,,,,,,,,,,,,,,,,,,,,,,,,,,,,,,,,,,,,,,,,,,,,,
development,23040,2023-08-04T09:40:00+00:00,36,local_3_rolling_validation_blocks,1,3,branch1,21.0,14.0,all_1_6_24,0.1260697642003836,0.14174909827741403,0.11175408065020181,0.03177543568003023,0.08175906302298959,0.543538334988431,"{'1': 0.13790568359077102, '6': 0.13041325659106492, '24': 0.11441126672421316}",,,,,,,,,,,,,,,,,,,,,,,,,,,,,,,,,,,,,,,,,,,,,,,
development,23040,2023-08-04T09:40:00+00:00,36,local_3_rolling_validation_blocks,1,3,branch2,,,history_only,0.1618115605406967,0.12562773621671397,0.11754263476676509,0.0629527983650691,0.10945753331681621,0.5399557675780359,,7.0,0.0,,,,,,,,,,,,,,,,,,,,,,,,,,,,,,,,,,,,,,,,,,,,,
development,23040,2023-08-04T09:40:00+00:00,36,local_3_rolling_validation_blocks,1,3,branch2,,,history_only,0.16340693013806476,0.11936518604715086,0.11854694835636498,0.06344511228498712,0.11772871066557908,0.5409966287619105,,14.0,0.0,,,,,,,,,,,,,,,,,,,,,,,,,,,,,,,,,,,,,,,,,,,,,
development,23040,2023-08-04T09:40:00+00:00,36,local_3_rolling_validation_blocks,1,3,branch2,,,history_only,0.15217825338256785,0.11781752893109723,0.10394954487790628,0.06913921199908872,0.09008156082471534,0.5407621874649348,,21.0,0.0,,,,,,,,,,,,,,,,,,,,,,,,,,,,,,,,,,,,,,,,,,,,,
development,23040,2023-08-04T09:40:00+00:00,36,local_3_rolling_validation_blocks,1,3,fusion,,,,0.16340693013806476,0.11936518604715086,0.11854694835636498,0.06344511228498712,0.11772871066557908,0.5409966287619105,,,,0.0,,,,,,,,,,,,,,,,,,,,,,,,,,,,,,,,,,,,,,,,,,,,
development,23040,2023-08-04T09:40:00+00:00,36,local_3_rolling_validation_blocks,1,3,fusion,,,,0.16014510415596375,0.12844420675901452,0.10224845441773425,0.08462577855263484,0.07605270207645397,0.5465080702818504,,,,0.1,,,,,,,,,,,,,,,,,,,,,,,,,,,,,,,,,,,,,,,,,,,,
development,23040,2023-08-04T09:40:00+00:00,36,local_3_rolling_validation_blocks,1,3,fusion,,,,0.16220130672802335,0.1364064044635611,0.1044997853620727,0.0856599052311844,0.07259316626058432,0.5474418696310827,,,,0.2,,,,,,,,,,,,,,,,,,,,,,,,,,,,,,,,,,,,,,,,,,,,
development,23040,2023-08-04T09:40:00+00:00,36,local_3_rolling_validation_blocks,1,3,fusion,,,,0.16329265282223085,0.14318285175079296,0.10700868702708606,0.08490082296556366,0.07083452230337917,0.5425861583840473,,,,0.3,,,,,,,,,,,,,,,,,,,,,,,,,,,,,,,,,,,,,,,,,,,,
development,23040,2023-08-04T09:40:00+00:00,36,local_3_rolling_validation_blocks,1,3,fusion,,,,0.1647638782585399,0.14869199120898424,0.10885710094406847,0.08549277447631687,0.0690222106791527,0.5437209191957973,,,,0.4,,,,,,,,,,,,,,,,,,,,,,,,,,,,,,,,,,,,,,,,,,,,
development,23040,2023-08-04T09:40:00+00:00,36,local_3_rolling_validation_blocks,1,3,fusion,,,,0.16211475340930995,0.15250087512563756,0.11018294926077504,0.08116462158629363,0.06786502339591252,0.5454775362712052,,,,0.5,,,,,,,,,,,,,,,,,,,,,,,,,,,,,,,,,,,,,,,,,,,,
development,23040,2023-08-04T09:40:00+00:00,36,local_3_rolling_validation_blocks,1,3,fusion,,,,0.15622175481416142,0.1467855274846116,0.10758627039410322,0.07586309067774191,0.06838701330359484,0.5473922155760845,,,,0.6,,,,,,,,,,,,,,,,,,,,,,,,,,,,,,,,,,,,,,,,,,,,
development,23040,2023-08-04T09:40:00+00:00,36,local_3_rolling_validation_blocks,1,3,fusion,,,,0.1509744561144027,0.14605001458930342,0.10795465009649072,0.06832943692287914,0.06985928560367802,0.551153537708373,,,,0.7,,,,,,,,,,,,,,,,,,,,,,,,,,,,,,,,,,,,,,,,,,,,
development,23040,2023-08-04T09:40:00+00:00,36,local_3_rolling_validation_blocks,1,3,fusion,,,,0.14261475893273862,0.14285192747901412,0.10728563096549126,0.05778929137516885,0.07171933445196839,0.5542022397243875,,,,0.8,,,,,,,,,,,,,,,,,,,,,,,,,,,,,,,,,,,,,,,,,,,,
development,23040,2023-08-04T09:40:00+00:00,36,local_3_rolling_validation_blocks,1,3,fusion,,,,0.13492813434213877,0.13726970918542808,0.1057451933185746,0.04863967681494858,0.07422067745172112,0.5561274724575535,,,,0.9,,,,,,,,,,,,,,,,,,,,,,,,,,,,,,,,,,,,,,,,,,,,
development,23040,2023-08-04T09:40:00+00:00,36,local_3_rolling_validation_blocks,1,3,fusion,,,,0.12916962241471422,0.1313106266320692,0.10448289179487895,0.04121513769303321,0.07765515695768871,0.556965637728684,,,,1.0,,,,,,,,,,,,,,,,,,,,,,,,,,,,,,,,,,,,,,,,,,,,
heldout_preselection,23293,2023-08-05T06:45:00+00:00,36,pooled_latest_6_development_origins,6,18,branch1,7.0,3.0,all_1_6_24,0.1476791636641078,0.12998456585692264,0.12388249427986359,0.03371077880666615,0.11826473784271425,0.5497264700821171,"{'1': 0.13422826578801983, '6': 0.1453673528040035, '24': 0.14970734070226885}",,,,,,,,,,,,,,,,,,,,,,,,,,,,,,,,,,,,,,,,,,,,,,,
heldout_preselection,23293,2023-08-05T06:45:00+00:00,36,pooled_latest_6_development_origins,6,18,branch1,7.0,7.0,all_1_6_24,0.14088082060837556,0.12685551516375373,0.12084422899918862,0.02744281493931286,0.11655532862295022,0.5481260233112706,"{'1': 0.13033382075788397, '6': 0.14281586958554074, '24': 0.14637675097713973}",,,,,,,,,,,,,,,,,,,,,,,,,,,,,,,,,,,,,,,,,,,,,,,
heldout_preselection,23293,2023-08-05T06:45:00+00:00,36,pooled_latest_6_development_origins,6,18,branch1,7.0,14.0,all_1_6_24,0.1353578932618621,0.1252664769917736,0.11962333289746936,0.020604336865142844,0.11578534221449488,0.5468138452348155,"{'1': 0.129792307938448, '6': 0.14160322217421709, '24': 0.14529794670363574}",,,,,,,,,,,,,,,,,,,,,,,,,,,,,,,,,,,,,,,,,,,,,,,
heldout_preselection,23293,2023-08-05T06:45:00+00:00,36,pooled_latest_6_development_origins,6,18,branch1,14.0,3.0,all_1_6_24,0.15273279296083933,0.13067821221675258,0.12492827224901912,0.039523479497920976,0.11643816692506272,0.5477603928711862,"{'1': 0.13786359076073085, '6': 0.14751070619921178, '24': 0.15112875302155118}",,,,,,,,,,,,,,,,,,,,,,,,,,,,,,,,,,,,,,,,,,,,,,,
heldout_preselection,23293,2023-08-05T06:45:00+00:00,36,pooled_latest_6_development_origins,6,18,branch1,14.0,7.0,all_1_6_24,0.15086129834062187,0.12891400064006084,0.12275875170445177,0.03985903972565339,0.11373938403837107,0.5435396765384118,"{'1': 0.13429106565077012, '6': 0.14498618319860104, '24': 0.14982189496665896}",,,,,,,,,,,,,,,,,,,,,,,,,,,,,,,,,,,,,,,,,,,,,,,
heldout_preselection,23293,2023-08-05T06:45:00+00:00,36,pooled_latest_6_development_origins,6,18,branch1,14.0,14.0,all_1_6_24,0.15028886413467427,0.12950254835614844,0.12245430871519232,0.03876889874128123,0.11382646578890672,0.5431331233708645,"{'1': 0.13475805567466528, '6': 0.14308385674580582, '24': 0.14975198342440157}",,,,,,,,,,,,,,,,,,,,,,,,,,,,,,,,,,,,,,,,,,,,,,,
heldout_preselection,23293,2023-08-05T06:45:00+00:00,36,pooled_latest_6_development_origins,6,18,branch1,21.0,3.0,all_1_6_24,0.15270008381996905,0.13011421714103683,0.12433625713252325,0.03953390016671292,0.11744574744324159,0.5439239510600544,"{'1': 0.1385262313031578, '6': 0.14625871490537115, '24': 0.15125315811836282}",,,,,,,,,,,,,,,,,,,,,,,,,,,,,,,,,,,,,,,,,,,,,,,
heldout_preselection,23293,2023-08-05T06:45:00+00:00,36,pooled_latest_6_development_origins,6,18,branch1,21.0,7.0,all_1_6_24,0.15313661525793923,0.13057450176781862,0.12411217914562178,0.04064528563009161,0.11559343430166867,0.5299330462866577,"{'1': 0.1396680849411878, '6': 0.14359403335007323, '24': 0.15062400104239346}",,,,,,,,,,,,,,,,,,,,,,,,,,,,,,,,,,,,,,,,,,,,,,,
heldout_preselection,23293,2023-08-05T06:45:00+00:00,36,pooled_latest_6_development_origins,6,18,branch1,21.0,14.0,all_1_6_24,0.14995995109119603,0.12769477398391146,0.12096219336884576,0.040814566153698766,0.11181260924212598,0.5246070833267614,"{'1': 0.13834556342730991, '6': 0.1434851880436234, '24': 0.14897032637821447}",,,,,,,,,,,,,,,,,,,,,,,,,,,,,,,,,,,,,,,,,,,,,,,
heldout_preselection,23293,2023-08-05T06:45:00+00:00,36,pooled_latest_6_development_origins,6,18,branch2,,,history_only,0.15480651191450093,0.1555050901403723,0.15171150885990242,0.005306800145311887,0.14599876322110378,0.5367542273688445,,7.0,0.0,,,,,,,,,,,,,,,,,,,,,,,,,,,,,,,,,,,,,,,,,,,,,
heldout_preselection,23293,2023-08-05T06:45:00+00:00,36,pooled_latest_6_development_origins,6,18,branch2,,,history_only,0.15447181082075173,0.15352852573045717,0.15052600038216418,0.004970413831784711,0.14876742741935856,0.5382219034893586,,14.0,0.0,,,,,,,,,,,,,,,,,,,,,,,,,,,,,,,,,,,,,,,,,,,,,
heldout_preselection,23293,2023-08-05T06:45:00+00:00,36,pooled_latest_6_development_origins,6,18,branch2,,,history_only,0.15100166665902376,0.15142343173806683,0.1495066044289113,0.003655977364815596,0.14482439304893102,0.5383771861876527,,21.0,0.0,,,,,,,,,,,,,,,,,,,,,,,,,,,,,,,,,,,,,,,,,,,,,
heldout_preselection,23293,2023-08-05T06:45:00+00:00,36,pooled_latest_6_development_origins,6,18,fusion,,,,0.1548065119145009,0.12238591205803903,0.10864396982334348,0.061654145437346965,0.08605397609110205,0.5367542273688446,,,,0.0,,,,,,,,,,,,,,,,,,,,,,,,,,,,,,,,,,,,,,,,,,,,
heldout_preselection,23293,2023-08-05T06:45:00+00:00,36,pooled_latest_6_development_origins,6,18,fusion,,,,0.15360989566997152,0.1325841263656271,0.08509759824020553,0.07091509296861012,0.07385304498821882,0.5437967529466188,,,,0.1,,,,,,,,,,,,,,,,,,,,,,,,,,,,,,,,,,,,,,,,,,,,
heldout_preselection,23293,2023-08-05T06:45:00+00:00,36,pooled_latest_6_development_origins,6,18,fusion,,,,0.15326168177344762,0.1407022957973595,0.08326150661564478,0.06977746219093985,0.06990324166517724,0.5439179540193797,,,,0.2,,,,,,,,,,,,,,,,,,,,,,,,,,,,,,,,,,,,,,,,,,,,
heldout_preselection,23293,2023-08-05T06:45:00+00:00,36,pooled_latest_6_development_origins,6,18,fusion,,,,0.14995989224603068,0.14546924190675364,0.08111218035157819,0.06555969397147034,0.06802717692393725,0.5345614797850955,,,,0.3,,,,,,,,,,,,,,,,,,,,,,,,,,,,,,,,,,,,,,,,,,,,
heldout_preselection,23293,2023-08-05T06:45:00+00:00,36,pooled_latest_6_development_origins,6,18,fusion,,,,0.14651739876745165,0.14863696489837588,0.07610163755836315,0.06284756826603621,0.06684229531075735,0.5287165936286917,,,,0.4,,,,,,,,,,,,,,,,,,,,,,,,,,,,,,,,,,,,,,,,,,,,
heldout_preselection,23293,2023-08-05T06:45:00+00:00,36,pooled_latest_6_development_origins,6,18,fusion,,,,0.14509596424383905,0.15268729617797272,0.07478505347713223,0.06071223993722165,0.06662827809490146,0.5318396020208247,,,,0.5,,,,,,,,,,,,,,,,,,,,,,,,,,,,,,,,,,,,,,,,,,,,
heldout_preselection,23293,2023-08-05T06:45:00+00:00,36,pooled_latest_6_development_origins,6,18,fusion,,,,0.1423274099427034,0.1503758705006338,0.07444922220805125,0.05781409085300722,0.0667854200417078,0.532987434129215,,,,0.6,,,,,,,,,,,,,,,,,,,,,,,,,,,,,,,,,,,,,,,,,,,,
heldout_preselection,23293,2023-08-05T06:45:00+00:00,36,pooled_latest_6_development_origins,6,18,fusion,,,,0.14275024228807232,0.1439737309541229,0.07595255907631782,0.057137034744679224,0.06686862486093084,0.5317387587354508,,,,0.7,,,,,,,,,,,,,,,,,,,,,,,,,,,,,,,,,,,,,,,,,,,,
heldout_preselection,23293,2023-08-05T06:45:00+00:00,36,pooled_latest_6_development_origins,6,18,fusion,,,,0.1490690118695628,0.13741321868901538,0.08017613461660421,0.0678376566813916,0.06715130513185581,0.5313009494609708,,,,0.8,,,,,,,,,,,,,,,,,,,,,,,,,,,,,,,,,,,,,,,,,,,,
heldout_preselection,23293,2023-08-05T06:45:00+00:00,36,pooled_latest_6_development_origins,6,18,fusion,,,,0.1540608765436679,0.1340850992203135,0.08493882396965191,0.08089507029757737,0.06737627213596727,0.5310294763913588,,,,0.9,,,,,,,,,,,,,,,,,,,,,,,,,,,,,,,,,,,,,,,,,,,,
heldout_preselection,23293,2023-08-05T06:45:00+00:00,36,pooled_latest_6_development_origins,6,18,fusion,,,,0.15320055979429392,0.1452666823193361,0.0860648101207843,0.08433808765985043,0.06799870922972946,0.5296532103848439,,,,1.0,,,,,,,,,,,,,,,,,,,,,,,,,,,,,,,,,,,,,,,,,,,,
heldout_preselection,23293,2023-08-05T06:45:00+00:00,36,pooled_latest_6_development_origins,6,18,,,,,,,,,,,"{'1': 0.1396680849411878, '6': 0.14359403335007323, '24': 0.15062400104239348}",,,,2023-07-29T09:40:00+00:00,2023-07-24T21:40:00+00:00,2023-08-02T21:40:00+00:00,18.0,3.0,21.0,7.0,"[1, 6, 24]","{'1': 0.3285352986072642, '6': 0.332332572151681, '24': 0.33913212924105474}",7.0,0.0,21.0,-1.0,0.0,0.1548065119145009,0.5367542273688446,0.15320055979429392,0.1548065119145009,0.1452666823193361,0.12238591205803903,0.13002797961235046,0.09090909090909091,0.12562773621671397,hold,False,False,False,False,False,False,False,False,0.0,"{'delta': 0.01, 'min_subwindow': 4, 'max_window': 64, 'values': [0.6765232505849683, 0.6865264856030033, 0.6824093761289286, 0.6837365420782918, 0.6836092475082921, 0.6901341696504273, 0.6797909990837472, 0.6717276829639128, 0.6342822367851441, 0.655351073904651, 0.5757320100366314, 0.6069089630456879, 0.5303827071057322, 0.6177069508800853, 0.49622094005824424, 0.576740467382611, 0.5947047669487415, 0.5156474272477138, 0.7713596415145056, 0.730066089478748, 0.6624288242205129, 0.6662936426750076, 0.6299664694862602], 'last_cut': None, 'last_difference': None, 'trigger_streak': 0, 'cooldown_remaining': 0}","{'delta': 0.01, 'min_subwindow': 4, 'max_window': 64, 'values': [0.203270822763443, 0.19208265841007233, 0.14750918745994568, 0.18648581206798553, 0.14724434912204742, 0.13809053599834442, 0.13578176498413086, 0.16641663014888763, 0.19385823607444763, 0.19160853326320648, 0.26514896750450134, 0.281981498003006, 0.2755596339702606, 0.3096940219402313, 0.2769528329372406, 0.2600110173225403, 0.27827751636505127, 0.25435492396354675, 0.20422935485839844, 0.12187346071004868, 0.19277359545230865, 0.15499241650104523, 0.12687969207763672], 'last_cut': None, 'last_difference': None, 'trigger_streak': 0, 'cooldown_remaining': 0}","{'delta': 0.01, 'min_subwindow': 4, 'max_window': 64, 'values': [0.09242215980398016, 0.08076647564469915, 0.07433671932754703, 0.11221632773356911, 0.09671626475115444, 0.0, 0.09575337279049839, 0.08200300177377541, 0.12545715778474398, 0.03393581704168203, 0.14601659603262224, 0.024966519992347426, 0.0, 0.1581259150805271, 0.08618644737882501, 0.24659622452388907, 0.1493270559336779, 0.10303158787364851, 0.032941503514554625, 0.052555429554608374, 0.1438477801268499, 0.13242146400120247, 0.111438483106021], 'last_cut': None, 'last_difference': None, 'trigger_streak': 0, 'cooldown_remaining': 0}",62.0,0.0,8.0,2.0,3.0,0.14869202380265167,-0.023064287585937704,23.0
