selection_stage,selection_origin_idx,selection_origin_time,purge_hours,selection_role,candidate_b1_train_days,candidate_b1_half_life_days,candidate_L_obs_hours,val_pr_auc_mean,val_pr_auc_median,val_pr_auc_q25,val_pr_auc_std,val_pr_auc_min,val_roc_auc_mean,candidate_b2_train_days,candidate_b2_half_life_days,candidate_lambda,train_end_time,validation_start_time,validation_end_time,validation_block_count,validation_block_days,selected_b1_train_days,selected_b1_half_life_days,selected_b1_input_hours,selected_b1_input_weights,selected_b2_train_days,selected_b2_half_life_days,selected_L_train_days,selected_L_obs_hours,selected_lambda,val_pr_auc,val_roc_auc,val_pr_auc_b1,val_pr_auc_b2,val_pr_auc_b1_median,val_pr_auc_b2_median,prediction_disagreement,validation_positive_rate,latest_val_pr_auc,adst_action,adwin_triggered,adwin_loss_triggered,adwin_disagreement_triggered,adwin_prevalence_triggered,adwin_stable,adwin_stable_count,adwin_loss_state,adwin_disagreement_state,adwin_prevalence_state,previous_val_pr_auc,val_pr_auc_delta,candidate_count,branch1_input_validation_ap
development,18144,2023-07-18T09:40:00+00:00,36,branch1,7.0,3.0,all_1_6_24,0.14420563585864943,0.12265297305295447,0.11333263118299419,0.04431926613172519,0.1040122893130339,0.6536101375973885,,,,,,,,,,,,,,,,,,,,,,,,,,,,,,,,,,,,,,,,
development,18144,2023-07-18T09:40:00+00:00,36,branch1,7.0,7.0,all_1_6_24,0.14519432521935058,0.12124127501613718,0.11308849099364708,0.04588988023012215,0.10493570697115698,0.6533494870913515,,,,,,,,,,,,,,,,,,,,,,,,,,,,,,,,,,,,,,,,
development,18144,2023-07-18T09:40:00+00:00,36,branch1,7.0,14.0,all_1_6_24,0.14592317839875904,0.1212995579727646,0.11339139571581608,0.046457792198029306,0.10548323345886756,0.6540248416027091,,,,,,,,,,,,,,,,,,,,,,,,,,,,,,,,,,,,,,,,
development,18144,2023-07-18T09:40:00+00:00,36,branch1,14.0,3.0,all_1_6_24,0.13976496022991144,0.11116651373408375,0.1083336702567872,0.04451069512144036,0.10550082677949066,0.6391818947057959,,,,,,,,,,,,,,,,,,,,,,,,,,,,,,,,,,,,,,,,
development,18144,2023-07-18T09:40:00+00:00,36,branch1,14.0,7.0,all_1_6_24,0.13538935849403955,0.10671327715234484,0.10431394578913364,0.04399091281413447,0.10191461442592242,0.6222090058084963,,,,,,,,,,,,,,,,,,,,,,,,,,,,,,,,,,,,,,,,
development,18144,2023-07-18T09:40:00+00:00,36,branch1,14.0,14.0,all_1_6_24,0.1326287877014338,0.10698792888723618,0.10333775854735568,0.041530847252175554,0.09968758820747517,0.6155380596479912,,,,,,,,,,,,,,,,,,,,,,,,,,,,,,,,,,,,,,,,
development,18144,2023-07-18T09:40:00+00:00,36,branch1,21.0,3.0,all_1_6_24,0.13424798731483537,0.10353589418352799,0.10201157241729547,0.04560616108368115,0.10048725065106295,0.6224992396070541,,,,,,,,,,,,,,,,,,,,,,,,,,,,,,,,,,,,,,,,
development,18144,2023-07-18T09:40:00+00:00,36,branch1,21.0,7.0,all_1_6_24,0.1223586074940789,0.09360189249492949,0.08908106635632917,0.0472060878948138,0.08456024021772886,0.5775375866144424,,,,,,,,,,,,,,,,,,,,,,,,,,,,,,,,,,,,,,,,
development,18144,2023-07-18T09:40:00+00:00,36,branch1,21.0,14.0,all_1_6_24,0.11634875233150173,0.09039467058188345,0.0853408706820748,0.04404548457055054,0.08028707078226616,0.5627480241133376,,,,,,,,,,,,,,,,,,,,,,,,,,,,,,,,,,,,,,,,
development,18144,2023-07-18T09:40:00+00:00,36,branch2,,,history_only,0.07689489370940063,0.06341918964872716,0.06212892188323524,0.020908795004654493,0.06083865411774333,0.3847172234085858,7.0,3.0,,,,,,,,,,,,,,,,,,,,,,,,,,,,,,,,,,,,,,
development,18144,2023-07-18T09:40:00+00:00,36,branch2,,,history_only,0.0820647302899552,0.09249796212703607,0.0766658771622562,0.015013277670457901,0.060833792197476325,0.4045250946314655,7.0,7.0,,,,,,,,,,,,,,,,,,,,,,,,,,,,,,,,,,,,,,
development,18144,2023-07-18T09:40:00+00:00,36,branch2,,,history_only,0.08604179757735671,0.08988295391358272,0.07535824962410761,0.01920731848896519,0.06083354533463249,0.40803877464960303,7.0,14.0,,,,,,,,,,,,,,,,,,,,,,,,,,,,,,,,,,,,,,
development,18144,2023-07-18T09:40:00+00:00,36,branch2,,,history_only,0.17884622800530467,0.1072547395864179,0.08043942606785273,0.1408799892148624,0.05362411254928757,0.48384602049087083,14.0,3.0,,,,,,,,,,,,,,,,,,,,,,,,,,,,,,,,,,,,,,
development,18144,2023-07-18T09:40:00+00:00,36,branch2,,,history_only,0.16797179220502975,0.08844030348260297,0.07117301452735719,0.13761823848976412,0.05390572557211141,0.4066506520207936,14.0,7.0,,,,,,,,,,,,,,,,,,,,,,,,,,,,,,,,,,,,,,
development,18144,2023-07-18T09:40:00+00:00,36,branch2,,,history_only,0.16679236452358362,0.08764403563382465,0.06940387300518805,0.13853100344545008,0.05116371037655144,0.39081855035525237,14.0,14.0,,,,,,,,,,,,,,,,,,,,,,,,,,,,,,,,,,,,,,
development,18144,2023-07-18T09:40:00+00:00,36,branch2,,,history_only,0.17871835912135967,0.1064331416309732,0.08729286490185206,0.13023622940157878,0.06815258817273094,0.48868217295005323,21.0,3.0,,,,,,,,,,,,,,,,,,,,,,,,,,,,,,,,,,,,,,
development,18144,2023-07-18T09:40:00+00:00,36,branch2,,,history_only,0.18204770777597565,0.10566663295431013,0.09690876000491719,0.12061680817444634,0.08815088705552425,0.4787369729159134,21.0,7.0,,,,,,,,,,,,,,,,,,,,,,,,,,,,,,,,,,,,,,
development,18144,2023-07-18T09:40:00+00:00,36,branch2,,,history_only,0.19868058628834942,0.15746036990244902,0.12191203847273938,0.11238005062758931,0.08636370704302972,0.5637199563724994,21.0,14.0,,,,,,,,,,,,,,,,,,,,,,,,,,,,,,,,,,,,,,
development,18144,2023-07-18T09:40:00+00:00,36,fusion,,,,0.19868058628834942,0.15746036990244902,0.12191203847273938,0.11238005062758931,0.08636370704302972,0.5637199563724994,,,0.0,,,,,,,,,,,,,,,,,,,,,,,,,,,,,,,,,,,,,
development,18144,2023-07-18T09:40:00+00:00,36,fusion,,,,0.22062226521553296,0.1795335422663103,0.14739558055090887,0.10683098996120767,0.11525761883550745,0.6719522671738775,,,0.1,,,,,,,,,,,,,,,,,,,,,,,,,,,,,,,,,,,,,
development,18144,2023-07-18T09:40:00+00:00,36,fusion,,,,0.2169115910755081,0.16126366172392959,0.14898620169361845,0.0965826471399491,0.13670874166330732,0.6907255062643505,,,0.2,,,,,,,,,,,,,,,,,,,,,,,,,,,,,,,,,,,,,
development,18144,2023-07-18T09:40:00+00:00,36,fusion,,,,0.20788368987245934,0.15639310519377292,0.14813450627580502,0.08476673591878667,0.13987590735783711,0.6922786911958098,,,0.3,,,,,,,,,,,,,,,,,,,,,,,,,,,,,,,,,,,,,
development,18144,2023-07-18T09:40:00+00:00,36,fusion,,,,0.20631268582870899,0.18076463857879704,0.15382068903568868,0.0774261178971581,0.1268767394925803,0.6923178036331396,,,0.4,,,,,,,,,,,,,,,,,,,,,,,,,,,,,,,,,,,,,
development,18144,2023-07-18T09:40:00+00:00,36,fusion,,,,0.20067421270227456,0.19385793945701385,0.1561925901124794,0.07002153376359181,0.11852724076794496,0.6909429047363801,,,0.5,,,,,,,,,,,,,,,,,,,,,,,,,,,,,,,,,,,,,
development,18144,2023-07-18T09:40:00+00:00,36,fusion,,,,0.17905998198656212,0.20104113772800133,0.157178398977683,0.047331109400351616,0.11331566022736464,0.6874875717755332,,,0.6,,,,,,,,,,,,,,,,,,,,,,,,,,,,,,,,,,,,,
development,18144,2023-07-18T09:40:00+00:00,36,fusion,,,,0.15929997340760257,0.1609950206618137,0.13553302797258845,0.03952143855039501,0.11007103528336319,0.6788246701285705,,,0.7,,,,,,,,,,,,,,,,,,,,,,,,,,,,,,,,,,,,,
development,18144,2023-07-18T09:40:00+00:00,36,fusion,,,,0.15271718748036758,0.13914581311025026,0.1235775473524037,0.04312560553444373,0.10800928159455714,0.6697204664750164,,,0.8,,,,,,,,,,,,,,,,,,,,,,,,,,,,,,,,,,,,,
development,18144,2023-07-18T09:40:00+00:00,36,fusion,,,,0.14907251331548618,0.12771792146626829,0.11714830666829944,0.045965071283416106,0.10657869187033059,0.6616020019693353,,,0.9,,,,,,,,,,,,,,,,,,,,,,,,,,,,,,,,,,,,,
development,18144,2023-07-18T09:40:00+00:00,36,fusion,,,,0.14682916402245352,0.12166991261191337,0.11356993854519473,0.0474983355352089,0.10546996447847609,0.6548406318868579,,,1.0,,,,,,,,,,,,,,,,,,,,,,,,,,,,,,,,,,,,,
development,18432,2023-07-19T09:40:00+00:00,36,branch1,7.0,3.0,all_1_6_24,0.15934421154674697,0.1787637436272401,0.14058187372676373,0.04093841839080112,0.10240000382628738,0.681411510835466,,,,,,,,,,,,,,,,,,,,,,,,,,,,,,,,,,,,,,,,
development,18432,2023-07-19T09:40:00+00:00,36,branch1,7.0,7.0,all_1_6_24,0.15586150080379524,0.16965265283314945,0.1326506937356548,0.04461217824253809,0.09564873463816012,0.6658305531301069,,,,,,,,,,,,,,,,,,,,,,,,,,,,,,,,,,,,,,,,
development,18432,2023-07-19T09:40:00+00:00,36,branch1,7.0,14.0,all_1_6_24,0.15422192419310785,0.16546363471306014,0.12965862854417123,0.04540238573882345,0.09385362237528233,0.6606239389615355,,,,,,,,,,,,,,,,,,,,,,,,,,,,,,,,,,,,,,,,
development,18432,2023-07-19T09:40:00+00:00,36,branch1,14.0,3.0,all_1_6_24,0.15981302524957008,0.17209622555518253,0.1384180814068584,0.04088559860043353,0.10473993725853427,0.6852650701687691,,,,,,,,,,,,,,,,,,,,,,,,,,,,,,,,,,,,,,,,
development,18432,2023-07-19T09:40:00+00:00,36,branch1,14.0,7.0,all_1_6_24,0.15123149097310548,0.15235268560438486,0.12600679304410495,0.041657029911935095,0.099660900483825,0.6641305019697938,,,,,,,,,,,,,,,,,,,,,,,,,,,,,,,,,,,,,,,,
development,18432,2023-07-19T09:40:00+00:00,36,branch1,14.0,14.0,all_1_6_24,0.1462922083912962,0.14237138751059464,0.12027762523767474,0.040974869870384005,0.09818386296475483,0.6516383247766389,,,,,,,,,,,,,,,,,,,,,,,,,,,,,,,,,,,,,,,,
development,18432,2023-07-19T09:40:00+00:00,36,branch1,21.0,3.0,all_1_6_24,0.1546404676579953,0.16675574569410268,0.1332148779321204,0.04084244112465472,0.09967401017013812,0.6759582947694195,,,,,,,,,,,,,,,,,,,,,,,,,,,,,,,,,,,,,,,,
development,18432,2023-07-19T09:40:00+00:00,36,branch1,21.0,7.0,all_1_6_24,0.1348654448725822,0.13219402744139105,0.10889406271712199,0.04136364288717853,0.08559409799285293,0.625549810947168,,,,,,,,,,,,,,,,,,,,,,,,,,,,,,,,,,,,,,,,
development,18432,2023-07-19T09:40:00+00:00,36,branch1,21.0,14.0,all_1_6_24,0.12209785982500333,0.10765971560243198,0.09463389608268215,0.04026975612441421,0.08160807656293231,0.5915785838356782,,,,,,,,,,,,,,,,,,,,,,,,,,,,,,,,,,,,,,,,
development,18432,2023-07-19T09:40:00+00:00,36,branch2,,,history_only,0.16208423102013167,0.08732032421440707,0.06848290646172144,0.13326282848780638,0.049645488709035804,0.4271754761932615,7.0,3.0,,,,,,,,,,,,,,,,,,,,,,,,,,,,,,,,,,,,,,
development,18432,2023-07-19T09:40:00+00:00,36,branch2,,,history_only,0.16731213905375605,0.08696374808833558,0.07532511825833701,0.13043591961513848,0.06368648842833843,0.48708617706891316,7.0,7.0,,,,,,,,,,,,,,,,,,,,,,,,,,,,,,,,,,,,,,
development,18432,2023-07-19T09:40:00+00:00,36,branch2,,,history_only,0.18626541461735055,0.12035222806026434,0.10365798807429996,0.11761705774505517,0.08696374808833558,0.5508677230749752,7.0,14.0,,,,,,,,,,,,,,,,,,,,,,,,,,,,,,,,,,,,,,
development,18432,2023-07-19T09:40:00+00:00,36,branch2,,,history_only,0.1615891645938008,0.08672217281658204,0.06831813298256731,0.13275833858477126,0.04991409314855258,0.41649851885181993,14.0,3.0,,,,,,,,,,,,,,,,,,,,,,,,,,,,,,,,,,,,,,
development,18432,2023-07-19T09:40:00+00:00,36,branch2,,,history_only,0.16020854410366897,0.08767389991425627,0.06879399653140442,0.13019551778068572,0.04991409314855258,0.42871589184068215,14.0,7.0,,,,,,,,,,,,,,,,,,,,,,,,,,,,,,,,,,,,,,
development,18432,2023-07-19T09:40:00+00:00,36,branch2,,,history_only,0.1597586688217182,0.08747099176147592,0.06869254245501424,0.12969643601545067,0.04991409314855258,0.42793166338594074,14.0,14.0,,,,,,,,,,,,,,,,,,,,,,,,,,,,,,,,,,,,,,
development,18432,2023-07-19T09:40:00+00:00,36,branch2,,,history_only,0.1617722955550693,0.08729250785773164,0.06794506477593533,0.13362876751370056,0.04859762169413902,0.4192928546169714,21.0,3.0,,,,,,,,,,,,,,,,,,,,,,,,,,,,,,,,,,,,,,
development,18432,2023-07-19T09:40:00+00:00,36,branch2,,,history_only,0.1832130082831028,0.12086732356197621,0.10391553582515589,0.11299448518144811,0.08696374808833558,0.5511667849235251,21.0,7.0,,,,,,,,,,,,,,,,,,,,,,,,,,,,,,,,,,,,,,
development,18432,2023-07-19T09:40:00+00:00,36,branch2,,,history_only,0.19400650514279968,0.15324781414106692,0.12010578111470124,0.10795784791220508,0.08696374808833558,0.6070362911724682,21.0,14.0,,,,,,,,,,,,,,,,,,,,,,,,,,,,,,,,,,,,,,
development,18432,2023-07-19T09:40:00+00:00,36,fusion,,,,0.19400650514279968,0.15324781414106692,0.12010578111470124,0.10795784791220508,0.08696374808833558,0.6070362911724682,,,0.0,,,,,,,,,,,,,,,,,,,,,,,,,,,,,,,,,,,,,
development,18432,2023-07-19T09:40:00+00:00,36,fusion,,,,0.2166983762181336,0.18134145410966318,0.14895198366276283,0.09939080745095696,0.11656251321586249,0.7099369944714126,,,0.1,,,,,,,,,,,,,,,,,,,,,,,,,,,,,,,,,,,,,
development,18432,2023-07-19T09:40:00+00:00,36,fusion,,,,0.21750475779297782,0.16415166377205884,0.14891213521825727,0.0977994098331761,0.1336726066644557,0.7196597930409318,,,0.2,,,,,,,,,,,,,,,,,,,,,,,,,,,,,,,,,,,,,
development,18432,2023-07-19T09:40:00+00:00,36,fusion,,,,0.21146575573167029,0.15196814631211067,0.14605789492511972,0.09262647511132985,0.14014764353812878,0.7176620440068663,,,0.3,,,,,,,,,,,,,,,,,,,,,,,,,,,,,,,,,,,,,
development,18432,2023-07-19T09:40:00+00:00,36,fusion,,,,0.20945285809598077,0.17227815937967814,0.14938570491183445,0.08697989478994704,0.1264932504439908,0.7135180247812455,,,0.4,,,,,,,,,,,,,,,,,,,,,,,,,,,,,,,,,,,,,
development,18432,2023-07-19T09:40:00+00:00,36,fusion,,,,0.20746044010943032,0.18704960249659677,0.15253906384779722,0.08262384639334218,0.11802852519899769,0.7094086148227058,,,0.5,,,,,,,,,,,,,,,,,,,,,,,,,,,,,,,,,,,,,
development,18432,2023-07-19T09:40:00+00:00,36,fusion,,,,0.19921914402002097,0.19405147299506467,0.15339834321120657,0.0728071165088796,0.11274521342734847,0.7052374081821623,,,0.6,,,,,,,,,,,,,,,,,,,,,,,,,,,,,,,,,,,,,
development,18432,2023-07-19T09:40:00+00:00,36,fusion,,,,0.1887601626747467,0.19767254352398922,0.15357254326093922,0.06142375058142626,0.10947254299788922,0.7016344927628344,,,0.7,,,,,,,,,,,,,,,,,,,,,,,,,,,,,,,,,,,,,
development,18432,2023-07-19T09:40:00+00:00,36,fusion,,,,0.17730843409319144,0.1997363299509983,0.1535439756210906,0.050517205372403305,0.1073516212911829,0.697700365537512,,,0.8,,,,,,,,,,,,,,,,,,,,,,,,,,,,,,,,,,,,,
development,18432,2023-07-19T09:40:00+00:00,36,fusion,,,,0.1680659833519813,0.19676914637810347,0.1513178153270085,0.044025196504535104,0.10586648427591352,0.6926933956526802,,,0.9,,,,,,,,,,,,,,,,,,,,,,,,,,,,,,,,,,,,,
development,18432,2023-07-19T09:40:00+00:00,36,fusion,,,,0.15987947075717016,0.17208276182628288,0.13841959624976602,0.04094538930699925,0.10475643067324916,0.6852697207004508,,,1.0,,,,,,,,,,,,,,,,,,,,,,,,,,,,,,,,,,,,,
development,18720,2023-07-20T09:40:00+00:00,36,branch1,7.0,3.0,all_1_6_24,0.19348434864188702,0.13835468057068,0.12650026082743976,0.09522300607328626,0.11464584108419948,0.6947176837354262,,,,,,,,,,,,,,,,,,,,,,,,,,,,,,,,,,,,,,,,
development,18720,2023-07-20T09:40:00+00:00,36,branch1,7.0,7.0,all_1_6_24,0.19041104818642549,0.13980385300633147,0.12900071060703178,0.08729412569218631,0.11819756820773206,0.6966454083610593,,,,,,,,,,,,,,,,,,,,,,,,,,,,,,,,,,,,,,,,
development,18720,2023-07-20T09:40:00+00:00,36,branch1,7.0,14.0,all_1_6_24,0.18846074373185187,0.14044466814539902,0.1295955007795297,0.08371799852696109,0.11874633341366038,0.6961300815535827,,,,,,,,,,,,,,,,,,,,,,,,,,,,,,,,,,,,,,,,
development,18720,2023-07-20T09:40:00+00:00,36,branch1,14.0,3.0,all_1_6_24,0.18990815242313283,0.135807252928811,0.12191727630134233,0.09682013963405757,0.10802729967387366,0.6802495614693126,,,,,,,,,,,,,,,,,,,,,,,,,,,,,,,,,,,,,,,,
development,18720,2023-07-20T09:40:00+00:00,36,branch1,14.0,7.0,all_1_6_24,0.1745530367851862,0.13339847007543593,0.12269900765326339,0.07385119952881096,0.11199954523109083,0.6716005996280225,,,,,,,,,,,,,,,,,,,,,,,,,,,,,,,,,,,,,,,,
development,18720,2023-07-20T09:40:00+00:00,36,branch1,14.0,14.0,all_1_6_24,0.1664639834948337,0.13162790785787326,0.1228669120437166,0.06206914942222156,0.11410591622955993,0.6671858491170144,,,,,,,,,,,,,,,,,,,,,,,,,,,,,,,,,,,,,,,,
development,18720,2023-07-20T09:40:00+00:00,36,branch1,21.0,3.0,all_1_6_24,0.1833154623157807,0.1331248894138054,0.11501276695754499,0.09772008855047984,0.09690064450128458,0.6640489724658024,,,,,,,,,,,,,,,,,,,,,,,,,,,,,,,,,,,,,,,,
development,18720,2023-07-20T09:40:00+00:00,36,branch1,21.0,7.0,all_1_6_24,0.15087976599897243,0.12331617763657193,0.10470251772521824,0.06704964881689458,0.08608885781386456,0.6236748122477492,,,,,,,,,,,,,,,,,,,,,,,,,,,,,,,,,,,,,,,,
development,18720,2023-07-20T09:40:00+00:00,36,branch1,21.0,14.0,all_1_6_24,0.13223131971327848,0.11686249378239821,0.10000262989912072,0.047611765713768926,0.08314276601584322,0.600150613836408,,,,,,,,,,,,,,,,,,,,,,,,,,,,,,,,,,,,,,,,
development,18720,2023-07-20T09:40:00+00:00,36,branch2,,,history_only,0.20387484488050037,0.07272428298682629,0.0632370777280376,0.1990426281185572,0.05374987246924893,0.4869022095831443,7.0,3.0,,,,,,,,,,,,,,,,,,,,,,,,,,,,,,,,,,,,,,
development,18720,2023-07-20T09:40:00+00:00,36,branch2,,,history_only,0.20450856807560136,0.08533630265299229,0.06904654459547666,0.19203339229339247,0.052756786537961016,0.5042666189777417,7.0,7.0,,,,,,,,,,,,,,,,,,,,,,,,,,,,,,,,,,,,,,
development,18720,2023-07-20T09:40:00+00:00,36,branch2,,,history_only,0.19811166359921026,0.08035021763777411,0.06631329336637007,0.1867430791776044,0.05227636909496604,0.4838703034091775,7.0,14.0,,,,,,,,,,,,,,,,,,,,,,,,,,,,,,,,,,,,,,
development,18720,2023-07-20T09:40:00+00:00,36,branch2,,,history_only,0.2273129166258426,0.15348586217262034,0.1129405423988736,0.16510005635875658,0.07239522262512688,0.5197271462270744,14.0,3.0,,,,,,,,,,,,,,,,,,,,,,,,,,,,,,,,,,,,,,
development,18720,2023-07-20T09:40:00+00:00,36,branch2,,,history_only,0.2244143610587133,0.16889356380019246,0.12076141417850361,0.15176408011133455,0.07262926455681477,0.5369611141388626,14.0,7.0,,,,,,,,,,,,,,,,,,,,,,,,,,,,,,,,,,,,,,
development,18720,2023-07-20T09:40:00+00:00,36,branch2,,,history_only,0.22517544747081322,0.17076104055764024,0.122340068899911,0.1507092913608646,0.07391909724218175,0.5491358769829353,14.0,14.0,,,,,,,,,,,,,,,,,,,,,,,,,,,,,,,,,,,,,,
development,18720,2023-07-20T09:40:00+00:00,36,branch2,,,history_only,0.23505459057927847,0.16771013897643755,0.12639915486543335,0.15732049779291582,0.08508817075442912,0.5569157625358726,21.0,3.0,,,,,,,,,,,,,,,,,,,,,,,,,,,,,,,,,,,,,,
development,18720,2023-07-20T09:40:00+00:00,36,branch2,,,history_only,0.25921264801903626,0.24575775027407543,0.17339586972224558,0.1349809864850574,0.10103398917041576,0.6597909732770281,21.0,7.0,,,,,,,,,,,,,,,,,,,,,,,,,,,,,,,,,,,,,,
development,18720,2023-07-20T09:40:00+00:00,36,branch2,,,history_only,0.26207740660005946,0.24568678101780705,0.17769300759378032,0.131618979409989,0.10969923416975355,0.6764912759860127,21.0,14.0,,,,,,,,,,,,,,,,,,,,,,,,,,,,,,,,,,,,,,
development,18720,2023-07-20T09:40:00+00:00,36,fusion,,,,0.26207740660005946,0.24568678101780705,0.17769300759378032,0.131618979409989,0.10969923416975355,0.6764912759860127,,,0.0,,,,,,,,,,,,,,,,,,,,,,,,,,,,,,,,,,,,,
development,18720,2023-07-20T09:40:00+00:00,36,fusion,,,,0.2979725666149733,0.2676973652752386,0.21143173261678627,0.13072558858351893,0.15516609995833397,0.7437438144150704,,,0.1,,,,,,,,,,,,,,,,,,,,,,,,,,,,,,,,,,,,,
development,18720,2023-07-20T09:40:00+00:00,36,fusion,,,,0.302860200534311,0.2538775455770029,0.2037279637462519,0.14605154722359878,0.1535783819155009,0.7579974469436747,,,0.2,,,,,,,,,,,,,,,,,,,,,,,,,,,,,,,,,,,,,
development,18720,2023-07-20T09:40:00+00:00,36,fusion,,,,0.29642586119368985,0.22743026008929967,0.1873324867392086,0.15771688659796337,0.14723471338911753,0.7562440720450402,,,0.3,,,,,,,,,,,,,,,,,,,,,,,,,,,,,,,,,,,,,
development,18720,2023-07-20T09:40:00+00:00,36,fusion,,,,0.2822878460671818,0.2024649762763272,0.1744772834090763,0.15417017267509617,0.1464895905418254,0.7495199966587937,,,0.4,,,,,,,,,,,,,,,,,,,,,,,,,,,,,,,,,,,,,
development,18720,2023-07-20T09:40:00+00:00,36,fusion,,,,0.266995373096734,0.17805704433484693,0.16143070925817024,0.14990692617338455,0.14480437418149356,0.7418121450232512,,,0.5,,,,,,,,,,,,,,,,,,,,,,,,,,,,,,,,,,,,,
development,18720,2023-07-20T09:40:00+00:00,36,fusion,,,,0.25245103615827036,0.1525667635719625,0.14765676125985927,0.1482556986586713,0.14274675894775601,0.7336209062744233,,,0.6,,,,,,,,,,,,,,,,,,,,,,,,,,,,,,,,,,,,,
development,18720,2023-07-20T09:40:00+00:00,36,fusion,,,,0.23710141591216513,0.14124881385477397,0.13739159298721898,0.14104614969574902,0.13353437211966396,0.723341754250911,,,0.7,,,,,,,,,,,,,,,,,,,,,,,,,,,,,,,,,,,,,
development,18720,2023-07-20T09:40:00+00:00,36,fusion,,,,0.22243911590818974,0.1399345661695156,0.13231316249683264,0.12760916432310104,0.12469175882414966,0.7131378659258939,,,0.8,,,,,,,,,,,,,,,,,,,,,,,,,,,,,,,,,,,,,
development,18720,2023-07-20T09:40:00+00:00,36,fusion,,,,0.20716389630553503,0.13917538148947828,0.1289608072723115,0.11090989414671379,0.1187462330551447,0.7039314382275644,,,0.9,,,,,,,,,,,,,,,,,,,,,,,,,,,,,,,,,,,,,
development,18720,2023-07-20T09:40:00+00:00,36,fusion,,,,0.19331682945949247,0.1386441480590268,0.1266471569886483,0.09479262797233287,0.11465016591826982,0.6947912411139071,,,1.0,,,,,,,,,,,,,,,,,,,,,,,,,,,,,,,,,,,,,
development,19008,2023-07-21T09:40:00+00:00,36,branch1,7.0,3.0,all_1_6_24,0.20061632474888325,0.1221472251833764,0.11285870592938176,0.12433952327542143,0.10357018667538712,0.693122663882556,,,,,,,,,,,,,,,,,,,,,,,,,,,,,,,,,,,,,,,,
development,19008,2023-07-21T09:40:00+00:00,36,branch1,7.0,7.0,all_1_6_24,0.1944729315159143,0.12052634146774936,0.11249951080787804,0.11611303434777795,0.1044726801480067,0.6898623908660307,,,,,,,,,,,,,,,,,,,,,,,,,,,,,,,,,,,,,,,,
development,19008,2023-07-21T09:40:00+00:00,36,branch1,7.0,14.0,all_1_6_24,0.19134050449358067,0.1204445493573611,0.11274461110447337,0.11132903910479075,0.10504467285158564,0.6888838920713859,,,,,,,,,,,,,,,,,,,,,,,,,,,,,,,,,,,,,,,,
development,19008,2023-07-21T09:40:00+00:00,36,branch1,14.0,3.0,all_1_6_24,0.19207082226560437,0.11120065672841507,0.10816684955483286,0.11868398908001075,0.10513304238125062,0.6755854302614402,,,,,,,,,,,,,,,,,,,,,,,,,,,,,,,,,,,,,,,,
development,19008,2023-07-21T09:40:00+00:00,36,branch1,14.0,7.0,all_1_6_24,0.16923680971428626,0.10624976304981468,0.10426101804686763,0.0919039919884155,0.10227227304392059,0.648052064868336,,,,,,,,,,,,,,,,,,,,,,,,,,,,,,,,,,,,,,,,
development,19008,2023-07-21T09:40:00+00:00,36,branch1,14.0,14.0,all_1_6_24,0.159645829019102,0.1065862585634115,0.10336007335314956,0.07964365278611474,0.10013388814288762,0.6425794965377415,,,,,,,,,,,,,,,,,,,,,,,,,,,,,,,,,,,,,,,,
development,19008,2023-07-21T09:40:00+00:00,36,branch1,21.0,3.0,all_1_6_24,0.18652494099211633,0.1029696077248884,0.10171165049250525,0.11994850337405287,0.1004536932601221,0.6601117337777537,,,,,,,,,,,,,,,,,,,,,,,,,,,,,,,,,,,,,,,,
development,19008,2023-07-21T09:40:00+00:00,36,branch1,21.0,7.0,all_1_6_24,0.14827679997013996,0.0934551992265038,0.08876008255922765,0.0842566043885404,0.0840649658919515,0.6013883704682632,,,,,,,,,,,,,,,,,,,,,,,,,,,,,,,,,,,,,,,,
development,19008,2023-07-21T09:40:00+00:00,36,branch1,21.0,14.0,all_1_6_24,0.1334085099582827,0.09027285903249017,0.08511998161229087,0.06841977323928403,0.07996710419209158,0.5812190649458934,,,,,,,,,,,,,,,,,,,,,,,,,,,,,,,,,,,,,,,,
development,19008,2023-07-21T09:40:00+00:00,36,branch2,,,history_only,0.23064504172983882,0.06704472146951684,0.06387283297070159,0.23586573824933074,0.06070094447188634,0.5041610254706623,7.0,3.0,,,,,,,,,,,,,,,,,,,,,,,,,,,,,,,,,,,,,,
development,19008,2023-07-21T09:40:00+00:00,36,branch2,,,history_only,0.23763843992927983,0.10683649593205803,0.08376682886534706,0.2184210423513869,0.06069716179863607,0.5527681676285241,7.0,7.0,,,,,,,,,,,,,,,,,,,,,,,,,,,,,,,,,,,,,,
development,19008,2023-07-21T09:40:00+00:00,36,branch2,,,history_only,0.23549405375978558,0.10702464525943668,0.08386041777869696,0.21527480130802634,0.06069619029795725,0.5530878946573256,7.0,14.0,,,,,,,,,,,,,,,,,,,,,,,,,,,,,,,,,,,,,,
development,19008,2023-07-21T09:40:00+00:00,36,branch2,,,history_only,0.3199453979828902,0.3786310320353034,0.21618059968016168,0.19780721771932433,0.053730167325019944,0.5926648089969028,14.0,3.0,,,,,,,,,,,,,,,,,,,,,,,,,,,,,,,,,,,,,,
development,19008,2023-07-21T09:40:00+00:00,36,branch2,,,history_only,0.30222421812060746,0.3718454206917589,0.21374191102785503,0.17978519733914428,0.05563840136395115,0.5592427809813026,14.0,7.0,,,,,,,,,,,,,,,,,,,,,,,,,,,,,,,,,,,,,,
development,19008,2023-07-21T09:40:00+00:00,36,branch2,,,history_only,0.2979085353083927,0.3717503139666177,0.21149927074966943,0.17903459601775012,0.05124822753272116,0.5323027487765362,14.0,14.0,,,,,,,,,,,,,,,,,,,,,,,,,,,,,,,,,,,,,,
development,19008,2023-07-21T09:40:00+00:00,36,branch2,,,history_only,0.3243132435888349,0.37337503484569,0.22047070644704472,0.19275122343437578,0.06756637804839942,0.6002257579276211,21.0,3.0,,,,,,,,,,,,,,,,,,,,,,,,,,,,,,,,,,,,,,
development,19008,2023-07-21T09:40:00+00:00,36,branch2,,,history_only,0.3133951424276688,0.3640424301846549,0.23466225050436296,0.15348362715270428,0.10528207082407104,0.6217573820963342,21.0,7.0,,,,,,,,,,,,,,,,,,,,,,,,,,,,,,,,,,,,,,
development,19008,2023-07-21T09:40:00+00:00,36,branch2,,,history_only,0.3311476222110843,0.36391641052203677,0.2613579011037069,0.12943483140393142,0.158799391685377,0.7148585530441144,21.0,14.0,,,,,,,,,,,,,,,,,,,,,,,,,,,,,,,,,,,,,,
development,19008,2023-07-21T09:40:00+00:00,36,fusion,,,,0.3311476222110843,0.36391641052203677,0.2613579011037069,0.12943483140393142,0.158799391685377,0.7148585530441144,,,0.0,,,,,,,,,,,,,,,,,,,,,,,,,,,,,,,,,,,,,
development,19008,2023-07-21T09:40:00+00:00,36,fusion,,,,0.35817372690896915,0.36230385792301634,0.2698523022824303,0.14594362446860212,0.17740074664184421,0.7538245241154861,,,0.1,,,,,,,,,,,,,,,,,,,,,,,,,,,,,,,,,,,,,
development,19008,2023-07-21T09:40:00+00:00,36,fusion,,,,0.3635180921331444,0.35830454476667273,0.25869677481368847,0.16908426603080653,0.1590890048607042,0.7619342659624374,,,0.2,,,,,,,,,,,,,,,,,,,,,,,,,,,,,,,,,,,,,
development,19008,2023-07-21T09:40:00+00:00,36,fusion,,,,0.34612961665291336,0.3408059573539608,0.2388919014610737,0.17298604465338988,0.13697784556818662,0.756414825866743,,,0.3,,,,,,,,,,,,,,,,,,,,,,,,,,,,,,,,,,,,,
development,19008,2023-07-21T09:40:00+00:00,36,fusion,,,,0.3298774657555205,0.32488052368476783,0.22439661116672216,0.17024619179154235,0.12391269864867652,0.7499347034557043,,,0.4,,,,,,,,,,,,,,,,,,,,,,,,,,,,,,,,,,,,,
development,19008,2023-07-21T09:40:00+00:00,36,fusion,,,,0.31156815174906416,0.2933713129326194,0.20459632756839674,0.1677496379172184,0.11582134220417407,0.743960415235016,,,0.5,,,,,,,,,,,,,,,,,,,,,,,,,,,,,,,,,,,,,
development,19008,2023-07-21T09:40:00+00:00,36,fusion,,,,0.28813668764934247,0.252743249656659,0.18180236378796763,0.1611491536455217,0.11086147791927624,0.7381086047476121,,,0.6,,,,,,,,,,,,,,,,,,,,,,,,,,,,,,,,,,,,,
development,19008,2023-07-21T09:40:00+00:00,36,fusion,,,,0.25764046754446757,0.19885137939083877,0.15332677720932172,0.1521326775719043,0.10780217502780468,0.7304608268506221,,,0.7,,,,,,,,,,,,,,,,,,,,,,,,,,,,,,,,,,,,,
development,19008,2023-07-21T09:40:00+00:00,36,fusion,,,,0.2312834328184572,0.1519701504729302,0.12893827842580283,0.14595446553169483,0.10590640637867546,0.7181010329548076,,,0.8,,,,,,,,,,,,,,,,,,,,,,,,,,,,,,,,,,,,,
development,19008,2023-07-21T09:40:00+00:00,36,fusion,,,,0.21362677810886269,0.1310758026288908,0.11781813880592253,0.13592559667034884,0.10456047498295426,0.7047309613538683,,,0.9,,,,,,,,,,,,,,,,,,,,,,,,,,,,,,,,,,,,,
development,19008,2023-07-21T09:40:00+00:00,36,fusion,,,,0.20032515298484999,0.12241732229396804,0.1129800035851453,0.12376479939891925,0.10354268487632257,0.6933949101602285,,,1.0,,,,,,,,,,,,,,,,,,,,,,,,,,,,,,,,,,,,,
development,19296,2023-07-22T09:40:00+00:00,36,branch1,7.0,3.0,all_1_6_24,0.23893596982007223,0.17977115000211372,0.14163165969972863,0.1410886412260362,0.10349216939734351,0.7366217027999525,,,,,,,,,,,,,,,,,,,,,,,,,,,,,,,,,,,,,,,,
development,19296,2023-07-22T09:40:00+00:00,36,branch1,7.0,7.0,all_1_6_24,0.2340420308970241,0.17040345258927955,0.1335282243239696,0.14530165953407637,0.09665299605865964,0.7202000439985198,,,,,,,,,,,,,,,,,,,,,,,,,,,,,,,,,,,,,,,,
development,19296,2023-07-22T09:40:00+00:00,36,branch1,7.0,14.0,all_1_6_24,0.23152125204549837,0.16590156645962809,0.13031032673629428,0.14605407800053533,0.09471908701296047,0.7151241211462226,,,,,,,,,,,,,,,,,,,,,,,,,,,,,,,,,,,,,,,,
development,19296,2023-07-22T09:40:00+00:00,36,branch1,14.0,3.0,all_1_6_24,0.2387476621918231,0.1721461359020916,0.13872074550467878,0.14406806009436468,0.10529535510726598,0.7344851354687516,,,,,,,,,,,,,,,,,,,,,,,,,,,,,,,,,,,,,,,,
development,19296,2023-07-22T09:40:00+00:00,36,branch1,14.0,7.0,all_1_6_24,0.20839518865557707,0.15322177355807293,0.1265519034743994,0.11777450759261036,0.09988203339072589,0.7057605091697203,,,,,,,,,,,,,,,,,,,,,,,,,,,,,,,,,,,,,,,,
development,19296,2023-07-22T09:40:00+00:00,36,branch1,14.0,14.0,all_1_6_24,0.1900612759106438,0.14373551990953265,0.12113114571843796,0.0992137298210766,0.09852677152734327,0.6900091785522656,,,,,,,,,,,,,,,,,,,,,,,,,,,,,,,,,,,,,,,,
development,19296,2023-07-22T09:40:00+00:00,36,branch1,21.0,3.0,all_1_6_24,0.23269414260280866,0.1684218872723818,0.1337285770256837,0.14279630080613512,0.09903526677898555,0.7237615266027001,,,,,,,,,,,,,,,,,,,,,,,,,,,,,,,,,,,,,,,,
development,19296,2023-07-22T09:40:00+00:00,36,branch1,21.0,7.0,all_1_6_24,0.17888823163613785,0.13317985088526685,0.10917821550500555,0.10051380518096403,0.08517658012474424,0.6649912516993536,,,,,,,,,,,,,,,,,,,,,,,,,,,,,,,,,,,,,,,,
development,19296,2023-07-22T09:40:00+00:00,36,branch1,21.0,14.0,all_1_6_24,0.15260758688082424,0.10843514674411109,0.09485487169796186,0.08242391321013391,0.08127459665181264,0.6286372765154377,,,,,,,,,,,,,,,,,,,,,,,,,,,,,,,,,,,,,,,,
development,19296,2023-07-22T09:40:00+00:00,36,branch2,,,history_only,0.34152563558770366,0.36144818088339237,0.2056548730879093,0.23044037126146782,0.04986156529242623,0.5881649916332511,7.0,3.0,,,,,,,,,,,,,,,,,,,,,,,,,,,,,,,,,,,,,,
development,19296,2023-07-22T09:40:00+00:00,36,branch2,,,history_only,0.3455011046460761,0.3615563655960264,0.21259989775089388,0.22386933941548148,0.06364342990576136,0.6449853986194,7.0,7.0,,,,,,,,,,,,,,,,,,,,,,,,,,,,,,,,,,,,,,
development,19296,2023-07-22T09:40:00+00:00,36,branch2,,,history_only,0.3637287661070903,0.3612374646085576,0.2408016678285092,0.1997298101930388,0.12036587104846083,0.7093960955399238,7.0,14.0,,,,,,,,,,,,,,,,,,,,,,,,,,,,,,,,,,,,,,
development,19296,2023-07-22T09:40:00+00:00,36,branch2,,,history_only,0.32454881550687625,0.35900887739411436,0.20445661946998356,0.21158576996313255,0.04990436154585278,0.5847148064241731,14.0,3.0,,,,,,,,,,,,,,,,,,,,,,,,,,,,,,,,,,,,,,
development,19296,2023-07-22T09:40:00+00:00,36,branch2,,,history_only,0.32177950619819623,0.3518997986791519,0.20090208011250232,0.21076743490340297,0.04990436154585278,0.5836911635879426,14.0,7.0,,,,,,,,,,,,,,,,,,,,,,,,,,,,,,,,,,,,,,
development,19296,2023-07-22T09:40:00+00:00,36,branch2,,,history_only,0.32154340923796193,0.351191507798449,0.20054793467215087,0.21073395663802552,0.04990436154585278,0.5836197874727101,14.0,14.0,,,,,,,,,,,,,,,,,,,,,,,,,,,,,,,,,,,,,,
development,19296,2023-07-22T09:40:00+00:00,36,branch2,,,history_only,0.3236837024193678,0.35915411417378584,0.20375837444425965,0.21180822898068025,0.048362634714733475,0.573002450087344,21.0,3.0,,,,,,,,,,,,,,,,,,,,,,,,,,,,,,,,,,,,,,
development,19296,2023-07-22T09:40:00+00:00,36,branch2,,,history_only,0.34513482679433266,0.3511375215179969,0.235935061006707,0.18082288470963742,0.12073260049541712,0.7059787957393252,21.0,7.0,,,,,,,,,,,,,,,,,,,,,,,,,,,,,,,,,,,,,,
development,19296,2023-07-22T09:40:00+00:00,36,branch2,,,history_only,0.3557108148631208,0.3511375215179969,0.2517990431098891,0.16785132750765927,0.15246056470178132,0.7614596013082915,21.0,14.0,,,,,,,,,,,,,,,,,,,,,,,,,,,,,,,,,,,,,,
development,19296,2023-07-22T09:40:00+00:00,36,fusion,,,,0.3637287661070903,0.3612374646085576,0.2408016678285092,0.1997298101930388,0.12036587104846083,0.7093960955399238,,,0.0,,,,,,,,,,,,,,,,,,,,,,,,,,,,,,,,,,,,,
development,19296,2023-07-22T09:40:00+00:00,36,fusion,,,,0.37777870044402384,0.3673995818096647,0.23225356797917945,0.2335196459843743,0.09710755414869421,0.7517997438379407,,,0.1,,,,,,,,,,,,,,,,,,,,,,,,,,,,,,,,,,,,,
development,19296,2023-07-22T09:40:00+00:00,36,fusion,,,,0.39064974655705503,0.35689340711990336,0.228349985885414,0.25238469061452373,0.0998065646509246,0.7681362955117228,,,0.2,,,,,,,,,,,,,,,,,,,,,,,,,,,,,,,,,,,,,
development,19296,2023-07-22T09:40:00+00:00,36,fusion,,,,0.38787665953233935,0.3364326260163268,0.21833187146020036,0.2584364444294522,0.10023111690407395,0.7762598888866283,,,0.3,,,,,,,,,,,,,,,,,,,,,,,,,,,,,,,,,,,,,
development,19296,2023-07-22T09:40:00+00:00,36,fusion,,,,0.37963350208489205,0.31762488483307494,0.20917464174502975,0.25681397214189905,0.10072439865698454,0.7814799081108506,,,0.4,,,,,,,,,,,,,,,,,,,,,,,,,,,,,,,,,,,,,
development,19296,2023-07-22T09:40:00+00:00,36,fusion,,,,0.36872369202243144,0.2929393310252679,0.19708793254124202,0.2550346282231724,0.1012365340572161,0.7810662415383872,,,0.5,,,,,,,,,,,,,,,,,,,,,,,,,,,,,,,,,,,,,
development,19296,2023-07-22T09:40:00+00:00,36,fusion,,,,0.3576371472774582,0.263836859182887,0.1828379340974739,0.2558972719015935,0.10183900901206078,0.7771326463584568,,,0.6,,,,,,,,,,,,,,,,,,,,,,,,,,,,,,,,,,,,,
development,19296,2023-07-22T09:40:00+00:00,36,fusion,,,,0.3445268778276574,0.23802250916750045,0.17019475298689063,0.2526864641711626,0.10236699680628078,0.7708909452158553,,,0.7,,,,,,,,,,,,,,,,,,,,,,,,,,,,,,,,,,,,,
development,19296,2023-07-22T09:40:00+00:00,36,fusion,,,,0.3236112129294873,0.21380202711997928,0.15830684645533613,0.23812645912520627,0.10281166579069298,0.7620568598111377,,,0.8,,,,,,,,,,,,,,,,,,,,,,,,,,,,,,,,,,,,,
development,19296,2023-07-22T09:40:00+00:00,36,fusion,,,,0.2893825139377211,0.19438116038686823,0.14879025442488447,0.202282114897666,0.10319934846290074,0.7512194104468559,,,0.9,,,,,,,,,,,,,,,,,,,,,,,,,,,,,,,,,,,,,
development,19296,2023-07-22T09:40:00+00:00,36,fusion,,,,0.23937251099527493,0.17953286031860882,0.141544506785194,0.14178403818804275,0.10355615325177918,0.7366384236225599,,,1.0,,,,,,,,,,,,,,,,,,,,,,,,,,,,,,,,,,,,,
development,19584,2023-07-23T09:40:00+00:00,36,branch1,7.0,3.0,all_1_6_24,0.23254644165385976,0.2447881070991187,0.18042060796638193,0.09053353911653102,0.11605310883364514,0.7423942682595229,,,,,,,,,,,,,,,,,,,,,,,,,,,,,,,,,,,,,,,,
development,19584,2023-07-23T09:40:00+00:00,36,branch1,7.0,7.0,all_1_6_24,0.23000858418851752,0.2514927978328726,0.1852708195282845,0.08322560972423701,0.11904884122369641,0.7425301330272793,,,,,,,,,,,,,,,,,,,,,,,,,,,,,,,,,,,,,,,,
development,19584,2023-07-23T09:40:00+00:00,36,branch1,7.0,14.0,all_1_6_24,0.2272149309036522,0.25088684010982004,0.1850836467029432,0.08022965199037733,0.11928045329606632,0.7411985991946323,,,,,,,,,,,,,,,,,,,,,,,,,,,,,,,,,,,,,,,,
development,19584,2023-07-23T09:40:00+00:00,36,branch1,14.0,3.0,all_1_6_24,0.21982721166559274,0.22088642648403384,0.16397871720974033,0.09163569309609891,0.10707100793544683,0.7217064307983613,,,,,,,,,,,,,,,,,,,,,,,,,,,,,,,,,,,,,,,,
development,19584,2023-07-23T09:40:00+00:00,36,branch1,14.0,7.0,all_1_6_24,0.18758018829781195,0.17219226977493193,0.1412530315577949,0.07021800726451431,0.11031379334065788,0.7026223941570636,,,,,,,,,,,,,,,,,,,,,,,,,,,,,,,,,,,,,,,,
development,19584,2023-07-23T09:40:00+00:00,36,branch1,14.0,14.0,all_1_6_24,0.17226976186611184,0.14932332088050257,0.13082282822264524,0.060529954864905255,0.11232233556478793,0.6893519517993053,,,,,,,,,,,,,,,,,,,,,,,,,,,,,,,,,,,,,,,,
development,19584,2023-07-23T09:40:00+00:00,36,branch1,21.0,3.0,all_1_6_24,0.21228290023551932,0.21829168303122853,0.15723145873718397,0.09244939020521069,0.09617123444313938,0.7040430474325269,,,,,,,,,,,,,,,,,,,,,,,,,,,,,,,,,,,,,,,,
development,19584,2023-07-23T09:40:00+00:00,36,branch1,21.0,7.0,all_1_6_24,0.16267086353475532,0.15945435852343243,0.12255205850949845,0.06424087637572677,0.08564975849556447,0.6478716159046358,,,,,,,,,,,,,,,,,,,,,,,,,,,,,,,,,,,,,,,,
development,19584,2023-07-23T09:40:00+00:00,36,branch1,21.0,14.0,all_1_6_24,0.1409531353771541,0.1449299328822316,0.11380130898180543,0.046048208475782136,0.08267268508137926,0.6183579820397923,,,,,,,,,,,,,,,,,,,,,,,,,,,,,,,,,,,,,,,,
development,19584,2023-07-23T09:40:00+00:00,36,branch2,,,history_only,0.33742461497190196,0.4618246760072137,0.25784217688341027,0.20101235999330705,0.053859677759606844,0.6120737408175377,7.0,3.0,,,,,,,,,,,,,,,,,,,,,,,,,,,,,,,,,,,,,,
development,19584,2023-07-23T09:40:00+00:00,36,branch2,,,history_only,0.33279740526390406,0.4591531545282172,0.25608056171153726,0.19814960712755078,0.053007968894857316,0.6065126343190083,7.0,7.0,,,,,,,,,,,,,,,,,,,,,,,,,,,,,,,,,,,,,,
development,19584,2023-07-23T09:40:00+00:00,36,branch2,,,history_only,0.3300197547881232,0.4565706982198108,0.25471076027671813,0.1962341603108316,0.05285082233362551,0.6051378211519777,7.0,14.0,,,,,,,,,,,,,,,,,,,,,,,,,,,,,,,,,,,,,,
development,19584,2023-07-23T09:40:00+00:00,36,branch2,,,history_only,0.3466048228245537,0.4244566405776882,0.2892826565842876,0.13694158894963995,0.15410867259088695,0.6415354715079211,14.0,3.0,,,,,,,,,,,,,,,,,,,,,,,,,,,,,,,,,,,,,,
development,19584,2023-07-23T09:40:00+00:00,36,branch2,,,history_only,0.33988765075641353,0.4142091682621652,0.2914480443258075,0.12140697388967908,0.16868692038944977,0.6542818795857602,14.0,7.0,,,,,,,,,,,,,,,,,,,,,,,,,,,,,,,,,,,,,,
development,19584,2023-07-23T09:40:00+00:00,36,branch2,,,history_only,0.33941056443540046,0.4142091682621652,0.2919535992431733,0.12028553471338173,0.1696980302241815,0.6582962287201872,14.0,14.0,,,,,,,,,,,,,,,,,,,,,,,,,,,,,,,,,,,,,,
development,19584,2023-07-23T09:40:00+00:00,36,branch2,,,history_only,0.348532485675987,0.4206439967622661,0.2947428490706463,0.12788295171359076,0.16884170137902652,0.6568487870436375,21.0,3.0,,,,,,,,,,,,,,,,,,,,,,,,,,,,,,,,,,,,,,
development,19584,2023-07-23T09:40:00+00:00,36,branch2,,,history_only,0.3649220900779859,0.4142091682621652,0.33022088770705144,0.08432694946286994,0.24623260715193768,0.7231454556098112,21.0,7.0,,,,,,,,,,,,,,,,,,,,,,,,,,,,,,,,,,,,,,
development,19584,2023-07-23T09:40:00+00:00,36,branch2,,,history_only,0.3649833378018508,0.4142091682621652,0.330312759292849,0.08424074422112438,0.2464163503235328,0.7237738889191657,21.0,14.0,,,,,,,,,,,,,,,,,,,,,,,,,,,,,,,,,,,,,,
development,19584,2023-07-23T09:40:00+00:00,36,fusion,,,,0.3649833378018508,0.4142091682621652,0.330312759292849,0.08424074422112438,0.2464163503235328,0.7237738889191657,,,0.0,,,,,,,,,,,,,,,,,,,,,,,,,,,,,,,,,,,,,
development,19584,2023-07-23T09:40:00+00:00,36,fusion,,,,0.3891521219044019,0.4291124381773111,0.34965537248889944,0.0856092087374777,0.27019830680048784,0.7749025166849336,,,0.1,,,,,,,,,,,,,,,,,,,,,,,,,,,,,,,,,,,,,
development,19584,2023-07-23T09:40:00+00:00,36,fusion,,,,0.3938306420269843,0.4337080917239375,0.3415463894147819,0.10549789440606928,0.24938468710562622,0.7996659382019514,,,0.2,,,,,,,,,,,,,,,,,,,,,,,,,,,,,,,,,,,,,
development,19584,2023-07-23T09:40:00+00:00,36,fusion,,,,0.3894221501912867,0.43179085851399884,0.3296533995662203,0.11874053274304516,0.22751594061844171,0.8007304745053707,,,0.3,,,,,,,,,,,,,,,,,,,,,,,,,,,,,,,,,,,,,
development,19584,2023-07-23T09:40:00+00:00,36,fusion,,,,0.3742981729599844,0.42191771902429875,0.3145912227715294,0.12169288256458179,0.2072647265187601,0.7959761103602209,,,0.4,,,,,,,,,,,,,,,,,,,,,,,,,,,,,,,,,,,,,
development,19584,2023-07-23T09:40:00+00:00,36,fusion,,,,0.35615254929167645,0.41128914161706176,0.29692479000181393,0.1254405233085112,0.18256043838656613,0.7910148563442001,,,0.5,,,,,,,,,,,,,,,,,,,,,,,,,,,,,,,,,,,,,
development,19584,2023-07-23T09:40:00+00:00,36,fusion,,,,0.339602893641162,0.40272276187086214,0.2805179085279471,0.1301464113426358,0.15831305518503208,0.7838295294065633,,,0.6,,,,,,,,,,,,,,,,,,,,,,,,,,,,,,,,,,,,,
development,19584,2023-07-23T09:40:00+00:00,36,fusion,,,,0.31808787982564174,0.38966919758090984,0.26407178985661134,0.12787473754600848,0.13847438213231286,0.7746622328638377,,,0.7,,,,,,,,,,,,,,,,,,,,,,,,,,,,,,,,,,,,,
development,19584,2023-07-23T09:40:00+00:00,36,fusion,,,,0.29287564022474544,0.35944433774323836,0.24469031371636873,0.11585612658959384,0.12993628968949908,0.7652042405873881,,,0.8,,,,,,,,,,,,,,,,,,,,,,,,,,,,,,,,,,,,,
development,19584,2023-07-23T09:40:00+00:00,36,fusion,,,,0.26042771349572047,0.31142412551144577,0.2175793890128129,0.097689205481723,0.12373465251418003,0.7546184377879698,,,0.9,,,,,,,,,,,,,,,,,,,,,,,,,,,,,,,,,,,,,
development,19584,2023-07-23T09:40:00+00:00,36,fusion,,,,0.22756523718096833,0.2522526154301562,0.18578011032047342,0.08023542200217125,0.11930760521079066,0.7413805084010017,,,1.0,,,,,,,,,,,,,,,,,,,,,,,,,,,,,,,,,,,,,
development,19872,2023-07-24T09:40:00+00:00,36,branch1,7.0,3.0,all_1_6_24,0.24512489481317581,0.23506358087914656,0.17822044279848887,0.1053874105226785,0.1213773047178312,0.7518616164051074,,,,,,,,,,,,,,,,,,,,,,,,,,,,,,,,,,,,,,,,
development,19872,2023-07-24T09:40:00+00:00,36,branch1,7.0,7.0,all_1_6_24,0.23054848380177292,0.2102307847173005,0.16515580164346585,0.0995334541370508,0.12008081856963121,0.7485422035752163,,,,,,,,,,,,,,,,,,,,,,,,,,,,,,,,,,,,,,,,
development,19872,2023-07-24T09:40:00+00:00,36,branch1,7.0,14.0,all_1_6_24,0.22157118593686242,0.1915161762787721,0.15580076672865603,0.0974776371201865,0.12008535717853996,0.7472622457932762,,,,,,,,,,,,,,,,,,,,,,,,,,,,,,,,,,,,,,,,
development,19872,2023-07-24T09:40:00+00:00,36,branch1,14.0,3.0,all_1_6_24,0.2638983008228058,0.31997970336422427,0.21508483861427385,0.11000362093816644,0.11018997386432342,0.7314699329269706,,,,,,,,,,,,,,,,,,,,,,,,,,,,,,,,,,,,,,,,
development,19872,2023-07-24T09:40:00+00:00,36,branch1,14.0,7.0,all_1_6_24,0.24572174901878086,0.3001808687410018,0.20068421750297774,0.1032302324666951,0.10118756626495369,0.7036144092635226,,,,,,,,,,,,,,,,,,,,,,,,,,,,,,,,,,,,,,,,
development,19872,2023-07-24T09:40:00+00:00,36,branch1,14.0,14.0,all_1_6_24,0.23383012739542372,0.27111038714194796,0.1851146402657571,0.09836959062513859,0.09911889338956624,0.691583501730603,,,,,,,,,,,,,,,,,,,,,,,,,,,,,,,,,,,,,,,,
development,19872,2023-07-24T09:40:00+00:00,36,branch1,21.0,3.0,all_1_6_24,0.26138289262870806,0.3266319818383653,0.21563120240422265,0.11135775533591125,0.10463042297008002,0.72368941047843,,,,,,,,,,,,,,,,,,,,,,,,,,,,,,,,,,,,,,,,
development,19872,2023-07-24T09:40:00+00:00,36,branch1,21.0,7.0,all_1_6_24,0.23002015272554951,0.26288028405840663,0.17405467200994282,0.1073511200095929,0.08522905996147902,0.6661357197096277,,,,,,,,,,,,,,,,,,,,,,,,,,,,,,,,,,,,,,,,
development,19872,2023-07-24T09:40:00+00:00,36,branch1,21.0,14.0,all_1_6_24,0.21847708314836126,0.2278838233996923,0.15439952646051752,0.10868223316898455,0.08091522952134272,0.6465239060176108,,,,,,,,,,,,,,,,,,,,,,,,,,,,,,,,,,,,,,,,
development,19872,2023-07-24T09:40:00+00:00,36,branch2,,,history_only,0.24761616481518067,0.11380704912628961,0.08728726226331414,0.22777089377371496,0.06076747540033867,0.5365642333557846,7.0,3.0,,,,,,,,,,,,,,,,,,,,,,,,,,,,,,,,,,,,,,
development,19872,2023-07-24T09:40:00+00:00,36,branch2,,,history_only,0.24231222039596345,0.1130986445983125,0.08693153323272895,0.22077770350464243,0.060764421867145396,0.5360208843426003,7.0,7.0,,,,,,,,,,,,,,,,,,,,,,,,,,,,,,,,,,,,,,
development,19872,2023-07-24T09:40:00+00:00,36,branch2,,,history_only,0.23879482841925104,0.11236521730142154,0.08656469208569124,0.21631413935264013,0.06076416686996095,0.5356270209417143,7.0,14.0,,,,,,,,,,,,,,,,,,,,,,,,,,,,,,,,,,,,,,
development,19872,2023-07-24T09:40:00+00:00,36,branch2,,,history_only,0.3376279741885919,0.3691881201149385,0.24149758462061405,0.1713243089393152,0.11380704912628961,0.6677234620221558,14.0,3.0,,,,,,,,,,,,,,,,,,,,,,,,,,,,,,,,,,,,,,
development,19872,2023-07-24T09:40:00+00:00,36,branch2,,,history_only,0.3192378991696923,0.3648098879167768,0.2393084685215332,0.1525707440750846,0.11380704912628961,0.624849136138786,14.0,7.0,,,,,,,,,,,,,,,,,,,,,,,,,,,,,,,,,,,,,,
development,19872,2023-07-24T09:40:00+00:00,36,branch2,,,history_only,0.31548202056436997,0.36476546407789656,0.23928625660209307,0.14868852196485727,0.11380704912628961,0.6239100797943511,14.0,14.0,,,,,,,,,,,,,,,,,,,,,,,,,,,,,,,,,,,,,,
development,19872,2023-07-24T09:40:00+00:00,36,branch2,,,history_only,0.3369809733401538,0.366415962763109,0.24011150594469932,0.17147185765722722,0.11380704912628961,0.630907954943961,21.0,3.0,,,,,,,,,,,,,,,,,,,,,,,,,,,,,,,,,,,,,,
development,19872,2023-07-24T09:40:00+00:00,36,branch2,,,history_only,0.3132899880549717,0.35693092913459246,0.23536898913044102,0.14830677997035527,0.11380704912628961,0.611519814269561,21.0,7.0,,,,,,,,,,,,,,,,,,,,,,,,,,,,,,,,,,,,,,
development,19872,2023-07-24T09:40:00+00:00,36,branch2,,,history_only,0.31283086757744405,0.35681200511711886,0.23530952712170422,0.14785471886774618,0.11380704912628961,0.6109857255612211,21.0,14.0,,,,,,,,,,,,,,,,,,,,,,,,,,,,,,,,,,,,,,
development,19872,2023-07-24T09:40:00+00:00,36,fusion,,,,0.3376279741885919,0.3691881201149385,0.24149758462061405,0.1713243089393152,0.11380704912628961,0.6677234620221558,,,0.0,,,,,,,,,,,,,,,,,,,,,,,,,,,,,,,,,,,,,
development,19872,2023-07-24T09:40:00+00:00,36,fusion,,,,0.34944714385442266,0.33196984024084897,0.2332663446207385,0.1830051263022652,0.13456284900062804,0.7148399620347351,,,0.1,,,,,,,,,,,,,,,,,,,,,,,,,,,,,,,,,,,,,
development,19872,2023-07-24T09:40:00+00:00,36,fusion,,,,0.3424968784851689,0.27554832516960925,0.20868522409237347,0.19695574941201974,0.1418221230151377,0.7236458220392583,,,0.2,,,,,,,,,,,,,,,,,,,,,,,,,,,,,,,,,,,,,
development,19872,2023-07-24T09:40:00+00:00,36,fusion,,,,0.32347894040091085,0.20119481828721925,0.18275716639633066,0.19957922410952159,0.1643195145054421,0.7408734942400935,,,0.3,,,,,,,,,,,,,,,,,,,,,,,,,,,,,,,,,,,,,
development,19872,2023-07-24T09:40:00+00:00,36,fusion,,,,0.3139349787417148,0.19087427514038804,0.17348239056866355,0.19913691474708617,0.15609050599693905,0.7467434913150469,,,0.4,,,,,,,,,,,,,,,,,,,,,,,,,,,,,,,,,,,,,
development,19872,2023-07-24T09:40:00+00:00,36,fusion,,,,0.31121251121079374,0.2060113629844604,0.17063754588969549,0.20089013508372813,0.13526372879493054,0.7461348722434605,,,0.5,,,,,,,,,,,,,,,,,,,,,,,,,,,,,,,,,,,,,
development,19872,2023-07-24T09:40:00+00:00,36,fusion,,,,0.3155336578309222,0.23968561836387536,0.18257713010943827,0.19372436470746837,0.12546864185500117,0.746657581207312,,,0.6,,,,,,,,,,,,,,,,,,,,,,,,,,,,,,,,,,,,,
development,19872,2023-07-24T09:40:00+00:00,36,fusion,,,,0.3180439432896687,0.2829835892128084,0.20130440695202037,0.17805588420077254,0.11962522469123232,0.7468011892515453,,,0.7,,,,,,,,,,,,,,,,,,,,,,,,,,,,,,,,,,,,,
development,19872,2023-07-24T09:40:00+00:00,36,fusion,,,,0.3126558661727934,0.3201135103218555,0.21775619573849359,0.15810305119200674,0.11539888115513168,0.7445128330986335,,,0.8,,,,,,,,,,,,,,,,,,,,,,,,,,,,,,,,,,,,,
development,19872,2023-07-24T09:40:00+00:00,36,fusion,,,,0.29036390161155706,0.3244466692929513,0.21840198395011692,0.1336189309691218,0.11235729860728255,0.7395714508887927,,,0.9,,,,,,,,,,,,,,,,,,,,,,,,,,,,,,,,,,,,,
development,19872,2023-07-24T09:40:00+00:00,36,fusion,,,,0.26432422162800245,0.3252735425168498,0.21771168330168184,0.10981117048670944,0.11014982408651387,0.7308820690623024,,,1.0,,,,,,,,,,,,,,,,,,,,,,,,,,,,,,,,,,,,,
development,20160,2023-07-25T09:40:00+00:00,36,branch1,7.0,3.0,all_1_6_24,0.32737775720114737,0.3721341996706188,0.2752378967629575,0.10814986101613815,0.17834159385529624,0.7910723231170028,,,,,,,,,,,,,,,,,,,,,,,,,,,,,,,,,,,,,,,,
development,20160,2023-07-25T09:40:00+00:00,36,branch1,7.0,7.0,all_1_6_24,0.30400371294525635,0.30874816943745,0.23876238044843268,0.10852743142726191,0.1687765914594154,0.7884247363291342,,,,,,,,,,,,,,,,,,,,,,,,,,,,,,,,,,,,,,,,
development,20160,2023-07-25T09:40:00+00:00,36,branch1,7.0,14.0,all_1_6_24,0.2817931151813433,0.2483165214776139,0.20641548074389515,0.1119555284766396,0.16451444001017637,0.7850653361276768,,,,,,,,,,,,,,,,,,,,,,,,,,,,,,,,,,,,,,,,
development,20160,2023-07-25T09:40:00+00:00,36,branch1,14.0,3.0,all_1_6_24,0.332276674631007,0.39678672122931957,0.2836418998183561,0.11517457640570573,0.1704970784073926,0.784438405938,,,,,,,,,,,,,,,,,,,,,,,,,,,,,,,,,,,,,,,,
development,20160,2023-07-25T09:40:00+00:00,36,branch1,14.0,7.0,all_1_6_24,0.3052540881371045,0.37022108801967263,0.26059098081790544,0.10955406540848478,0.15096087361613825,0.7630038207319311,,,,,,,,,,,,,,,,,,,,,,,,,,,,,,,,,,,,,,,,
development,20160,2023-07-25T09:40:00+00:00,36,branch1,14.0,14.0,all_1_6_24,0.28462847147431786,0.3276663067823591,0.23452630243125283,0.10394146570380745,0.14138629808014658,0.7477476171320125,,,,,,,,,,,,,,,,,,,,,,,,,,,,,,,,,,,,,,,,
development,20160,2023-07-25T09:40:00+00:00,36,branch1,21.0,3.0,all_1_6_24,0.329481295989732,0.3962240579972476,0.2813572716173177,0.11587966108178097,0.1664904852373878,0.7801939016752611,,,,,,,,,,,,,,,,,,,,,,,,,,,,,,,,,,,,,,,,
development,20160,2023-07-25T09:40:00+00:00,36,branch1,21.0,7.0,all_1_6_24,0.2841705737302315,0.3177916649101846,0.22482284759943438,0.1131655388736576,0.13185403028868414,0.7378547366031748,,,,,,,,,,,,,,,,,,,,,,,,,,,,,,,,,,,,,,,,
development,20160,2023-07-25T09:40:00+00:00,36,branch1,21.0,14.0,all_1_6_24,0.25957104494493244,0.26816819151487953,0.1878587520207865,0.12076855258764155,0.10754931252669347,0.7015921016328468,,,,,,,,,,,,,,,,,,,,,,,,,,,,,,,,,,,,,,,,
development,20160,2023-07-25T09:40:00+00:00,36,branch2,,,history_only,0.35347972053992,0.3465244009461501,0.22382183202354639,0.2089488367739487,0.10111926310094263,0.7017761229515765,7.0,3.0,,,,,,,,,,,,,,,,,,,,,,,,,,,,,,,,,,,,,,
development,20160,2023-07-25T09:40:00+00:00,36,branch2,,,history_only,0.3538897486514602,0.3479101648662016,0.2248044175429754,0.20839720590924674,0.10169867021974921,0.7019050661160694,7.0,7.0,,,,,,,,,,,,,,,,,,,,,,,,,,,,,,,,,,,,,,
development,20160,2023-07-25T09:40:00+00:00,36,branch2,,,history_only,0.3534915058873795,0.34790761480479193,0.22478542561306641,0.20793402602764302,0.1016632364213409,0.7018602433294662,7.0,14.0,,,,,,,,,,,,,,,,,,,,,,,,,,,,,,,,,,,,,,
development,20160,2023-07-25T09:40:00+00:00,36,branch2,,,history_only,0.3361748519329762,0.34484045042302114,0.22283102679222566,0.18872690595554564,0.1008216031614302,0.6982078556918042,14.0,3.0,,,,,,,,,,,,,,,,,,,,,,,,,,,,,,,,,,,,,,
development,20160,2023-07-25T09:40:00+00:00,36,branch2,,,history_only,0.3338316453023989,0.3397464844202317,0.22028404379083094,0.18788373736298125,0.1008216031614302,0.6972857390890635,14.0,7.0,,,,,,,,,,,,,,,,,,,,,,,,,,,,,,,,,,,,,,
development,20160,2023-07-25T09:40:00+00:00,36,branch2,,,history_only,0.3334535255017914,0.3386121250184094,0.2197168640899198,0.1878725942735481,0.1008216031614302,0.6971523461227092,14.0,14.0,,,,,,,,,,,,,,,,,,,,,,,,,,,,,,,,,,,,,,
development,20160,2023-07-25T09:40:00+00:00,36,branch2,,,history_only,0.33580838053710954,0.3456766901243638,0.223249146642897,0.18796674671771532,0.1008216031614302,0.6980221318492776,21.0,3.0,,,,,,,,,,,,,,,,,,,,,,,,,,,,,,,,,,,,,,
development,20160,2023-07-25T09:40:00+00:00,36,branch2,,,history_only,0.3334195984737422,0.33851034393426166,0.21966597354784592,0.18787166883077047,0.1008216031614302,0.6971412185835173,21.0,7.0,,,,,,,,,,,,,,,,,,,,,,,,,,,,,,,,,,,,,,
development,20160,2023-07-25T09:40:00+00:00,36,branch2,,,history_only,0.3334195984737422,0.33851034393426166,0.21966597354784592,0.18787166883077047,0.1008216031614302,0.6971412185835173,21.0,14.0,,,,,,,,,,,,,,,,,,,,,,,,,,,,,,,,,,,,,,
development,20160,2023-07-25T09:40:00+00:00,36,fusion,,,,0.3538897486514602,0.3479101648662016,0.2248044175429754,0.20839720590924674,0.10169867021974921,0.7019050661160694,,,0.0,,,,,,,,,,,,,,,,,,,,,,,,,,,,,,,,,,,,,
development,20160,2023-07-25T09:40:00+00:00,36,fusion,,,,0.37487979866304544,0.3573211401394907,0.2337013370455575,0.22371995856579918,0.11008153395162432,0.7362107528279944,,,0.1,,,,,,,,,,,,,,,,,,,,,,,,,,,,,,,,,,,,,
development,20160,2023-07-25T09:40:00+00:00,36,fusion,,,,0.39161899903407993,0.3542623124037621,0.23933538459370146,0.23491714343137582,0.12440845678364083,0.7517438079006924,,,0.2,,,,,,,,,,,,,,,,,,,,,,,,,,,,,,,,,,,,,
development,20160,2023-07-25T09:40:00+00:00,36,fusion,,,,0.39354636401826465,0.33370585432919264,0.2345777690359638,0.23894130362335442,0.13544968374273497,0.7642397440231025,,,0.3,,,,,,,,,,,,,,,,,,,,,,,,,,,,,,,,,,,,,
development,20160,2023-07-25T09:40:00+00:00,36,fusion,,,,0.39028591286441144,0.3097534300675664,0.23193485911134498,0.23278158383599015,0.15411628815512357,0.7807095296843878,,,0.4,,,,,,,,,,,,,,,,,,,,,,,,,,,,,,,,,,,,,
development,20160,2023-07-25T09:40:00+00:00,36,fusion,,,,0.38842352502919963,0.2881819015562559,0.23362649597318835,0.22340195894700024,0.1790710903901208,0.7950981703210962,,,0.5,,,,,,,,,,,,,,,,,,,,,,,,,,,,,,,,,,,,,
development,20160,2023-07-25T09:40:00+00:00,36,fusion,,,,0.3886456764223136,0.2665009562652424,0.23411804485372065,0.2201287800448985,0.2017351334421989,0.8020448305776887,,,0.6,,,,,,,,,,,,,,,,,,,,,,,,,,,,,,,,,,,,,
development,20160,2023-07-25T09:40:00+00:00,36,fusion,,,,0.3950838306417208,0.2525475076089992,0.24577714114278962,0.21122389455974205,0.23900677467658005,0.8045100916127265,,,0.7,,,,,,,,,,,,,,,,,,,,,,,,,,,,,,,,,,,,,
development,20160,2023-07-25T09:40:00+00:00,36,fusion,,,,0.40816337867463465,0.33991099971637584,0.27697763086854965,0.19250923821444993,0.21404426202072352,0.8058071181889471,,,0.8,,,,,,,,,,,,,,,,,,,,,,,,,,,,,,,,,,,,,
development,20160,2023-07-25T09:40:00+00:00,36,fusion,,,,0.38145506851377337,0.36812949700978476,0.27922596688160994,0.16177392729940313,0.1903224367534352,0.8015366736264768,,,0.9,,,,,,,,,,,,,,,,,,,,,,,,,,,,,,,,,,,,,
development,20160,2023-07-25T09:40:00+00:00,36,fusion,,,,0.3348256971452627,0.40037047745383103,0.2852591234672748,0.11724947617550217,0.17014776948071855,0.7841760954409694,,,1.0,,,,,,,,,,,,,,,,,,,,,,,,,,,,,,,,,,,,,
development,20448,2023-07-26T09:40:00+00:00,36,branch1,7.0,3.0,all_1_6_24,0.240790970401221,0.24238931216296714,0.19409802575581675,0.07691008421888415,0.1458067393486664,0.707906062752183,,,,,,,,,,,,,,,,,,,,,,,,,,,,,,,,,,,,,,,,
development,20448,2023-07-26T09:40:00+00:00,36,branch1,7.0,7.0,all_1_6_24,0.2358396604949218,0.24787832902901613,0.19440826417341947,0.07306950863896607,0.1409381993178228,0.7025271305428845,,,,,,,,,,,,,,,,,,,,,,,,,,,,,,,,,,,,,,,,
development,20448,2023-07-26T09:40:00+00:00,36,branch1,7.0,14.0,all_1_6_24,0.23284684274665265,0.24810377342053713,0.19347844362126534,0.07133741049765589,0.13885311382199356,0.700535692315532,,,,,,,,,,,,,,,,,,,,,,,,,,,,,,,,,,,,,,,,
development,20448,2023-07-26T09:40:00+00:00,36,branch1,14.0,3.0,all_1_6_24,0.23073728240315158,0.2184261190757908,0.18155869340881134,0.07578393814757403,0.14469126774183189,0.7042052193064201,,,,,,,,,,,,,,,,,,,,,,,,,,,,,,,,,,,,,,,,
development,20448,2023-07-26T09:40:00+00:00,36,branch1,14.0,7.0,all_1_6_24,0.20074777711300099,0.17152803357878774,0.16089194492525277,0.05702974931255728,0.15025585627171784,0.6820493273013962,,,,,,,,,,,,,,,,,,,,,,,,,,,,,,,,,,,,,,,,
development,20448,2023-07-26T09:40:00+00:00,36,branch1,14.0,14.0,all_1_6_24,0.18715011125556447,0.1561055936738807,0.1528152909690899,0.04863103086303827,0.14952498826429914,0.6668009029878034,,,,,,,,,,,,,,,,,,,,,,,,,,,,,,,,,,,,,,,,
development,20448,2023-07-26T09:40:00+00:00,36,branch1,21.0,3.0,all_1_6_24,0.22873926636592734,0.2188875901032573,0.1825264261675915,0.07178214281350272,0.14616526223192566,0.6995195988503866,,,,,,,,,,,,,,,,,,,,,,,,,,,,,,,,,,,,,,,,
development,20448,2023-07-26T09:40:00+00:00,36,branch1,21.0,7.0,all_1_6_24,0.18527192414678073,0.16109069532027992,0.15642128449131198,0.04097870685350951,0.15175187366234405,0.6552311942123606,,,,,,,,,,,,,,,,,,,,,,,,,,,,,,,,,,,,,,,,
development,20448,2023-07-26T09:40:00+00:00,36,branch1,21.0,14.0,all_1_6_24,0.1645028055416235,0.15184655031999977,0.14905045701249892,0.021971851127914666,0.14625436370499803,0.6260254405725086,,,,,,,,,,,,,,,,,,,,,,,,,,,,,,,,,,,,,,,,
development,20448,2023-07-26T09:40:00+00:00,36,branch2,,,history_only,0.349784940582881,0.46375030340863194,0.28029123026748265,0.1791560936502228,0.09683215712633333,0.7292709036313122,7.0,3.0,,,,,,,,,,,,,,,,,,,,,,,,,,,,,,,,,,,,,,
development,20448,2023-07-26T09:40:00+00:00,36,branch2,,,history_only,0.34702839372787153,0.46188522235605384,0.2793586897411936,0.17711296135769303,0.09683215712633333,0.7287391197624086,7.0,7.0,,,,,,,,,,,,,,,,,,,,,,,,,,,,,,,,,,,,,,
development,20448,2023-07-26T09:40:00+00:00,36,branch2,,,history_only,0.34219516423223145,0.4589464137471617,0.2778892854367475,0.17356539949923241,0.09683215712633333,0.7279165940659427,7.0,14.0,,,,,,,,,,,,,,,,,,,,,,,,,,,,,,,,,,,,,,
development,20448,2023-07-26T09:40:00+00:00,36,branch2,,,history_only,0.3311575223966356,0.4218077429229696,0.25931995002465147,0.16710115350463003,0.09683215712633333,0.7259448227081678,14.0,3.0,,,,,,,,,,,,,,,,,,,,,,,,,,,,,,,,,,,,,,
development,20448,2023-07-26T09:40:00+00:00,36,branch2,,,history_only,0.3176315424097517,0.41316912737706935,0.2550006422517013,0.15659961398563912,0.09683215712633333,0.723210401748076,14.0,7.0,,,,,,,,,,,,,,,,,,,,,,,,,,,,,,,,,,,,,,
development,20448,2023-07-26T09:40:00+00:00,36,branch2,,,history_only,0.3150276162371611,0.41316912737706935,0.2550006422517013,0.15454661110143425,0.09683215712633333,0.7226739553882208,14.0,14.0,,,,,,,,,,,,,,,,,,,,,,,,,,,,,,,,,,,,,,
development,20448,2023-07-26T09:40:00+00:00,36,branch2,,,history_only,0.32507285842783945,0.42055508021448557,0.25869361867040946,0.16210643241505987,0.09683215712633333,0.7248807264106158,21.0,3.0,,,,,,,,,,,,,,,,,,,,,,,,,,,,,,,,,,,,,,
development,20448,2023-07-26T09:40:00+00:00,36,branch2,,,history_only,0.3150276162371611,0.41316912737706935,0.2550006422517013,0.15454661110143425,0.09683215712633333,0.7226739553882208,21.0,7.0,,,,,,,,,,,,,,,,,,,,,,,,,,,,,,,,,,,,,,
development,20448,2023-07-26T09:40:00+00:00,36,branch2,,,history_only,0.3150276162371611,0.41316912737706935,0.2550006422517013,0.15454661110143425,0.09683215712633333,0.7226739553882208,21.0,14.0,,,,,,,,,,,,,,,,,,,,,,,,,,,,,,,,,,,,,,
development,20448,2023-07-26T09:40:00+00:00,36,fusion,,,,0.349784940582881,0.46375030340863194,0.28029123026748265,0.1791560936502228,0.09683215712633333,0.7292709036313122,,,0.0,,,,,,,,,,,,,,,,,,,,,,,,,,,,,,,,,,,,,
development,20448,2023-07-26T09:40:00+00:00,36,fusion,,,,0.3890444378036105,0.4962952559926111,0.3015260275910576,0.20151669692697027,0.10675679918950408,0.7583316486952855,,,0.1,,,,,,,,,,,,,,,,,,,,,,,,,,,,,,,,,,,,,
development,20448,2023-07-26T09:40:00+00:00,36,fusion,,,,0.40218929525295266,0.52024352489689,0.3133148797617079,0.21057927939252605,0.10638623462652583,0.7601817661274399,,,0.2,,,,,,,,,,,,,,,,,,,,,,,,,,,,,,,,,,,,,
development,20448,2023-07-26T09:40:00+00:00,36,fusion,,,,0.40016270505343393,0.5221954543877252,0.31343579363293433,0.20999248788480165,0.10467613287814351,0.7629632310518639,,,0.3,,,,,,,,,,,,,,,,,,,,,,,,,,,,,,,,,,,,,
development,20448,2023-07-26T09:40:00+00:00,36,fusion,,,,0.39436804129047115,0.5127600624513073,0.3047501325044399,0.21191545433976727,0.09674020255757242,0.7563167710112708,,,0.4,,,,,,,,,,,,,,,,,,,,,,,,,,,,,,,,,,,,,
development,20448,2023-07-26T09:40:00+00:00,36,fusion,,,,0.391270545777183,0.5023980511366724,0.2997243796881062,0.21010904894882212,0.09705070823954011,0.7566912209498543,,,0.5,,,,,,,,,,,,,,,,,,,,,,,,,,,,,,,,,,,,,
development,20448,2023-07-26T09:40:00+00:00,36,fusion,,,,0.3786571446521227,0.4796800131933113,0.28970061298080696,0.19971974712259893,0.09972121276830259,0.7523416210315723,,,0.6,,,,,,,,,,,,,,,,,,,,,,,,,,,,,,,,,,,,,
development,20448,2023-07-26T09:40:00+00:00,36,fusion,,,,0.36156733392756407,0.45401390234105726,0.2801217150559995,0.18282716665181922,0.10622952777094166,0.7442320109688233,,,0.7,,,,,,,,,,,,,,,,,,,,,,,,,,,,,,,,,,,,,
development,20448,2023-07-26T09:40:00+00:00,36,fusion,,,,0.340208765769735,0.42966425286879223,0.2746856066095452,0.156840118072181,0.11970696035029824,0.7346279370280562,,,0.8,,,,,,,,,,,,,,,,,,,,,,,,,,,,,,,,,,,,,
development,20448,2023-07-26T09:40:00+00:00,36,fusion,,,,0.3028060419816402,0.37315474103825,0.2532405843141651,0.12041486277091439,0.1333264275900801,0.7256408306221868,,,0.9,,,,,,,,,,,,,,,,,,,,,,,,,,,,,,,,,,,,,
development,20448,2023-07-26T09:40:00+00:00,36,fusion,,,,0.24188605047158998,0.24749465936573284,0.19686305640522372,0.07591560754087745,0.14623145344471464,0.7088700254128044,,,1.0,,,,,,,,,,,,,,,,,,,,,,,,,,,,,,,,,,,,,
development,20736,2023-07-27T09:40:00+00:00,36,branch1,7.0,3.0,all_1_6_24,0.2593152773114376,0.2333424929416736,0.19910416449671364,0.08962290426696076,0.16486583605175364,0.7106289582019741,,,,,,,,,,,,,,,,,,,,,,,,,,,,,,,,,,,,,,,,
development,20736,2023-07-27T09:40:00+00:00,36,branch1,7.0,7.0,all_1_6_24,0.24665373859785736,0.21637083232235477,0.18853166156367157,0.0852820690213154,0.16069249080498837,0.7064445777498537,,,,,,,,,,,,,,,,,,,,,,,,,,,,,,,,,,,,,,,,
development,20736,2023-07-27T09:40:00+00:00,36,branch1,7.0,14.0,all_1_6_24,0.240239505579992,0.20635222958605373,0.18292623119412155,0.08327949592846581,0.1595002328021894,0.7056953650938134,,,,,,,,,,,,,,,,,,,,,,,,,,,,,,,,,,,,,,,,
development,20736,2023-07-27T09:40:00+00:00,36,branch1,14.0,3.0,all_1_6_24,0.281080953389882,0.3113456134025486,0.23825046060244728,0.08503432522659561,0.16515530780234594,0.7076252770206738,,,,,,,,,,,,,,,,,,,,,,,,,,,,,,,,,,,,,,,,
development,20736,2023-07-27T09:40:00+00:00,36,branch1,14.0,7.0,all_1_6_24,0.26453663513200626,0.30371290854422683,0.23318388723160116,0.07267887015282076,0.1626548659189755,0.689119490601327,,,,,,,,,,,,,,,,,,,,,,,,,,,,,,,,,,,,,,,,
development,20736,2023-07-27T09:40:00+00:00,36,branch1,14.0,14.0,all_1_6_24,0.2557018177935055,0.2742051443384352,0.21990612711118168,0.06729228626481827,0.16560710988392816,0.6806012974221106,,,,,,,,,,,,,,,,,,,,,,,,,,,,,,,,,,,,,,,,
development,20736,2023-07-27T09:40:00+00:00,36,branch1,21.0,3.0,all_1_6_24,0.2799674587123575,0.31547153532870825,0.24298435897173765,0.0789837102845917,0.17049718261476704,0.7031114617727922,,,,,,,,,,,,,,,,,,,,,,,,,,,,,,,,,,,,,,,,
development,20736,2023-07-27T09:40:00+00:00,36,branch1,21.0,7.0,all_1_6_24,0.2574538694204709,0.26398809619685165,0.2190630096707457,0.06552270719044562,0.17413792314463977,0.6714599425173917,,,,,,,,,,,,,,,,,,,,,,,,,,,,,,,,,,,,,,,,
development,20736,2023-07-27T09:40:00+00:00,36,branch1,21.0,14.0,all_1_6_24,0.24636155470733132,0.22764813977523105,0.19674963300088744,0.07455980171246482,0.16585112622654383,0.6554514566018687,,,,,,,,,,,,,,,,,,,,,,,,,,,,,,,,,,,,,,,,
development,20736,2023-07-27T09:40:00+00:00,36,branch2,,,history_only,0.2941365417659112,0.20858767688832958,0.15937334372225595,0.19477407293210536,0.11015901055618232,0.6575788210229804,7.0,3.0,,,,,,,,,,,,,,,,,,,,,,,,,,,,,,,,,,,,,,
development,20736,2023-07-27T09:40:00+00:00,36,branch2,,,history_only,0.2878079385191374,0.20844917996780954,0.15873244893781555,0.18699946412807808,0.10901571790782154,0.6569236001266819,7.0,7.0,,,,,,,,,,,,,,,,,,,,,,,,,,,,,,,,,,,,,,
development,20736,2023-07-27T09:40:00+00:00,36,branch2,,,history_only,0.2844463410926556,0.20837501487876833,0.1582794121868727,0.1830552762739803,0.10818380949497708,0.6565169005010602,7.0,14.0,,,,,,,,,,,,,,,,,,,,,,,,,,,,,,,,,,,,,,
development,20736,2023-07-27T09:40:00+00:00,36,branch2,,,history_only,0.2828954955152222,0.2082592784585358,0.15920914450735907,0.17944517438955992,0.11015901055618232,0.6561649756252599,14.0,3.0,,,,,,,,,,,,,,,,,,,,,,,,,,,,,,,,,,,,,,
development,20736,2023-07-27T09:40:00+00:00,36,branch2,,,history_only,0.26582348399292705,0.2061817465467487,0.1581703785514655,0.15721039997478928,0.11015901055618232,0.6531143204969067,14.0,7.0,,,,,,,,,,,,,,,,,,,,,,,,,,,,,,,,,,,,,,
development,20736,2023-07-27T09:40:00+00:00,36,branch2,,,history_only,0.2609291040954264,0.20543792080529177,0.15779846568073705,0.15094657647443496,0.11015901055618232,0.6520344172729559,14.0,14.0,,,,,,,,,,,,,,,,,,,,,,,,,,,,,,,,,,,,,,
development,20736,2023-07-27T09:40:00+00:00,36,branch2,,,history_only,0.2819543947935322,0.20697335947170492,0.15856618501394362,0.1789174958406237,0.11015901055618232,0.655972691281456,21.0,3.0,,,,,,,,,,,,,,,,,,,,,,,,,,,,,,,,,,,,,,
development,20736,2023-07-27T09:40:00+00:00,36,branch2,,,history_only,0.26026323054136485,0.2031401971755822,0.15664960386588228,0.15136870254410087,0.11015901055618232,0.6517906406497458,21.0,7.0,,,,,,,,,,,,,,,,,,,,,,,,,,,,,,,,,,,,,,
development,20736,2023-07-27T09:40:00+00:00,36,branch2,,,history_only,0.2601631962188566,0.2031401971755822,0.15664960386588228,0.15123175740507488,0.11015901055618232,0.6517660860436502,21.0,14.0,,,,,,,,,,,,,,,,,,,,,,,,,,,,,,,,,,,,,,
development,20736,2023-07-27T09:40:00+00:00,36,fusion,,,,0.2941365417659112,0.20858767688832958,0.15937334372225595,0.19477407293210536,0.11015901055618232,0.6575788210229804,,,0.0,,,,,,,,,,,,,,,,,,,,,,,,,,,,,,,,,,,,,
development,20736,2023-07-27T09:40:00+00:00,36,fusion,,,,0.3263482431943493,0.2199518136378223,0.17372597418225266,0.21911564561295704,0.12750013472668303,0.6952243488434512,,,0.1,,,,,,,,,,,,,,,,,,,,,,,,,,,,,,,,,,,,,
development,20736,2023-07-27T09:40:00+00:00,36,fusion,,,,0.3341095090468586,0.21738161538778628,0.17576648034422798,0.2264940965836415,0.13415134530066966,0.6982098174719037,,,0.2,,,,,,,,,,,,,,,,,,,,,,,,,,,,,,,,,,,,,
development,20736,2023-07-27T09:40:00+00:00,36,fusion,,,,0.3365463177476655,0.2114754498674658,0.1787038845043832,0.2248209312509653,0.14593231914130061,0.704414326305872,,,0.3,,,,,,,,,,,,,,,,,,,,,,,,,,,,,,,,,,,,,
development,20736,2023-07-27T09:40:00+00:00,36,fusion,,,,0.3359531165791352,0.19736542542751337,0.1790986239468631,0.22232659402047242,0.16083182246621286,0.704361370034461,,,0.4,,,,,,,,,,,,,,,,,,,,,,,,,,,,,,,,,,,,,
development,20736,2023-07-27T09:40:00+00:00,36,fusion,,,,0.33869291537921226,0.19432139175784172,0.18625254562407895,0.21568388175162836,0.17818369949031618,0.7131834241763362,,,0.5,,,,,,,,,,,,,,,,,,,,,,,,,,,,,,,,,,,,,
development,20736,2023-07-27T09:40:00+00:00,36,fusion,,,,0.33776950560396585,0.19613985403090703,0.19372898845306652,0.20371356363961962,0.19131812287522598,0.7194965776728454,,,0.6,,,,,,,,,,,,,,,,,,,,,,,,,,,,,,,,,,,,,
development,20736,2023-07-27T09:40:00+00:00,36,fusion,,,,0.33821936801080826,0.2347101403492857,0.21185429585461352,0.1796789433233354,0.18899845135994137,0.7224389923564992,,,0.7,,,,,,,,,,,,,,,,,,,,,,,,,,,,,,,,,,,,,
development,20736,2023-07-27T09:40:00+00:00,36,fusion,,,,0.34176049673557896,0.30376438870118844,0.24396286758219607,0.1466727666887827,0.1841613464632037,0.7235732147411492,,,0.8,,,,,,,,,,,,,,,,,,,,,,,,,,,,,,,,,,,,,
development,20736,2023-07-27T09:40:00+00:00,36,fusion,,,,0.3161480092812889,0.3156941991624456,0.24454893745547684,0.116735968528146,0.17340367574850807,0.7193609808294288,,,0.9,,,,,,,,,,,,,,,,,,,,,,,,,,,,,,,,,,,,,
development,20736,2023-07-27T09:40:00+00:00,36,fusion,,,,0.2824420122062928,0.3178430131412158,0.24180683449481905,0.08459768896006527,0.16577065584842227,0.707773957400013,,,1.0,,,,,,,,,,,,,,,,,,,,,,,,,,,,,,,,,,,,,
development,21024,2023-07-28T09:40:00+00:00,36,branch1,7.0,3.0,all_1_6_24,0.3303401365898177,0.37950498093920204,0.28353513368825145,0.10257464427176163,0.18756528643730086,0.7228700274186642,,,,,,,,,,,,,,,,,,,,,,,,,,,,,,,,,,,,,,,,
development,21024,2023-07-28T09:40:00+00:00,36,branch1,7.0,7.0,all_1_6_24,0.30408518549333713,0.30504889020154197,0.24193596390372873,0.10188496355680078,0.1788230376059155,0.7192797248729632,,,,,,,,,,,,,,,,,,,,,,,,,,,,,,,,,,,,,,,,
development,21024,2023-07-28T09:40:00+00:00,36,branch1,7.0,14.0,all_1_6_24,0.28405018348104466,0.25209672533666844,0.2139081586078354,0.10398101618001963,0.1757195918790024,0.7142162562453845,,,,,,,,,,,,,,,,,,,,,,,,,,,,,,,,,,,,,,,,
development,21024,2023-07-28T09:40:00+00:00,36,branch1,14.0,3.0,all_1_6_24,0.33986017949585684,0.40449133643122687,0.29559617718439746,0.10873840600045286,0.18670101793756805,0.7158148708730477,,,,,,,,,,,,,,,,,,,,,,,,,,,,,,,,,,,,,,,,
development,21024,2023-07-28T09:40:00+00:00,36,branch1,14.0,7.0,all_1_6_24,0.31374161976844134,0.37058788614568194,0.272338919741845,0.09931569230791021,0.17408995333800809,0.6972599025128302,,,,,,,,,,,,,,,,,,,,,,,,,,,,,,,,,,,,,,,,
development,21024,2023-07-28T09:40:00+00:00,36,branch1,14.0,14.0,all_1_6_24,0.29518872403581703,0.32965759658612576,0.25052394735137085,0.09035840219195097,0.171390298116616,0.687383816373717,,,,,,,,,,,,,,,,,,,,,,,,,,,,,,,,,,,,,,,,
development,21024,2023-07-28T09:40:00+00:00,36,branch1,21.0,3.0,all_1_6_24,0.33694867872155526,0.4040693670307125,0.2941481929683659,0.1082537428124977,0.1842270189060193,0.7105010852576727,,,,,,,,,,,,,,,,,,,,,,,,,,,,,,,,,,,,,,,,
development,21024,2023-07-28T09:40:00+00:00,36,branch1,21.0,7.0,all_1_6_24,0.2997683054140513,0.3190447565445086,0.24927411475906971,0.09134890010232535,0.17950347297363084,0.6790808000701093,,,,,,,,,,,,,,,,,,,,,,,,,,,,,,,,,,,,,,,,
development,21024,2023-07-28T09:40:00+00:00,36,branch1,21.0,14.0,all_1_6_24,0.28069942780178825,0.27009408875300295,0.21888137468931307,0.09690943247389855,0.1676686606256232,0.6647809143591717,,,,,,,,,,,,,,,,,,,,,,,,,,,,,,,,,,,,,,,,
development,21024,2023-07-28T09:40:00+00:00,36,branch2,,,history_only,0.3234093929103848,0.25180993139784724,0.1763768588985752,0.21686531396311748,0.10094378639930318,0.6860685197313859,7.0,3.0,,,,,,,,,,,,,,,,,,,,,,,,,,,,,,,,,,,,,,
development,21024,2023-07-28T09:40:00+00:00,36,branch2,,,history_only,0.3231687012034488,0.25180993139784724,0.17658016770602564,0.21621611380576736,0.10135040401420403,0.6860193005534464,7.0,7.0,,,,,,,,,,,,,,,,,,,,,,,,,,,,,,,,,,,,,,
development,21024,2023-07-28T09:40:00+00:00,36,branch2,,,history_only,0.3225999436634847,0.25180993139784724,0.17646738333705644,0.21562417166753226,0.10112483527626565,0.6859454839784735,7.0,14.0,,,,,,,,,,,,,,,,,,,,,,,,,,,,,,,,,,,,,,
development,21024,2023-07-28T09:40:00+00:00,36,branch2,,,history_only,0.3057528081990812,0.25180993139784724,0.176368244816709,0.19306742138287322,0.10092655823557077,0.6825242325850338,14.0,3.0,,,,,,,,,,,,,,,,,,,,,,,,,,,,,,,,,,,,,,
development,21024,2023-07-28T09:40:00+00:00,36,branch2,,,history_only,0.3052309914157956,0.25235497268786977,0.17664076546172028,0.19207460322948264,0.10092655823557077,0.6824697194707806,14.0,7.0,,,,,,,,,,,,,,,,,,,,,,,,,,,,,,,,,,,,,,
development,21024,2023-07-28T09:40:00+00:00,36,branch2,,,history_only,0.305329852123254,0.25265155481024476,0.17678905652290777,0.19204743693005666,0.10092655823557077,0.6825052500739767,14.0,14.0,,,,,,,,,,,,,,,,,,,,,,,,,,,,,,,,,,,,,,
development,21024,2023-07-28T09:40:00+00:00,36,branch2,,,history_only,0.30504931098578814,0.25180993139784724,0.176368244816709,0.19212478314095666,0.10092655823557077,0.6824026800752975,21.0,3.0,,,,,,,,,,,,,,,,,,,,,,,,,,,,,,,,,,,,,,
development,21024,2023-07-28T09:40:00+00:00,36,branch2,,,history_only,0.30504931098578814,0.25180993139784724,0.176368244816709,0.19212478314095666,0.10092655823557077,0.6824026800752975,21.0,7.0,,,,,,,,,,,,,,,,,,,,,,,,,,,,,,,,,,,,,,
development,21024,2023-07-28T09:40:00+00:00,36,branch2,,,history_only,0.30504931098578814,0.25180993139784724,0.176368244816709,0.19212478314095666,0.10092655823557077,0.6824026800752975,21.0,14.0,,,,,,,,,,,,,,,,,,,,,,,,,,,,,,,,,,,,,,
development,21024,2023-07-28T09:40:00+00:00,36,fusion,,,,0.3234093929103848,0.25180993139784724,0.1763768588985752,0.21686531396311748,0.10094378639930318,0.6860685197313859,,,0.0,,,,,,,,,,,,,,,,,,,,,,,,,,,,,,,,,,,,,
development,21024,2023-07-28T09:40:00+00:00,36,fusion,,,,0.3414801490469254,0.24864415542782542,0.18013096760331387,0.23493932828632896,0.11161777977880233,0.7043796431350513,,,0.1,,,,,,,,,,,,,,,,,,,,,,,,,,,,,,,,,,,,,
development,21024,2023-07-28T09:40:00+00:00,36,fusion,,,,0.3508599359354889,0.2273493248562401,0.17521977338400396,0.2520130819885251,0.1230902219117678,0.6911097610345388,,,0.2,,,,,,,,,,,,,,,,,,,,,,,,,,,,,,,,,,,,,
development,21024,2023-07-28T09:40:00+00:00,36,fusion,,,,0.3603905419394673,0.22748800413161,0.18146754061814857,0.25581009136659655,0.13544707710468717,0.6965996381753404,,,0.3,,,,,,,,,,,,,,,,,,,,,,,,,,,,,,,,,,,,,
development,21024,2023-07-28T09:40:00+00:00,36,fusion,,,,0.3674999483189218,0.23238528875465866,0.19387961514838487,0.2475409019005649,0.1553739415421111,0.7076224110654371,,,0.4,,,,,,,,,,,,,,,,,,,,,,,,,,,,,,,,,,,,,
development,21024,2023-07-28T09:40:00+00:00,36,fusion,,,,0.37372938050969245,0.2351172789336528,0.2073756476669859,0.2363476131992077,0.17963401640031904,0.7185190381639676,,,0.5,,,,,,,,,,,,,,,,,,,,,,,,,,,,,,,,,,,,,
development,21024,2023-07-28T09:40:00+00:00,36,fusion,,,,0.37918373343750816,0.22872055279761555,0.21564631137862383,0.23152307448672596,0.20257206995963212,0.7250964064269039,,,0.6,,,,,,,,,,,,,,,,,,,,,,,,,,,,,,,,,,,,,
development,21024,2023-07-28T09:40:00+00:00,36,fusion,,,,0.39028352179481623,0.24850304707532112,0.2348455753773904,0.22010511442275246,0.22118810367945968,0.7290921290224638,,,0.7,,,,,,,,,,,,,,,,,,,,,,,,,,,,,,,,,,,,,
development,21024,2023-07-28T09:40:00+00:00,36,fusion,,,,0.40714065798328036,0.3358680599809257,0.2712117547764692,0.1993496726587259,0.2065554495720126,0.7321593374103292,,,0.8,,,,,,,,,,,,,,,,,,,,,,,,,,,,,,,,,,,,,
development,21024,2023-07-28T09:40:00+00:00,36,fusion,,,,0.38780913883933504,0.37317615463504183,0.28418897865249493,0.16356472782110454,0.19520180266994797,0.7302568114580761,,,0.9,,,,,,,,,,,,,,,,,,,,,,,,,,,,,,,,,,,,,
development,21024,2023-07-28T09:40:00+00:00,36,fusion,,,,0.34290120870419544,0.4100036104619905,0.29831914961661743,0.11086357613988639,0.18663468877124434,0.7160232168274288,,,1.0,,,,,,,,,,,,,,,,,,,,,,,,,,,,,,,,,,,,,
development,21312,2023-07-29T09:40:00+00:00,36,branch1,7.0,3.0,all_1_6_24,0.18774345236015258,0.17869852087469695,0.1624526872355405,0.03814704455477547,0.14620685359638402,0.627222860517308,,,,,,,,,,,,,,,,,,,,,,,,,,,,,,,,,,,,,,,,
development,21312,2023-07-29T09:40:00+00:00,36,branch1,7.0,7.0,all_1_6_24,0.1855438781464688,0.17025213105637374,0.15571230596703756,0.043826739248380785,0.14117248087770137,0.623277369803112,,,,,,,,,,,,,,,,,,,,,,,,,,,,,,,,,,,,,,,,
development,21312,2023-07-29T09:40:00+00:00,36,branch1,7.0,14.0,all_1_6_24,0.18402725418062935,0.16608581716548387,0.15256311792550264,0.045846403025599294,0.13904041868552144,0.6239784113474682,,,,,,,,,,,,,,,,,,,,,,,,,,,,,,,,,,,,,,,,
development,21312,2023-07-29T09:40:00+00:00,36,branch1,14.0,3.0,all_1_6_24,0.17881771198630725,0.1787774347469125,0.16082717594896384,0.029361993025521824,0.1428769171510152,0.6293611224296161,,,,,,,,,,,,,,,,,,,,,,,,,,,,,,,,,,,,,,,,
development,21312,2023-07-29T09:40:00+00:00,36,branch1,14.0,7.0,all_1_6_24,0.162097643412654,0.1673519767499826,0.15801484525439635,0.009563463353446986,0.14867771375881011,0.6109672571170979,,,,,,,,,,,,,,,,,,,,,,,,,,,,,,,,,,,,,,,,
development,21312,2023-07-29T09:40:00+00:00,36,branch1,14.0,14.0,all_1_6_24,0.15565267537654656,0.1546408436648472,0.15184742728597217,0.005844821876854059,0.14905401090709713,0.5979362204672679,,,,,,,,,,,,,,,,,,,,,,,,,,,,,,,,,,,,,,,,
development,21312,2023-07-29T09:40:00+00:00,36,branch1,21.0,3.0,all_1_6_24,0.17747927553522266,0.17605417539129187,0.15949586416530465,0.02880262631723878,0.14293755293931742,0.6259981927849951,,,,,,,,,,,,,,,,,,,,,,,,,,,,,,,,,,,,,,,,
development,21312,2023-07-29T09:40:00+00:00,36,branch1,21.0,7.0,all_1_6_24,0.15975803343852935,0.16288746387613406,0.15630825982459817,0.007256663141043697,0.1497290557730623,0.5954670477391194,,,,,,,,,,,,,,,,,,,,,,,,,,,,,,,,,,,,,,,,
development,21312,2023-07-29T09:40:00+00:00,36,branch1,21.0,14.0,all_1_6_24,0.1509268919967068,0.15080793409858512,0.14938388149269466,0.0024725924412538542,0.14795982888680423,0.574528439598156,,,,,,,,,,,,,,,,,,,,,,,,,,,,,,,,,,,,,,,,
development,21312,2023-07-29T09:40:00+00:00,36,branch2,,,history_only,0.27017407072521266,0.24796558856038253,0.17258020876102356,0.15112167540704674,0.0971948289616646,0.6661803518364903,7.0,3.0,,,,,,,,,,,,,,,,,,,,,,,,,,,,,,,,,,,,,,
development,21312,2023-07-29T09:40:00+00:00,36,branch2,,,history_only,0.269138472505188,0.24811930799998838,0.1726570684808265,0.1497120203608328,0.0971948289616646,0.6660498332327548,7.0,7.0,,,,,,,,,,,,,,,,,,,,,,,,,,,,,,,,,,,,,,
development,21312,2023-07-29T09:40:00+00:00,36,branch2,,,history_only,0.26834844925021495,0.24863399270066316,0.17291441083116388,0.14845071493124928,0.0971948289616646,0.6659789518692827,7.0,14.0,,,,,,,,,,,,,,,,,,,,,,,,,,,,,,,,,,,,,,
development,21312,2023-07-29T09:40:00+00:00,36,branch2,,,history_only,0.25772678347070227,0.24837581976697645,0.17278532436432054,0.13505326707286605,0.0971948289616646,0.66414155881428,14.0,3.0,,,,,,,,,,,,,,,,,,,,,,,,,,,,,,,,,,,,,,
development,21312,2023-07-29T09:40:00+00:00,36,branch2,,,history_only,0.25484999777718587,0.25155734932085194,0.17437608914125827,0.13008996076136697,0.0971948289616646,0.6635460491982291,14.0,7.0,,,,,,,,,,,,,,,,,,,,,,,,,,,,,,,,,,,,,,
development,21312,2023-07-29T09:40:00+00:00,36,branch2,,,history_only,0.255157590595599,0.2524801277760914,0.174837478368878,0.1300829025181266,0.0971948289616646,0.6636245807255214,14.0,14.0,,,,,,,,,,,,,,,,,,,,,,,,,,,,,,,,,,,,,,
development,21312,2023-07-29T09:40:00+00:00,36,branch2,,,history_only,0.2557366581350398,0.24796558856038253,0.17258020876102356,0.13273517671156002,0.0971948289616646,0.6636387336930823,21.0,3.0,,,,,,,,,,,,,,,,,,,,,,,,,,,,,,,,,,,,,,
development,21312,2023-07-29T09:40:00+00:00,36,branch2,,,history_only,0.2536527441903627,0.24796558856038253,0.17258020876102356,0.13013127600060376,0.0971948289616646,0.6631795651523387,21.0,7.0,,,,,,,,,,,,,,,,,,,,,,,,,,,,,,,,,,,,,,
development,21312,2023-07-29T09:40:00+00:00,36,branch2,,,history_only,0.2536527441903627,0.24796558856038253,0.17258020876102356,0.13013127600060376,0.0971948289616646,0.6631795651523387,21.0,14.0,,,,,,,,,,,,,,,,,,,,,,,,,,,,,,,,,,,,,,
development,21312,2023-07-29T09:40:00+00:00,36,fusion,,,,0.27017407072521266,0.24796558856038253,0.17258020876102356,0.15112167540704674,0.0971948289616646,0.6661803518364903,,,0.0,,,,,,,,,,,,,,,,,,,,,,,,,,,,,,,,,,,,,
development,21312,2023-07-29T09:40:00+00:00,36,fusion,,,,0.291653883204774,0.2752637216261789,0.19123939426102474,0.15771133199333864,0.10721506689587058,0.6914444072972635,,,0.1,,,,,,,,,,,,,,,,,,,,,,,,,,,,,,,,,,,,,
development,21312,2023-07-29T09:40:00+00:00,36,fusion,,,,0.29474868494020684,0.27343013995875376,0.1900866259820399,0.1629081153658408,0.10674311200532607,0.687078102293076,,,0.2,,,,,,,,,,,,,,,,,,,,,,,,,,,,,,,,,,,,,
development,21312,2023-07-29T09:40:00+00:00,36,fusion,,,,0.2919158075202527,0.2774187806072827,0.19073140798306526,0.15964449818600795,0.10404403535884785,0.687281671986039,,,0.3,,,,,,,,,,,,,,,,,,,,,,,,,,,,,,,,,,,,,
development,21312,2023-07-29T09:40:00+00:00,36,fusion,,,,0.2834552102667221,0.27257213214291975,0.18459268959648162,0.15718731138486383,0.09661324705004351,0.6797594586775002,,,0.4,,,,,,,,,,,,,,,,,,,,,,,,,,,,,,,,,,,,,
development,21312,2023-07-29T09:40:00+00:00,36,fusion,,,,0.27301736063293297,0.25821445310497104,0.17757880219639727,0.15017248639876632,0.09694315128782352,0.672669107116506,,,0.5,,,,,,,,,,,,,,,,,,,,,,,,,,,,,,,,,,,,,
development,21312,2023-07-29T09:40:00+00:00,36,fusion,,,,0.26254688676483623,0.24413059658476574,0.1718879162957902,0.1411291409427484,0.09964523600681467,0.6620359702463197,,,0.6,,,,,,,,,,,,,,,,,,,,,,,,,,,,,,,,,,,,,
development,21312,2023-07-29T09:40:00+00:00,36,fusion,,,,0.25517307113892523,0.22568728255684983,0.1659586724759709,0.13526550101823526,0.10623006239509199,0.6522905768075459,,,0.7,,,,,,,,,,,,,,,,,,,,,,,,,,,,,,,,,,,,,
development,21312,2023-07-29T09:40:00+00:00,36,fusion,,,,0.2470688555901361,0.2052379781981804,0.16244197515482017,0.12467724880166141,0.11964597211145994,0.6476328361404265,,,0.8,,,,,,,,,,,,,,,,,,,,,,,,,,,,,,,,,,,,,
development,21312,2023-07-29T09:40:00+00:00,36,fusion,,,,0.22640579034814567,0.18843383769427696,0.16053501580402782,0.0959000211330872,0.13263619391377868,0.6418799757519899,,,0.9,,,,,,,,,,,,,,,,,,,,,,,,,,,,,,,,,,,,,
development,21312,2023-07-29T09:40:00+00:00,36,fusion,,,,0.18923361797960273,0.17821274475997254,0.1623194053454041,0.04021378505689517,0.14642606593083565,0.6281552989699035,,,1.0,,,,,,,,,,,,,,,,,,,,,,,,,,,,,,,,,,,,,
development,21600,2023-07-30T09:40:00+00:00,36,branch1,7.0,3.0,all_1_6_24,0.17405458494118908,0.1650714447258258,0.14436879347903014,0.04525732657335395,0.12366614223223452,0.6392969751471854,,,,,,,,,,,,,,,,,,,,,,,,,,,,,,,,,,,,,,,,
development,21600,2023-07-30T09:40:00+00:00,36,branch1,7.0,7.0,all_1_6_24,0.16426620728088784,0.1606961200596805,0.14045474502593103,0.03751151349843224,0.12021336999218157,0.6355661868921341,,,,,,,,,,,,,,,,,,,,,,,,,,,,,,,,,,,,,,,,
development,21600,2023-07-30T09:40:00+00:00,36,branch1,7.0,14.0,all_1_6_24,0.15812054020734642,0.15936513256875018,0.1388153414968668,0.032045446944939195,0.11826555042498346,0.6327503895685808,,,,,,,,,,,,,,,,,,,,,,,,,,,,,,,,,,,,,,,,
development,21600,2023-07-30T09:40:00+00:00,36,branch1,14.0,3.0,all_1_6_24,0.19688029544038818,0.1646072353346421,0.141716687178167,0.08022072975828337,0.11882613902169185,0.6339562613353188,,,,,,,,,,,,,,,,,,,,,,,,,,,,,,,,,,,,,,,,
development,21600,2023-07-30T09:40:00+00:00,36,branch1,14.0,7.0,all_1_6_24,0.19667028642059248,0.1613095031693234,0.13560966560753446,0.08886574102892705,0.1099098280457455,0.6215354634250004,,,,,,,,,,,,,,,,,,,,,,,,,,,,,,,,,,,,,,,,
development,21600,2023-07-30T09:40:00+00:00,36,branch1,14.0,14.0,all_1_6_24,0.19528631191249599,0.16461892715004803,0.13567865451842986,0.08754716001492178,0.10673838188681171,0.6162758993184684,,,,,,,,,,,,,,,,,,,,,,,,,,,,,,,,,,,,,,,,
development,21600,2023-07-30T09:40:00+00:00,36,branch1,21.0,3.0,all_1_6_24,0.19863805873869836,0.16862231965414795,0.14265970093304473,0.08195440683172865,0.11669708221194151,0.6290450119262434,,,,,,,,,,,,,,,,,,,,,,,,,,,,,,,,,,,,,,,,
development,21600,2023-07-30T09:40:00+00:00,36,branch1,21.0,7.0,all_1_6_24,0.20094762686593984,0.17115371725562994,0.13945606327738685,0.09073176013362906,0.10775840929914379,0.6056033882022697,,,,,,,,,,,,,,,,,,,,,,,,,,,,,,,,,,,,,,,,
development,21600,2023-07-30T09:40:00+00:00,36,branch1,21.0,14.0,all_1_6_24,0.1973428804265994,0.16240779458711813,0.13281868039428096,0.09439503111269038,0.10322956620144383,0.5919779911697542,,,,,,,,,,,,,,,,,,,,,,,,,,,,,,,,,,,,,,,,
development,21600,2023-07-30T09:40:00+00:00,36,branch2,,,history_only,0.1591572273946617,0.15449357614470463,0.13452567214421723,0.03846086957189762,0.11455776814372981,0.5436274275473477,7.0,3.0,,,,,,,,,,,,,,,,,,,,,,,,,,,,,,,,,,,,,,
development,21600,2023-07-30T09:40:00+00:00,36,branch2,,,history_only,0.15871385172751662,0.15480153268552502,0.1339336887469199,0.03896696329525633,0.11306584480831483,0.5436245804518915,7.0,7.0,,,,,,,,,,,,,,,,,,,,,,,,,,,,,,,,,,,,,,
development,21600,2023-07-30T09:40:00+00:00,36,branch2,,,history_only,0.1583857769022127,0.15466671965383658,0.1334781567577516,0.039243885480276984,0.11228959386166662,0.5435895067597459,7.0,14.0,,,,,,,,,,,,,,,,,,,,,,,,,,,,,,,,,,,,,,
development,21600,2023-07-30T09:40:00+00:00,36,branch2,,,history_only,0.15891325841953555,0.1539863418512792,0.1342720549975045,0.03838593339936435,0.11455776814372981,0.5435296109567682,14.0,3.0,,,,,,,,,,,,,,,,,,,,,,,,,,,,,,,,,,,,,,
development,21600,2023-07-30T09:40:00+00:00,36,branch2,,,history_only,0.15824036663983335,0.15400595016182594,0.13428185915277788,0.037515063722502094,0.11455776814372981,0.5433704550623878,14.0,7.0,,,,,,,,,,,,,,,,,,,,,,,,,,,,,,,,,,,,,,
development,21600,2023-07-30T09:40:00+00:00,36,branch2,,,history_only,0.157929453859018,0.15399386864713258,0.13427581839543118,0.03712398072819756,0.11455776814372981,0.5432822273801459,14.0,14.0,,,,,,,,,,,,,,,,,,,,,,,,,,,,,,,,,,,,,,
development,21600,2023-07-30T09:40:00+00:00,36,branch2,,,history_only,0.15839115733436757,0.15434760636169986,0.13445268725271484,0.03754960147062021,0.11455776814372981,0.5434348251380702,21.0,3.0,,,,,,,,,,,,,,,,,,,,,,,,,,,,,,,,,,,,,,
development,21600,2023-07-30T09:40:00+00:00,36,branch2,,,history_only,0.15699614953999608,0.15351221817143246,0.13403499315758113,0.03615712379318299,0.11455776814372981,0.5429411233938709,21.0,7.0,,,,,,,,,,,,,,,,,,,,,,,,,,,,,,,,,,,,,,
development,21600,2023-07-30T09:40:00+00:00,36,branch2,,,history_only,0.1569510258337269,0.1533768470526249,0.13396730759817735,0.03616152774821286,0.11455776814372981,0.5429210283130291,21.0,14.0,,,,,,,,,,,,,,,,,,,,,,,,,,,,,,,,,,,,,,
development,21600,2023-07-30T09:40:00+00:00,36,fusion,,,,0.1583857769022127,0.15466671965383658,0.1334781567577516,0.039243885480276984,0.11228959386166662,0.5435895067597459,,,0.0,,,,,,,,,,,,,,,,,,,,,,,,,,,,,,,,,,,,,
development,21600,2023-07-30T09:40:00+00:00,36,fusion,,,,0.1633259347678352,0.1583192290403948,0.13695893395284692,0.04116566856139474,0.115598638865299,0.5740350661211898,,,0.1,,,,,,,,,,,,,,,,,,,,,,,,,,,,,,,,,,,,,
development,21600,2023-07-30T09:40:00+00:00,36,fusion,,,,0.16441303366232335,0.1614606338402731,0.1422077760214914,0.03511782961096732,0.12295491820270972,0.5816567454901483,,,0.2,,,,,,,,,,,,,,,,,,,,,,,,,,,,,,,,,,,,,
development,21600,2023-07-30T09:40:00+00:00,36,fusion,,,,0.16322523414363424,0.16126192424429445,0.143032603950563,0.032202847293511666,0.12480328365683152,0.5889811076959303,,,0.3,,,,,,,,,,,,,,,,,,,,,,,,,,,,,,,,,,,,,
development,21600,2023-07-30T09:40:00+00:00,36,fusion,,,,0.15633370021272816,0.15470896806250334,0.14360496328338496,0.020155415377907042,0.1325009585042666,0.5860220728340072,,,0.4,,,,,,,,,,,,,,,,,,,,,,,,,,,,,,,,,,,,,
development,21600,2023-07-30T09:40:00+00:00,36,fusion,,,,0.15506473831011303,0.14690194191342582,0.14579866843198286,0.013135127593188899,0.14469539495053993,0.5996017615408441,,,0.5,,,,,,,,,,,,,,,,,,,,,,,,,,,,,,,,,,,,,
development,21600,2023-07-30T09:40:00+00:00,36,fusion,,,,0.15645694132046506,0.16614471617410254,0.15076768295566584,0.014912100965887146,0.13539064973722917,0.6069943205809589,,,0.6,,,,,,,,,,,,,,,,,,,,,,,,,,,,,,,,,,,,,
development,21600,2023-07-30T09:40:00+00:00,36,fusion,,,,0.16465932968031174,0.1595020671214413,0.14146474426363687,0.03595656077204785,0.1234274214058324,0.605860907295947,,,0.7,,,,,,,,,,,,,,,,,,,,,,,,,,,,,,,,,,,,,
development,21600,2023-07-30T09:40:00+00:00,36,fusion,,,,0.18311852118457286,0.15779184888045883,0.13607981107537448,0.06884443009114108,0.1143677732702901,0.6029180682493642,,,0.8,,,,,,,,,,,,,,,,,,,,,,,,,,,,,,,,,,,,,
development,21600,2023-07-30T09:40:00+00:00,36,fusion,,,,0.19768800720295018,0.16033053358163152,0.13391881917252665,0.09272578456289511,0.10750710476342179,0.5999046955769257,,,0.9,,,,,,,,,,,,,,,,,,,,,,,,,,,,,,,,,,,,,
development,21600,2023-07-30T09:40:00+00:00,36,fusion,,,,0.19830485590509841,0.16333126954545074,0.13320802136295806,0.09528974650431332,0.10308477318046541,0.5925502210628607,,,1.0,,,,,,,,,,,,,,,,,,,,,,,,,,,,,,,,,,,,,
development,21888,2023-07-31T09:40:00+00:00,36,branch1,7.0,3.0,all_1_6_24,0.21090350104616604,0.18813486837088056,0.12867994743266403,0.1260080048522497,0.06922502649444752,0.5655108439320236,,,,,,,,,,,,,,,,,,,,,,,,,,,,,,,,,,,,,,,,
development,21888,2023-07-31T09:40:00+00:00,36,branch1,7.0,7.0,all_1_6_24,0.1911188145391555,0.17934554820682092,0.12477283937124675,0.10387025821538022,0.0702001305356726,0.5628312105847324,,,,,,,,,,,,,,,,,,,,,,,,,,,,,,,,,,,,,,,,
development,21888,2023-07-31T09:40:00+00:00,36,branch1,7.0,14.0,all_1_6_24,0.1692346127997355,0.17592504863393896,0.12333898492904914,0.07782253345018739,0.07075292122415933,0.5606275295137928,,,,,,,,,,,,,,,,,,,,,,,,,,,,,,,,,,,,,,,,
development,21888,2023-07-31T09:40:00+00:00,36,branch1,14.0,3.0,all_1_6_24,0.218138750907617,0.18533572020527944,0.12792609175653136,0.13591869396064982,0.07051646330778327,0.5627027365871583,,,,,,,,,,,,,,,,,,,,,,,,,,,,,,,,,,,,,,,,
development,21888,2023-07-31T09:40:00+00:00,36,branch1,14.0,7.0,all_1_6_24,0.215732798859711,0.17369271784577212,0.12483292001027094,0.1345997616864029,0.07597312217476977,0.5673399943478582,,,,,,,,,,,,,,,,,,,,,,,,,,,,,,,,,,,,,,,,
development,21888,2023-07-31T09:40:00+00:00,36,branch1,14.0,14.0,all_1_6_24,0.21288945689462044,0.17114709644693854,0.12465718544959965,0.130425235282093,0.07816727445226077,0.5684040225308131,,,,,,,,,,,,,,,,,,,,,,,,,,,,,,,,,,,,,,,,
development,21888,2023-07-31T09:40:00+00:00,36,branch1,21.0,3.0,all_1_6_24,0.21686230127406395,0.18396680420851594,0.12734636526010776,0.13477186281039158,0.07072592631169958,0.5586782935205359,,,,,,,,,,,,,,,,,,,,,,,,,,,,,,,,,,,,,,,,
development,21888,2023-07-31T09:40:00+00:00,36,branch1,21.0,7.0,all_1_6_24,0.21842526104421914,0.180726774857758,0.1290301855721111,0.13328409732537622,0.07733359628646419,0.5512431618756325,,,,,,,,,,,,,,,,,,,,,,,,,,,,,,,,,,,,,,,,
development,21888,2023-07-31T09:40:00+00:00,36,branch1,21.0,14.0,all_1_6_24,0.21595499915229474,0.16890691925762974,0.12505539253909545,0.13344454988958143,0.08120386582056116,0.5485156947052259,,,,,,,,,,,,,,,,,,,,,,,,,,,,,,,,,,,,,,,,
development,21888,2023-07-31T09:40:00+00:00,36,branch2,,,history_only,0.14267722700286345,0.1018452136126647,0.08850872922487768,0.07737588026595296,0.07517224483709067,0.5052565032107784,7.0,3.0,,,,,,,,,,,,,,,,,,,,,,,,,,,,,,,,,,,,,,
development,21888,2023-07-31T09:40:00+00:00,36,branch2,,,history_only,0.1440652816500383,0.10225884461390092,0.09059081119563997,0.07622204394611233,0.07892277777737901,0.5122524273929072,7.0,7.0,,,,,,,,,,,,,,,,,,,,,,,,,,,,,,,,,,,,,,
development,21888,2023-07-31T09:40:00+00:00,36,branch2,,,history_only,0.14472098029497457,0.10184195505858712,0.09157435916304438,0.07562677452991083,0.08130676326750165,0.5153987064101182,7.0,14.0,,,,,,,,,,,,,,,,,,,,,,,,,,,,,,,,,,,,,,
development,21888,2023-07-31T09:40:00+00:00,36,branch2,,,history_only,0.14273563350192756,0.10168968876002499,0.08859633897347385,0.07730728919814721,0.07550298918692272,0.5061212557946302,14.0,3.0,,,,,,,,,,,,,,,,,,,,,,,,,,,,,,,,,,,,,,
development,21888,2023-07-31T09:40:00+00:00,36,branch2,,,history_only,0.14559080629851093,0.10168968876002499,0.09264066112730135,0.07524643301426011,0.08359163349457771,0.5177368502693054,14.0,7.0,,,,,,,,,,,,,,,,,,,,,,,,,,,,,,,,,,,,,,
development,21888,2023-07-31T09:40:00+00:00,36,branch2,,,history_only,0.14754910616979705,0.10168968876002499,0.09548491837835534,0.07380396613839832,0.08928014799668568,0.5209380125186476,14.0,14.0,,,,,,,,,,,,,,,,,,,,,,,,,,,,,,,,,,,,,,
development,21888,2023-07-31T09:40:00+00:00,36,branch2,,,history_only,0.14271237382515098,0.10168968876002499,0.08856144945830897,0.07732752203673864,0.07543321015659296,0.5059474892111875,21.0,3.0,,,,,,,,,,,,,,,,,,,,,,,,,,,,,,,,,,,,,,
development,21888,2023-07-31T09:40:00+00:00,36,branch2,,,history_only,0.14555931689160376,0.10168968876002499,0.09283186405798813,0.07491779452802692,0.08397403935595128,0.5179716545831087,21.0,7.0,,,,,,,,,,,,,,,,,,,,,,,,,,,,,,,,,,,,,,
development,21888,2023-07-31T09:40:00+00:00,36,branch2,,,history_only,0.14832942536507512,0.10168968876002499,0.09698702676819518,0.07271057103728498,0.09228436477636537,0.5220690426414895,21.0,14.0,,,,,,,,,,,,,,,,,,,,,,,,,,,,,,,,,,,,,,
development,21888,2023-07-31T09:40:00+00:00,36,fusion,,,,0.14832942536507512,0.10168968876002499,0.09698702676819518,0.07271057103728498,0.09228436477636537,0.5220690426414895,,,0.0,,,,,,,,,,,,,,,,,,,,,,,,,,,,,,,,,,,,,
development,21888,2023-07-31T09:40:00+00:00,36,fusion,,,,0.14711510080804466,0.12015566114052662,0.10018177873539227,0.06834796334766235,0.08020789633025793,0.5454078214450987,,,0.1,,,,,,,,,,,,,,,,,,,,,,,,,,,,,,,,,,,,,
development,21888,2023-07-31T09:40:00+00:00,36,fusion,,,,0.14504012473091243,0.1396840524930211,0.10723580732530397,0.059667902359511256,0.07478756215758683,0.5365567647199857,,,0.2,,,,,,,,,,,,,,,,,,,,,,,,,,,,,,,,,,,,,
development,21888,2023-07-31T09:40:00+00:00,36,fusion,,,,0.1489085808846242,0.1579968060480251,0.11464937821334159,0.06000043557008087,0.0713019503786581,0.5372622853650436,,,0.3,,,,,,,,,,,,,,,,,,,,,,,,,,,,,,,,,,,,,
development,21888,2023-07-31T09:40:00+00:00,36,fusion,,,,0.15602752225210717,0.18207010358578085,0.12602170904364765,0.06240976958593112,0.06997331450151444,0.5408948186660123,,,0.4,,,,,,,,,,,,,,,,,,,,,,,,,,,,,,,,,,,,,
development,21888,2023-07-31T09:40:00+00:00,36,fusion,,,,0.16499905182845406,0.21291206328728937,0.14096066339854135,0.06787506317184348,0.06900926350979332,0.5443218906761481,,,0.5,,,,,,,,,,,,,,,,,,,,,,,,,,,,,,,,,,,,,
development,21888,2023-07-31T09:40:00+00:00,36,fusion,,,,0.1758246468968894,0.20852292454933033,0.1387413379369623,0.07743808382784123,0.06895975132459428,0.5455027106927838,,,0.6,,,,,,,,,,,,,,,,,,,,,,,,,,,,,,,,,,,,,
development,21888,2023-07-31T09:40:00+00:00,36,fusion,,,,0.19382943942076256,0.2051977811543711,0.1375584824611746,0.09686532409880863,0.06991918376797812,0.5469143626326365,,,0.7,,,,,,,,,,,,,,,,,,,,,,,,,,,,,,,,,,,,,
development,21888,2023-07-31T09:40:00+00:00,36,fusion,,,,0.2147986296137838,0.20075576298547748,0.13623950561084605,0.1229551553967449,0.07172324823621462,0.5490754252146709,,,0.8,,,,,,,,,,,,,,,,,,,,,,,,,,,,,,,,,,,,,
development,21888,2023-07-31T09:40:00+00:00,36,fusion,,,,0.22277243014144918,0.19206845965414973,0.13301981049235176,0.13577761516406092,0.07397116133055379,0.5505073542282194,,,0.9,,,,,,,,,,,,,,,,,,,,,,,,,,,,,,,,,,,,,
development,21888,2023-07-31T09:40:00+00:00,36,fusion,,,,0.219937856711052,0.18100951155320277,0.12888497881645233,0.1356191889856574,0.07676044607970192,0.5508705790899585,,,1.0,,,,,,,,,,,,,,,,,,,,,,,,,,,,,,,,,,,,,
development,22176,2023-08-01T09:40:00+00:00,36,branch1,7.0,3.0,all_1_6_24,0.13308823391658697,0.14619098685728205,0.11172921003845525,0.04128145479179427,0.07726743321962845,0.5283864568169173,,,,,,,,,,,,,,,,,,,,,,,,,,,,,,,,,,,,,,,,
development,22176,2023-08-01T09:40:00+00:00,36,branch1,7.0,7.0,all_1_6_24,0.12923474297001025,0.14149909266404898,0.1099224667736331,0.037558623850178094,0.07834584088321722,0.5257279707045345,,,,,,,,,,,,,,,,,,,,,,,,,,,,,,,,,,,,,,,,
development,22176,2023-08-01T09:40:00+00:00,36,branch1,7.0,14.0,all_1_6_24,0.12746135349181553,0.1397278647253858,0.10921274111934776,0.03587207204547413,0.07869761751330974,0.5242757977161864,,,,,,,,,,,,,,,,,,,,,,,,,,,,,,,,,,,,,,,,
development,22176,2023-08-01T09:40:00+00:00,36,branch1,14.0,3.0,all_1_6_24,0.13239269561281763,0.14297371429283665,0.11035304292395494,0.040998756668088186,0.07773237155507323,0.5326102811719146,,,,,,,,,,,,,,,,,,,,,,,,,,,,,,,,,,,,,,,,
development,22176,2023-08-01T09:40:00+00:00,36,branch1,14.0,7.0,all_1_6_24,0.13038495279711973,0.14776643045029386,0.11278788162663858,0.03788112651568299,0.0778093328029833,0.5217283410575853,,,,,,,,,,,,,,,,,,,,,,,,,,,,,,,,,,,,,,,,
development,22176,2023-08-01T09:40:00+00:00,36,branch1,14.0,14.0,all_1_6_24,0.13136542235070456,0.1538196428466196,0.11619709916270157,0.037467229043129095,0.07857455547878356,0.5190599137876549,,,,,,,,,,,,,,,,,,,,,,,,,,,,,,,,,,,,,,,,
development,22176,2023-08-01T09:40:00+00:00,36,branch1,21.0,3.0,all_1_6_24,0.13196128929719123,0.1434905890547681,0.11024101734469727,0.04099467168607835,0.07699144563462643,0.5289166638681339,,,,,,,,,,,,,,,,,,,,,,,,,,,,,,,,,,,,,,,,
development,22176,2023-08-01T09:40:00+00:00,36,branch1,21.0,7.0,all_1_6_24,0.13281338435366138,0.15137653427858644,0.11513848454148842,0.03873329746578469,0.0789004348043904,0.5056549694157716,,,,,,,,,,,,,,,,,,,,,,,,,,,,,,,,,,,,,,,,
development,22176,2023-08-01T09:40:00+00:00,36,branch1,21.0,14.0,all_1_6_24,0.12931978376743933,0.15088064840750182,0.11612717731657096,0.03396015653449051,0.08137370622564011,0.4979804031801529,,,,,,,,,,,,,,,,,,,,,,,,,,,,,,,,,,,,,,,,
development,22176,2023-08-01T09:40:00+00:00,36,branch2,,,history_only,0.1509696734832267,0.10913975552990657,0.10291081530539095,0.06815551454525441,0.09668187508087535,0.5389571259781104,7.0,3.0,,,,,,,,,,,,,,,,,,,,,,,,,,,,,,,,,,,,,,
development,22176,2023-08-01T09:40:00+00:00,36,branch2,,,history_only,0.1508532408484273,0.10863859234487887,0.10266023371287711,0.06832978160965347,0.09668187508087535,0.5385815340402286,7.0,7.0,,,,,,,,,,,,,,,,,,,,,,,,,,,,,,,,,,,,,,
development,22176,2023-08-01T09:40:00+00:00,36,branch2,,,history_only,0.1510416307081177,0.10848888369675522,0.10258537938881529,0.06869680360769857,0.09668187508087535,0.5385312794911576,7.0,14.0,,,,,,,,,,,,,,,,,,,,,,,,,,,,,,,,,,,,,,
development,22176,2023-08-01T09:40:00+00:00,36,branch2,,,history_only,0.15147735868352843,0.1104790555667169,0.10358046532379613,0.06797022744251306,0.09668187508087535,0.5397851582940407,14.0,3.0,,,,,,,,,,,,,,,,,,,,,,,,,,,,,,,,,,,,,,
development,22176,2023-08-01T09:40:00+00:00,36,branch2,,,history_only,0.15314788404653615,0.1124104080714012,0.10454614157613827,0.06903252760346698,0.09668187508087535,0.5405711064780815,14.0,7.0,,,,,,,,,,,,,,,,,,,,,,,,,,,,,,,,,,,,,,
development,22176,2023-08-01T09:40:00+00:00,36,branch2,,,history_only,0.15409083623631398,0.11414337787503627,0.10541262647795581,0.06920949036942729,0.09668187508087535,0.5409040377948857,14.0,14.0,,,,,,,,,,,,,,,,,,,,,,,,,,,,,,,,,,,,,,
development,22176,2023-08-01T09:40:00+00:00,36,branch2,,,history_only,0.15148287455785991,0.1106793587538062,0.10368061691734078,0.0678436923812632,0.09668187508087535,0.5398301160550064,21.0,3.0,,,,,,,,,,,,,,,,,,,,,,,,,,,,,,,,,,,,,,
development,22176,2023-08-01T09:40:00+00:00,36,branch2,,,history_only,0.1526256853560892,0.11410779114849405,0.1053948331146847,0.06717229512255321,0.09668187508087535,0.5404661894667552,21.0,7.0,,,,,,,,,,,,,,,,,,,,,,,,,,,,,,,,,,,,,,
development,22176,2023-08-01T09:40:00+00:00,36,branch2,,,history_only,0.15338725412789445,0.1163924974639098,0.10653718627239257,0.0667428584587996,0.09668187508087535,0.5404355570514626,21.0,14.0,,,,,,,,,,,,,,,,,,,,,,,,,,,,,,,,,,,,,,
development,22176,2023-08-01T09:40:00+00:00,36,fusion,,,,0.15409083623631398,0.11414337787503627,0.10541262647795581,0.06920949036942729,0.09668187508087535,0.5409040377948857,,,0.0,,,,,,,,,,,,,,,,,,,,,,,,,,,,,,,,,,,,,
development,22176,2023-08-01T09:40:00+00:00,36,fusion,,,,0.15234914790395515,0.1061169641536426,0.0904073915722633,0.08853298520157588,0.074697818990884,0.5569618397552072,,,0.1,,,,,,,,,,,,,,,,,,,,,,,,,,,,,,,,,,,,,
development,22176,2023-08-01T09:40:00+00:00,36,fusion,,,,0.15206600155261127,0.10742879004414935,0.08983946130575252,0.08916580592263378,0.07225013256735568,0.5589655546712765,,,0.2,,,,,,,,,,,,,,,,,,,,,,,,,,,,,,,,,,,,,
development,22176,2023-08-01T09:40:00+00:00,36,fusion,,,,0.1471137371832325,0.09648487306506173,0.08333807455316555,0.09082893717615453,0.07019127604126939,0.5371073534910437,,,0.3,,,,,,,,,,,,,,,,,,,,,,,,,,,,,,,,,,,,,
development,22176,2023-08-01T09:40:00+00:00,36,fusion,,,,0.1466043136987791,0.09694871147945619,0.08273163331546057,0.09107243713868593,0.06851455515146496,0.5341691317234818,,,0.4,,,,,,,,,,,,,,,,,,,,,,,,,,,,,,,,,,,,,
development,22176,2023-08-01T09:40:00+00:00,36,fusion,,,,0.14368434931228788,0.0995048518987118,0.08346390536077102,0.0861657997699258,0.06742295882283023,0.5313115538076215,,,0.5,,,,,,,,,,,,,,,,,,,,,,,,,,,,,,,,,,,,,
development,22176,2023-08-01T09:40:00+00:00,36,fusion,,,,0.14175582795631103,0.10431560382375943,0.0863311470851866,0.07974595677600028,0.06834669034661378,0.5291836880836662,,,0.6,,,,,,,,,,,,,,,,,,,,,,,,,,,,,,,,,,,,,
development,22176,2023-08-01T09:40:00+00:00,36,fusion,,,,0.1404426715040241,0.11571835550813427,0.09309673776043784,0.06945814046689837,0.0704751200127414,0.5304988629573528,,,0.7,,,,,,,,,,,,,,,,,,,,,,,,,,,,,,,,,,,,,
development,22176,2023-08-01T09:40:00+00:00,36,fusion,,,,0.13598321564781848,0.12551181655584745,0.09898430354018202,0.05663018887626471,0.07245679052451659,0.5319858052750943,,,0.8,,,,,,,,,,,,,,,,,,,,,,,,,,,,,,,,,,,,,
development,22176,2023-08-01T09:40:00+00:00,36,fusion,,,,0.13408578003560437,0.13830278435019938,0.106445363199931,0.046952977973676986,0.07458794204966261,0.5311222040641188,,,0.9,,,,,,,,,,,,,,,,,,,,,,,,,,,,,,,,,,,,,
development,22176,2023-08-01T09:40:00+00:00,36,fusion,,,,0.13314966229956726,0.14616672150945975,0.11177793117312645,0.04125402263067954,0.07738914083679314,0.5285739298659481,,,1.0,,,,,,,,,,,,,,,,,,,,,,,,,,,,,,,,,,,,,
development,22464,2023-08-02T09:40:00+00:00,36,branch1,7.0,3.0,all_1_6_24,0.11826473784271425,0.12421890113761386,0.09569121812514762,0.03951809775598907,0.06716353511268139,0.5118132140466348,,,,,,,,,,,,,,,,,,,,,,,,,,,,,,,,,,,,,,,,
development,22464,2023-08-02T09:40:00+00:00,36,branch1,7.0,7.0,all_1_6_24,0.11655532862295022,0.12062112679632567,0.09488263486946515,0.03716258808951209,0.06914414294260463,0.5148606959266707,,,,,,,,,,,,,,,,,,,,,,,,,,,,,,,,,,,,,,,,
development,22464,2023-08-02T09:40:00+00:00,36,branch1,7.0,14.0,all_1_6_24,0.11578534221449488,0.11863926321298762,0.09425616173217068,0.03637812964355815,0.06987306025135373,0.5153070727800428,,,,,,,,,,,,,,,,,,,,,,,,,,,,,,,,,,,,,,,,
development,22464,2023-08-02T09:40:00+00:00,36,branch1,14.0,3.0,all_1_6_24,0.11643816692506272,0.11896930979064965,0.09320531312417077,0.039013502033964205,0.06744131645769189,0.5048038900074966,,,,,,,,,,,,,,,,,,,,,,,,,,,,,,,,,,,,,,,,
development,22464,2023-08-02T09:40:00+00:00,36,branch1,14.0,7.0,all_1_6_24,0.11373938403837107,0.11005043968891688,0.08964977102834422,0.03792198699714133,0.06924910236777156,0.49603953535477235,,,,,,,,,,,,,,,,,,,,,,,,,,,,,,,,,,,,,,,,
development,22464,2023-08-02T09:40:00+00:00,36,branch1,14.0,14.0,all_1_6_24,0.11382646578890672,0.10696539937995073,0.08863762134151579,0.038637987366586184,0.07030984330308085,0.4953441660946167,,,,,,,,,,,,,,,,,,,,,,,,,,,,,,,,,,,,,,,,
development,22464,2023-08-02T09:40:00+00:00,36,branch1,21.0,3.0,all_1_6_24,0.11744574744324159,0.11694119752376532,0.0918352479195155,0.0416173182148606,0.06672929831526567,0.49899925540108225,,,,,,,,,,,,,,,,,,,,,,,,,,,,,,,,,,,,,,,,
development,22464,2023-08-02T09:40:00+00:00,36,branch1,21.0,7.0,all_1_6_24,0.11559343430166867,0.10777383495550852,0.087961315391131,0.04229371835113044,0.06814879582675348,0.48337604754481706,,,,,,,,,,,,,,,,,,,,,,,,,,,,,,,,,,,,,,,,
development,22464,2023-08-02T09:40:00+00:00,36,branch1,21.0,14.0,all_1_6_24,0.11181260924212598,0.10358158265167867,0.0862689901950825,0.03879136742137043,0.0689563977384863,0.47550523669386585,,,,,,,,,,,,,,,,,,,,,,,,,,,,,,,,,,,,,,,,
development,22464,2023-08-02T09:40:00+00:00,36,branch2,,,history_only,0.153990975943777,0.15509595578164243,0.12648744075677318,0.045370919285936465,0.09787892573190393,0.5428167775835758,7.0,3.0,,,,,,,,,,,,,,,,,,,,,,,,,,,,,,,,,,,,,,
development,22464,2023-08-02T09:40:00+00:00,36,branch2,,,history_only,0.15957117877298396,0.15524364188126458,0.13492129158065963,0.03860784667675251,0.11459894128005468,0.5430814749922063,7.0,7.0,,,,,,,,,,,,,,,,,,,,,,,,,,,,,,,,,,,,,,
development,22464,2023-08-02T09:40:00+00:00,36,branch2,,,history_only,0.1590073708241988,0.1551058238302409,0.13411303891985613,0.03915678145765985,0.11312025400947134,0.5430753521324755,7.0,14.0,,,,,,,,,,,,,,,,,,,,,,,,,,,,,,,,,,,,,,
development,22464,2023-08-02T09:40:00+00:00,36,branch2,,,history_only,0.15211560128226045,0.15455692371774998,0.12387903257838093,0.04713840925944014,0.09320114143901187,0.5426575702984415,14.0,3.0,,,,,,,,,,,,,,,,,,,,,,,,,,,,,,,,,,,,,,
development,22464,2023-08-02T09:40:00+00:00,36,branch2,,,history_only,0.15135436212867545,0.1545652987677439,0.12379383976239453,0.04637262028844689,0.09302238075704512,0.5424890016005218,14.0,7.0,,,,,,,,,,,,,,,,,,,,,,,,,,,,,,,,,,,,,,
development,22464,2023-08-02T09:40:00+00:00,36,branch2,,,history_only,0.15053485569365557,0.15455823505984093,0.12290394985930309,0.04685007750429414,0.09124966465876523,0.5424331743949037,14.0,14.0,,,,,,,,,,,,,,,,,,,,,,,,,,,,,,,,,,,,,,
development,22464,2023-08-02T09:40:00+00:00,36,branch2,,,history_only,0.1514254122433736,0.15501061955314988,0.12371033055858943,0.046790920412161006,0.09241004156402899,0.542588905505513,21.0,3.0,,,,,,,,,,,,,,,,,,,,,,,,,,,,,,,,,,,,,,
development,22464,2023-08-02T09:40:00+00:00,36,branch2,,,history_only,0.1498390704215401,0.15395908866044267,0.12299927282200698,0.04560434483907254,0.09203945698357129,0.5420742624124912,21.0,7.0,,,,,,,,,,,,,,,,,,,,,,,,,,,,,,,,,,,,,,
development,22464,2023-08-02T09:40:00+00:00,36,branch2,,,history_only,0.14941228734185089,0.1538032050452211,0.12235909820247318,0.04607498947709034,0.09091499135972525,0.5421458166043308,21.0,14.0,,,,,,,,,,,,,,,,,,,,,,,,,,,,,,,,,,,,,,
development,22464,2023-08-02T09:40:00+00:00,36,fusion,,,,0.15957117877298396,0.15524364188126458,0.13492129158065963,0.03860784667675251,0.11459894128005468,0.5430814749922063,,,0.0,,,,,,,,,,,,,,,,,,,,,,,,,,,,,,,,,,,,,
development,22464,2023-08-02T09:40:00+00:00,36,fusion,,,,0.15557909658111635,0.16938503050045328,0.12265369584723018,0.06020002037060843,0.07592236119400708,0.5442293992133015,,,0.1,,,,,,,,,,,,,,,,,,,,,,,,,,,,,,,,,,,,,
development,22464,2023-08-02T09:40:00+00:00,36,fusion,,,,0.1564560806037666,0.1762982585390393,0.12504586116296695,0.06102793837116675,0.07379346378689461,0.5463833358054145,,,0.2,,,,,,,,,,,,,,,,,,,,,,,,,,,,,,,,,,,,,
development,22464,2023-08-02T09:40:00+00:00,36,fusion,,,,0.15466998138283103,0.1803077095428291,0.12575836917920877,0.06046086610220981,0.07120902881558842,0.5461480007951789,,,0.3,,,,,,,,,,,,,,,,,,,,,,,,,,,,,,,,,,,,,
development,22464,2023-08-02T09:40:00+00:00,36,fusion,,,,0.14935539743750917,0.17864523995596043,0.12379615472770558,0.05755140782565507,0.06894706949945072,0.5351719773404516,,,0.4,,,,,,,,,,,,,,,,,,,,,,,,,,,,,,,,,,,,,
development,22464,2023-08-02T09:40:00+00:00,36,fusion,,,,0.14605809585919097,0.17307753870495005,0.12003455758899245,0.056834446585202154,0.06699157647303486,0.5319375384431181,,,0.5,,,,,,,,,,,,,,,,,,,,,,,,,,,,,,,,,,,,,
development,22464,2023-08-02T09:40:00+00:00,36,fusion,,,,0.1414430758675049,0.16439299906899593,0.11505570777192307,0.05491234164598099,0.06571841647485022,0.5270119128570258,,,0.6,,,,,,,,,,,,,,,,,,,,,,,,,,,,,,,,,,,,,
development,22464,2023-08-02T09:40:00+00:00,36,fusion,,,,0.13624618103408062,0.15492481330762992,0.11015888094751837,0.051933485520674325,0.06539294858740682,0.5222315491950983,,,0.7,,,,,,,,,,,,,,,,,,,,,,,,,,,,,,,,,,,,,
development,22464,2023-08-02T09:40:00+00:00,36,fusion,,,,0.12966966187917048,0.14100263833141236,0.1032426514082114,0.0484491297461358,0.06548266448501044,0.5185652192528799,,,0.8,,,,,,,,,,,,,,,,,,,,,,,,,,,,,,,,,,,,,
development,22464,2023-08-02T09:40:00+00:00,36,fusion,,,,0.12278816645788564,0.12936889085224174,0.09773891020009864,0.04383949051756714,0.06610892954795557,0.5149612335581311,,,0.9,,,,,,,,,,,,,,,,,,,,,,,,,,,,,,,,,,,,,
development,22464,2023-08-02T09:40:00+00:00,36,fusion,,,,0.1182833610499701,0.12426360916819201,0.09570713240743832,0.039535053342125655,0.06715065564668463,0.5116458912231273,,,1.0,,,,,,,,,,,,,,,,,,,,,,,,,,,,,,,,,,,,,
development,22752,2023-08-03T09:40:00+00:00,36,branch1,7.0,3.0,all_1_6_24,0.12288302644073201,0.11044281108590077,0.08992387075502689,0.04953076311980672,0.06940493042415301,0.4985144613600439,,,,,,,,,,,,,,,,,,,,,,,,,,,,,,,,,,,,,,,,
development,22752,2023-08-03T09:40:00+00:00,36,branch1,7.0,7.0,all_1_6_24,0.11963354287975242,0.10815116282256279,0.08935039211122961,0.04549488352732554,0.07054962139989641,0.4942319803199287,,,,,,,,,,,,,,,,,,,,,,,,,,,,,,,,,,,,,,,,
development,22752,2023-08-03T09:40:00+00:00,36,branch1,7.0,14.0,all_1_6_24,0.1184739103660486,0.10717924761494357,0.0891426565877044,0.04401731447595578,0.07110606556046521,0.49281805662088923,,,,,,,,,,,,,,,,,,,,,,,,,,,,,,,,,,,,,,,,
development,22752,2023-08-03T09:40:00+00:00,36,branch1,14.0,3.0,all_1_6_24,0.123583120058463,0.11384418520773079,0.09235844959450008,0.047515449919585,0.07087271398126938,0.49641874823609244,,,,,,,,,,,,,,,,,,,,,,,,,,,,,,,,,,,,,,,,
development,22752,2023-08-03T09:40:00+00:00,36,branch1,14.0,7.0,all_1_6_24,0.12119731944493506,0.11323368314754176,0.09485805143570249,0.040157481317065535,0.07648241972386322,0.5008744746116467,,,,,,,,,,,,,,,,,,,,,,,,,,,,,,,,,,,,,,,,
development,22752,2023-08-03T09:40:00+00:00,36,branch1,14.0,14.0,all_1_6_24,0.12072585349972564,0.11230787093451948,0.09547623913919051,0.038261668415972616,0.07864460734386156,0.5040806377532517,,,,,,,,,,,,,,,,,,,,,,,,,,,,,,,,,,,,,,,,
development,22752,2023-08-03T09:40:00+00:00,36,branch1,21.0,3.0,all_1_6_24,0.12302596118173685,0.11398071589851212,0.09242934099229508,0.04671132097896033,0.07087796608607802,0.4934798112399211,,,,,,,,,,,,,,,,,,,,,,,,,,,,,,,,,,,,,,,,
development,22752,2023-08-03T09:40:00+00:00,36,branch1,21.0,7.0,all_1_6_24,0.12270436580017041,0.11129496858424126,0.0944993305856355,0.04217950126257754,0.07770369258702976,0.4895217974011857,,,,,,,,,,,,,,,,,,,,,,,,,,,,,,,,,,,,,,,,
development,22752,2023-08-03T09:40:00+00:00,36,branch1,21.0,14.0,all_1_6_24,0.11925966975833313,0.10790027406422834,0.0950252589361465,0.03584862636367803,0.08215024380806464,0.49012483922313876,,,,,,,,,,,,,,,,,,,,,,,,,,,,,,,,,,,,,,,,
development,22752,2023-08-03T09:40:00+00:00,36,branch2,,,history_only,0.14570040993928043,0.10878084024944434,0.09190683315661716,0.07731312447696341,0.07503282606378996,0.522324060826577,7.0,3.0,,,,,,,,,,,,,,,,,,,,,,,,,,,,,,,,,,,,,,
development,22752,2023-08-03T09:40:00+00:00,36,branch2,,,history_only,0.14604778560419562,0.10613558386061499,0.09242789665398993,0.07665149775293302,0.07872020944736488,0.5287690235330228,7.0,7.0,,,,,,,,,,,,,,,,,,,,,,,,,,,,,,,,,,,,,,
development,22752,2023-08-03T09:40:00+00:00,36,branch2,,,history_only,0.14716299711512068,0.10711092020951768,0.09410071392037753,0.07578954704180671,0.08109050763123737,0.531842927092972,7.0,14.0,,,,,,,,,,,,,,,,,,,,,,,,,,,,,,,,,,,,,,
development,22752,2023-08-03T09:40:00+00:00,36,branch2,,,history_only,0.14573341186453972,0.10855846152886867,0.0919563360445061,0.07725089954971165,0.07535421056014355,0.5231193559218674,14.0,3.0,,,,,,,,,,,,,,,,,,,,,,,,,,,,,,,,,,,,,,
development,22752,2023-08-03T09:40:00+00:00,36,branch2,,,history_only,0.14838494272158928,0.10896522229373484,0.09587197044997643,0.07503008291897156,0.08277871860621802,0.5342862716254607,14.0,7.0,,,,,,,,,,,,,,,,,,,,,,,,,,,,,,,,,,,,,,
development,22752,2023-08-03T09:40:00+00:00,36,branch2,,,history_only,0.15052812386700995,0.10896437084668106,0.09884724858277143,0.07355313169556611,0.08873012631886179,0.5378982370371457,14.0,14.0,,,,,,,,,,,,,,,,,,,,,,,,,,,,,,,,,,,,,,
development,22752,2023-08-03T09:40:00+00:00,36,branch2,,,history_only,0.1457208031307698,0.10857510144522889,0.09193742294385118,0.07726477549701889,0.07529974444247348,0.5229812085705059,21.0,3.0,,,,,,,,,,,,,,,,,,,,,,,,,,,,,,,,,,,,,,
development,22752,2023-08-03T09:40:00+00:00,36,branch2,,,history_only,0.1487139354000173,0.10897124141963632,0.09642712134772241,0.07465068751456735,0.08388300127580851,0.535155465283938,21.0,7.0,,,,,,,,,,,,,,,,,,,,,,,,,,,,,,,,,,,,,,
development,22752,2023-08-03T09:40:00+00:00,36,branch2,,,history_only,0.15159625592908169,0.10914157981749568,0.10075060214131902,0.07223226441453601,0.09235962446514236,0.5393101374779931,21.0,14.0,,,,,,,,,,,,,,,,,,,,,,,,,,,,,,,,,,,,,,
development,22752,2023-08-03T09:40:00+00:00,36,fusion,,,,0.15159625592908169,0.10914157981749568,0.10075060214131902,0.07223226441453601,0.09235962446514236,0.5393101374779931,,,0.0,,,,,,,,,,,,,,,,,,,,,,,,,,,,,,,,,,,,,
development,22752,2023-08-03T09:40:00+00:00,36,fusion,,,,0.14600240028749592,0.11151099859385297,0.09543551100035744,0.07270695600789875,0.07936002340686192,0.521374613908646,,,0.1,,,,,,,,,,,,,,,,,,,,,,,,,,,,,,,,,,,,,
development,22752,2023-08-03T09:40:00+00:00,36,fusion,,,,0.1415129477626502,0.11502761354292569,0.09475491885046101,0.06816608126897739,0.07448222415799634,0.49950098804339316,,,0.2,,,,,,,,,,,,,,,,,,,,,,,,,,,,,,,,,,,,,
development,22752,2023-08-03T09:40:00+00:00,36,fusion,,,,0.14289024089972524,0.1189435322976276,0.09463950088950271,0.07106376328007305,0.07033546948137782,0.49380543284208617,,,0.3,,,,,,,,,,,,,,,,,,,,,,,,,,,,,,,,,,,,,
development,22752,2023-08-03T09:40:00+00:00,36,fusion,,,,0.14401554612402015,0.12164433532507668,0.09501305544160416,0.07263129420790392,0.06838177555813164,0.4922074341115465,,,0.4,,,,,,,,,,,,,,,,,,,,,,,,,,,,,,,,,,,,,
development,22752,2023-08-03T09:40:00+00:00,36,fusion,,,,0.14123152796218927,0.12145638514445443,0.09432021095103141,0.06994467785814652,0.06718403675760837,0.491639963642245,,,0.5,,,,,,,,,,,,,,,,,,,,,,,,,,,,,,,,,,,,,
development,22752,2023-08-03T09:40:00+00:00,36,fusion,,,,0.13728568545415384,0.11765772898591083,0.09208033290194563,0.06725461515040859,0.06650293681798043,0.4917252126466016,,,0.6,,,,,,,,,,,,,,,,,,,,,,,,,,,,,,,,,,,,,
development,22752,2023-08-03T09:40:00+00:00,36,fusion,,,,0.13381844108150523,0.11845730339893389,0.09257625703354432,0.06203537590818694,0.06669521066815474,0.49243059707744274,,,0.7,,,,,,,,,,,,,,,,,,,,,,,,,,,,,,,,,,,,,
development,22752,2023-08-03T09:40:00+00:00,36,fusion,,,,0.12945872452015697,0.11800463815458968,0.09282049008483423,0.05574538534929672,0.06763634201507879,0.4930834830082049,,,0.8,,,,,,,,,,,,,,,,,,,,,,,,,,,,,,,,,,,,,
development,22752,2023-08-03T09:40:00+00:00,36,fusion,,,,0.1261990352479363,0.11618598407466217,0.09264727894058394,0.05119395597993287,0.0691085738065057,0.494262080088326,,,0.9,,,,,,,,,,,,,,,,,,,,,,,,,,,,,,,,,,,,,
development,22752,2023-08-03T09:40:00+00:00,36,fusion,,,,0.1236536325036739,0.1139879780322747,0.09247019962337658,0.04747093318550813,0.07095242121447845,0.49643810677778294,,,1.0,,,,,,,,,,,,,,,,,,,,,,,,,,,,,,,,,,,,,
development,23040,2023-08-04T09:40:00+00:00,36,branch1,7.0,3.0,all_1_6_24,0.1268808977972583,0.12644758914991117,0.1017986056925824,0.04078346492679381,0.07714962223525362,0.5548368691898973,,,,,,,,,,,,,,,,,,,,,,,,,,,,,,,,,,,,,,,,
development,23040,2023-08-04T09:40:00+00:00,36,branch1,7.0,7.0,all_1_6_24,0.12447628735749723,0.1260064625158998,0.10220486647596798,0.03700958919248499,0.07840327043603615,0.5555380954396233,,,,,,,,,,,,,,,,,,,,,,,,,,,,,,,,,,,,,,,,
development,23040,2023-08-04T09:40:00+00:00,36,branch1,7.0,14.0,all_1_6_24,0.12307160049173164,0.12552966377114877,0.10219056711858612,0.03514509066473734,0.07885147046602349,0.5551042252094008,,,,,,,,,,,,,,,,,,,,,,,,,,,,,,,,,,,,,,,,
development,23040,2023-08-04T09:40:00+00:00,36,branch1,14.0,3.0,all_1_6_24,0.1289637288206875,0.13122400820742974,0.10422080046513418,0.041358680984751754,0.07721759272283862,0.5560704398891368,,,,,,,,,,,,,,,,,,,,,,,,,,,,,,,,,,,,,,,,
development,23040,2023-08-04T09:40:00+00:00,36,branch1,14.0,7.0,all_1_6_24,0.12744304848300195,0.13755782610486572,0.10767581326307105,0.037104945368485256,0.07779380042127636,0.5537202504336082,,,,,,,,,,,,,,,,,,,,,,,,,,,,,,,,,,,,,,,,
development,23040,2023-08-04T09:40:00+00:00,36,branch1,14.0,14.0,all_1_6_24,0.12763967436159235,0.1408903742987071,0.1099037341544591,0.03562641896610004,0.0789170940102111,0.5556341007403828,,,,,,,,,,,,,,,,,,,,,,,,,,,,,,,,,,,,,,,,
development,23040,2023-08-04T09:40:00+00:00,36,branch1,21.0,3.0,all_1_6_24,0.12826714498488243,0.1325745454903272,0.10491473009330013,0.0400089259341246,0.07725491469627305,0.5544246704044099,,,,,,,,,,,,,,,,,,,,,,,,,,,,,,,,,,,,,,,,
development,23040,2023-08-04T09:40:00+00:00,36,branch1,21.0,7.0,all_1_6_24,0.12833561918197586,0.13893218815944391,0.10906521311312531,0.03657031445122848,0.07919823806680669,0.5441989132802695,,,,,,,,,,,,,,,,,,,,,,,,,,,,,,,,,,,,,,,,
development,23040,2023-08-04T09:40:00+00:00,36,branch1,21.0,14.0,all_1_6_24,0.1260697642003836,0.14174909827741403,0.11175408065020181,0.03177543568003023,0.08175906302298959,0.543538334988431,,,,,,,,,,,,,,,,,,,,,,,,,,,,,,,,,,,,,,,,
development,23040,2023-08-04T09:40:00+00:00,36,branch2,,,history_only,0.15881814789495308,0.11766563349639736,0.11390938664648413,0.06358458880899491,0.1101531397965709,0.5389676346980198,7.0,3.0,,,,,,,,,,,,,,,,,,,,,,,,,,,,,,,,,,,,,,
development,23040,2023-08-04T09:40:00+00:00,36,branch2,,,history_only,0.1584991416737733,0.11704320506062124,0.11336383220461797,0.06390162369999039,0.1096844593486147,0.5385607014969499,7.0,7.0,,,,,,,,,,,,,,,,,,,,,,,,,,,,,,,,,,,,,,
development,23040,2023-08-04T09:40:00+00:00,36,branch2,,,history_only,0.1601948399191266,0.12170149874613113,0.11563236278661324,0.0632153858690137,0.10956322682709532,0.5388514304976592,7.0,14.0,,,,,,,,,,,,,,,,,,,,,,,,,,,,,,,,,,,,,,
development,23040,2023-08-04T09:40:00+00:00,36,branch2,,,history_only,0.15924261241238327,0.11714953807237705,0.11446975421269094,0.06335617694507722,0.11178997035300484,0.5397634016292131,14.0,3.0,,,,,,,,,,,,,,,,,,,,,,,,,,,,,,,,,,,,,,
development,23040,2023-08-04T09:40:00+00:00,36,branch2,,,history_only,0.1610046350588036,0.11766474817139255,0.115754088715207,0.06401294896471844,0.11384342925902144,0.5406587771912034,14.0,7.0,,,,,,,,,,,,,,,,,,,,,,,,,,,,,,,,,,,,,,
development,23040,2023-08-04T09:40:00+00:00,36,branch2,,,history_only,0.16196967919130092,0.11766488166062077,0.11658310881812634,0.06419238035364296,0.11550133597563189,0.5409227243376394,14.0,14.0,,,,,,,,,,,,,,,,,,,,,,,,,,,,,,,,,,,,,,
development,23040,2023-08-04T09:40:00+00:00,36,branch2,,,history_only,0.1591406489468723,0.11723579978986132,0.11439313822436295,0.06332508651058298,0.11155047665886457,0.5396735096808973,21.0,3.0,,,,,,,,,,,,,,,,,,,,,,,,,,,,,,,,,,,,,,
development,23040,2023-08-04T09:40:00+00:00,36,branch2,,,history_only,0.16038136143678572,0.11760775598973608,0.11625420695923308,0.062415005577373533,0.1149006579287301,0.5404918011743,21.0,7.0,,,,,,,,,,,,,,,,,,,,,,,,,,,,,,,,,,,,,,
development,23040,2023-08-04T09:40:00+00:00,36,branch2,,,history_only,0.1633133644736379,0.12366967446273881,0.12065221151451136,0.060382265597606816,0.11763474856628392,0.5405338450352247,21.0,14.0,,,,,,,,,,,,,,,,,,,,,,,,,,,,,,,,,,,,,,
development,23040,2023-08-04T09:40:00+00:00,36,fusion,,,,0.1633133644736379,0.12366967446273881,0.12065221151451136,0.060382265597606816,0.11763474856628392,0.5405338450352247,,,0.0,,,,,,,,,,,,,,,,,,,,,,,,,,,,,,,,,,,,,
development,23040,2023-08-04T09:40:00+00:00,36,fusion,,,,0.15821661113177318,0.1289422612498156,0.10176372922063316,0.08286316524439817,0.07458519719145074,0.5450836733865567,,,0.1,,,,,,,,,,,,,,,,,,,,,,,,,,,,,,,,,,,,,
development,23040,2023-08-04T09:40:00+00:00,36,fusion,,,,0.1607267908909317,0.13740656054232037,0.10465819034786157,0.08368002410359918,0.07190982015340278,0.5398121542256841,,,0.2,,,,,,,,,,,,,,,,,,,,,,,,,,,,,,,,,,,,,
development,23040,2023-08-04T09:40:00+00:00,36,fusion,,,,0.16348642994357668,0.14444284536187882,0.10704241362705048,0.08546567820972496,0.06964198189222215,0.5405895972542171,,,0.3,,,,,,,,,,,,,,,,,,,,,,,,,,,,,,,,,,,,,
development,23040,2023-08-04T09:40:00+00:00,36,fusion,,,,0.1618733809293073,0.1502153383445399,0.10915496855863455,0.08174613946280357,0.0680945987727292,0.5420243945151503,,,0.4,,,,,,,,,,,,,,,,,,,,,,,,,,,,,,,,,,,,,
development,23040,2023-08-04T09:40:00+00:00,36,fusion,,,,0.15671167557906843,0.1527946408665811,0.11057230347499927,0.07379815150928844,0.06834996608341745,0.543027295262264,,,0.5,,,,,,,,,,,,,,,,,,,,,,,,,,,,,,,,,,,,,
development,23040,2023-08-04T09:40:00+00:00,36,fusion,,,,0.1507324969914755,0.14681385364514116,0.10820967357553007,0.06789626525142597,0.069605493505919,0.5465557683180028,,,0.6,,,,,,,,,,,,,,,,,,,,,,,,,,,,,,,,,,,,,
development,23040,2023-08-04T09:40:00+00:00,36,fusion,,,,0.14550846186660008,0.14600896230310256,0.10856811234441473,0.06052870125867362,0.07112726238572689,0.5514155923421938,,,0.7,,,,,,,,,,,,,,,,,,,,,,,,,,,,,,,,,,,,,
development,23040,2023-08-04T09:40:00+00:00,36,fusion,,,,0.13867270999359146,0.14239787612109822,0.10764172144993236,0.05226061000738583,0.0728855667787665,0.5546615129718028,,,0.8,,,,,,,,,,,,,,,,,,,,,,,,,,,,,,,,,,,,,
development,23040,2023-08-04T09:40:00+00:00,36,fusion,,,,0.13330769809463297,0.13692852505901887,0.10602758569114049,0.04609758961203105,0.0751266463232621,0.5564456216170908,,,0.9,,,,,,,,,,,,,,,,,,,,,,,,,,,,,,,,,,,,,
development,23040,2023-08-04T09:40:00+00:00,36,fusion,,,,0.12916962241471422,0.1313106266320692,0.10448289179487895,0.04121513769303321,0.07765515695768871,0.556965637728684,,,1.0,,,,,,,,,,,,,,,,,,,,,,,,,,,,,,,,,,,,,
heldout_preselection,23293,2023-08-05T06:45:00+00:00,36,branch1,7.0,3.0,all_1_6_24,0.10229566275622777,0.11099672648935781,0.08856575818308213,0.02669181120269163,0.06613478987680645,0.5238613171880108,,,,,,,,,,,,,,,,,,,,,,,,,,,,,,,,,,,,,,,,
heldout_preselection,23293,2023-08-05T06:45:00+00:00,36,branch1,7.0,7.0,all_1_6_24,0.10303219553968002,0.11803789427064328,0.0930568197460809,0.024800247997043747,0.06807574522151852,0.538777846099996,,,,,,,,,,,,,,,,,,,,,,,,,,,,,,,,,,,,,,,,
heldout_preselection,23293,2023-08-05T06:45:00+00:00,36,branch1,7.0,14.0,all_1_6_24,0.10326924816780476,0.12045497551305338,0.09459236390660912,0.02442320809602129,0.06872975230016486,0.5430114509067069,,,,,,,,,,,,,,,,,,,,,,,,,,,,,,,,,,,,,,,,
heldout_preselection,23293,2023-08-05T06:45:00+00:00,36,branch1,14.0,3.0,all_1_6_24,0.10516297391459399,0.12157696807190602,0.0931650048326798,0.02874129945309652,0.06475304159345358,0.5334840318568427,,,,,,,,,,,,,,,,,,,,,,,,,,,,,,,,,,,,,,,,
heldout_preselection,23293,2023-08-05T06:45:00+00:00,36,branch1,14.0,7.0,all_1_6_24,0.10888101065511381,0.1119994056250017,0.08908692881939875,0.03366896316118893,0.06617445201379582,0.5502290184436923,,,,,,,,,,,,,,,,,,,,,,,,,,,,,,,,,,,,,,,,
heldout_preselection,23293,2023-08-05T06:45:00+00:00,36,branch1,14.0,14.0,all_1_6_24,0.11090179117124044,0.10923911783881932,0.08824332426872672,0.03634136041073924,0.06724753069863414,0.5564690285369541,,,,,,,,,,,,,,,,,,,,,,,,,,,,,,,,,,,,,,,,
heldout_preselection,23293,2023-08-05T06:45:00+00:00,36,branch1,21.0,3.0,all_1_6_24,0.10667874934372967,0.12271162153343176,0.09363717870287311,0.03006183538695733,0.06456273587231444,0.5358548200705296,,,,,,,,,,,,,,,,,,,,,,,,,,,,,,,,,,,,,,,,
heldout_preselection,23293,2023-08-05T06:45:00+00:00,36,branch1,21.0,7.0,all_1_6_24,0.11177977722603803,0.11010086037628464,0.08761414942389381,0.03879505871174551,0.06512743847150297,0.547135619128581,,,,,,,,,,,,,,,,,,,,,,,,,,,,,,,,,,,,,,,,
heldout_preselection,23293,2023-08-05T06:45:00+00:00,36,branch1,21.0,14.0,all_1_6_24,0.11314213701006377,0.1037149785339419,0.08485565100433012,0.04286451606730886,0.06599632347471834,0.5473506672516429,,,,,,,,,,,,,,,,,,,,,,,,,,,,,,,,,,,,,,,,
heldout_preselection,23293,2023-08-05T06:45:00+00:00,36,branch2,,,history_only,0.13405712905961042,0.11895313996675302,0.11845263723681687,0.022071867435351077,0.11795213450688072,0.5149443095930493,7.0,3.0,,,,,,,,,,,,,,,,,,,,,,,,,,,,,,,,,,,,,,
heldout_preselection,23293,2023-08-05T06:45:00+00:00,36,branch2,,,history_only,0.1334749089132365,0.1201400570373003,0.11757930701725595,0.02257680106616313,0.11501855699721161,0.5155326350750061,7.0,7.0,,,,,,,,,,,,,,,,,,,,,,,,,,,,,,,,,,,,,,
heldout_preselection,23293,2023-08-05T06:45:00+00:00,36,branch2,,,history_only,0.1331799404842441,0.12003001954984621,0.11713685437376739,0.022810995018201035,0.11424368919768857,0.5155338432210945,7.0,14.0,,,,,,,,,,,,,,,,,,,,,,,,,,,,,,,,,,,,,,
heldout_preselection,23293,2023-08-05T06:45:00+00:00,36,branch2,,,history_only,0.1328062559069265,0.11798018884716503,0.11657632750779097,0.02298118874475944,0.1151724661684169,0.5147926172818492,14.0,3.0,,,,,,,,,,,,,,,,,,,,,,,,,,,,,,,,,,,,,,
heldout_preselection,23293,2023-08-05T06:45:00+00:00,36,branch2,,,history_only,0.1286870620020437,0.11933164981414876,0.11001383548612459,0.02748199203594969,0.1006960211581004,0.5151076339234062,14.0,7.0,,,,,,,,,,,,,,,,,,,,,,,,,,,,,,,,,,,,,,
heldout_preselection,23293,2023-08-05T06:45:00+00:00,36,branch2,,,history_only,0.1269430129711966,0.11978196095993919,0.10713787121740259,0.02985078363104215,0.094493781474866,0.5152475430437922,14.0,14.0,,,,,,,,,,,,,,,,,,,,,,,,,,,,,,,,,,,,,,
heldout_preselection,23293,2023-08-05T06:45:00+00:00,36,branch2,,,history_only,0.13185049542831828,0.11795795379734615,0.11514268678987863,0.02373995698984436,0.11232741978241112,0.5147778539793215,21.0,3.0,,,,,,,,,,,,,,,,,,,,,,,,,,,,,,,,,,,,,,
heldout_preselection,23293,2023-08-05T06:45:00+00:00,36,branch2,,,history_only,0.1266736637623863,0.11928171007583369,0.10737743929098069,0.028968310265664727,0.09547316850612769,0.5149315239830524,21.0,7.0,,,,,,,,,,,,,,,,,,,,,,,,,,,,,,,,,,,,,,
heldout_preselection,23293,2023-08-05T06:45:00+00:00,36,branch2,,,history_only,0.12546795506021136,0.11974802204407549,0.10556887623771827,0.030429899657511392,0.09138973043136103,0.5150095837856982,21.0,14.0,,,,,,,,,,,,,,,,,,,,,,,,,,,,,,,,,,,,,,
heldout_preselection,23293,2023-08-05T06:45:00+00:00,36,fusion,,,,0.13405712905961042,0.11895313996675302,0.11845263723681687,0.022071867435351077,0.11795213450688072,0.5149443095930493,,,0.0,,,,,,,,,,,,,,,,,,,,,,,,,,,,,,,,,,,,,
heldout_preselection,23293,2023-08-05T06:45:00+00:00,36,fusion,,,,0.1299377611608056,0.13272476987702966,0.10752964550550331,0.037781523118767035,0.08233452113397698,0.523072718447383,,,0.1,,,,,,,,,,,,,,,,,,,,,,,,,,,,,,,,,,,,,
heldout_preselection,23293,2023-08-05T06:45:00+00:00,36,fusion,,,,0.13467057818232622,0.14561105049527195,0.11008841402581922,0.045274761811214204,0.07456577755636648,0.5357462267910479,,,0.2,,,,,,,,,,,,,,,,,,,,,,,,,,,,,,,,,,,,,
heldout_preselection,23293,2023-08-05T06:45:00+00:00,36,fusion,,,,0.1390577128765277,0.16023380539336254,0.11563478653942852,0.04922718027887364,0.0710357676854945,0.5452813335661205,,,0.3,,,,,,,,,,,,,,,,,,,,,,,,,,,,,,,,,,,,,
heldout_preselection,23293,2023-08-05T06:45:00+00:00,36,fusion,,,,0.14079832477553644,0.17316339718430898,0.1208568942116822,0.05117911170275411,0.06855039123905543,0.554200954266471,,,0.4,,,,,,,,,,,,,,,,,,,,,,,,,,,,,,,,,,,,,
heldout_preselection,23293,2023-08-05T06:45:00+00:00,36,fusion,,,,0.13877237259949118,0.1684924755204431,0.1176951384423594,0.05107588376372385,0.06689780136427571,0.5604153919735917,,,0.5,,,,,,,,,,,,,,,,,,,,,,,,,,,,,,,,,,,,,
heldout_preselection,23293,2023-08-05T06:45:00+00:00,36,fusion,,,,0.13196897726514886,0.1494965106304295,0.10752360172382514,0.04867890876722111,0.06555069281722076,0.5616492374098248,,,0.6,,,,,,,,,,,,,,,,,,,,,,,,,,,,,,,,,,,,,
heldout_preselection,23293,2023-08-05T06:45:00+00:00,36,fusion,,,,0.12457500150178784,0.13060680520428433,0.09781877587929566,0.04635185502006321,0.06503074655430699,0.5565662079730422,,,0.7,,,,,,,,,,,,,,,,,,,,,,,,,,,,,,,,,,,,,
heldout_preselection,23293,2023-08-05T06:45:00+00:00,36,fusion,,,,0.11937067802368616,0.11664863424906169,0.09095353720344243,0.04533460554128953,0.06525844015782317,0.5516859813554876,,,0.8,,,,,,,,,,,,,,,,,,,,,,,,,,,,,,,,,,,,,
heldout_preselection,23293,2023-08-05T06:45:00+00:00,36,fusion,,,,0.11587436490536836,0.1088159896113827,0.0872536852906422,0.044138893449705084,0.06569138096990171,0.5501345298028303,,,0.9,,,,,,,,,,,,,,,,,,,,,,,,,,,,,,,,,,,,,
heldout_preselection,23293,2023-08-05T06:45:00+00:00,36,fusion,,,,0.11341413071966495,0.10368618660579632,0.08503230786312958,0.042930570289910173,0.06637842912046285,0.5486014583715018,,,1.0,,,,,,,,,,,,,,,,,,,,,,,,,,,,,,,,,,,,,
heldout_preselection,23293,2023-08-05T06:45:00+00:00,36,,,,,,,,,,,,,,2023-07-30T06:45:00+00:00,2023-07-25T18:45:00+00:00,2023-08-03T18:45:00+00:00,3.0,3.0,21.0,14.0,"[1, 6, 24]","{'1': 0.3425240872252472, '6': 0.337684741972113, '24': 0.31979117080263986}",7.0,3.0,21.0,-1.0,0.4,0.14079832477553644,0.554200954266471,0.11341413071966495,0.13405712905961042,0.10368618660579632,0.11895313996675302,0.11234524101018906,0.09090909090909091,0.17316343274539153,hold,False,False,False,False,False,2.0,"{'delta': 0.01, 'min_subwindow': 4, 'max_window': 64, 'values': [0.6329235492785472, 0.645308709498564, 0.4988751718599371, 0.42683912920953637, 0.2847505612729119, 0.566276894041615, 0.8654351651756413, 0.6600889292489625, 0.8936137383328955, 0.8158386284508178, 0.7934445407514695, 0.7265698338312477, 0.8969152268195346, 0.9260288423703233, 0.8858566221249637, 0.8854010587199453, 0.8908584201825043, 0.8555571042860509, 0.8268365672546085], 'last_cut': None, 'last_difference': None}","{'delta': 0.01, 'min_subwindow': 4, 'max_window': 64, 'values': [0.1771954894065857, 0.20939400792121887, 0.2794717252254486, 0.2811996638774872, 0.2565139830112457, 0.28368470072746277, 0.2599795162677765, 0.2693497836589813, 0.266537606716156, 0.2587519586086273, 0.2578691244125366, 0.25469282269477844, 0.19198936223983765, 0.14282207190990448, 0.19570057094097137, 0.14668552577495575, 0.1290397197008133, 0.12414491176605225, 0.11234524101018906], 'last_cut': None, 'last_difference': None}","{'delta': 0.01, 'min_subwindow': 4, 'max_window': 64, 'values': [0.09090909090909091, 0.09090909090909091, 0.09090909090909091, 0.09090909090909091, 0.09090909090909091, 0.09090909090909091, 0.09090909090909091, 0.09090909090909091, 0.09090909090909091, 0.13081646755120577, 0.15014405058342611, 0.1294961523729935, 0.09090909090909091, 0.09090909090909091, 0.09090909090909091, 0.09090909090909091, 0.09090909090909091, 0.09090909090909091, 0.09090909090909091], 'last_cut': None, 'last_difference': None}",0.14444289571394908,0.02872053703144245,29.0,"{'1': 0.12121637533857038, '6': 0.11667807570009432, '24': 0.09989762641992106}"
