selection_stage,selection_origin_idx,selection_origin_time,purge_hours,validation_mode,pool_origin_count,pool_validation_block_count,adwin_enabled,dynamic_selector,selection_role,candidate_b1_train_days,candidate_b1_half_life_days,candidate_L_obs_hours,val_pr_auc_mean,val_pr_auc_median,val_pr_auc_q25,val_pr_auc_std,val_pr_auc_min,val_roc_auc_mean,branch1_input_validation_ap,candidate_b2_train_days,candidate_b2_half_life_days,candidate_lambda,train_end_time,validation_start_time,validation_end_time,validation_block_count,validation_block_days,selected_b1_train_days,selected_b1_half_life_days,selected_b1_input_hours,selected_b1_input_weights,selected_b2_train_days,selected_b2_half_life_days,selected_L_train_days,selected_L_obs_hours,selected_lambda,val_pr_auc,val_roc_auc,val_pr_auc_b1,val_pr_auc_b2,val_pr_auc_b1_median,val_pr_auc_b2_median,val_roc_auc_b1,val_roc_auc_b2,prediction_disagreement,validation_positive_rate,latest_val_pr_auc,adst_action,b1_window_action,b1_window_pending_train_days,b1_window_change_streak,b1_window_gain,b2_window_action,previous_val_pr_auc,val_pr_auc_delta,candidate_count,window_change_relative_margin,window_change_absolute_margin,window_change_q25_tolerance,window_confirmation_checkpoints
development,18144,2023-07-18T09:40:00+00:00,36,local_3_rolling_validation_blocks,1,3,False,branch1_validation_performance,branch1,7.0,3.0,all_1_6_24,0.14420563585864943,0.12265297305295447,0.11333263118299419,0.04431926613172519,0.1040122893130339,0.6536101375973885,"{'1': 0.11976351087141361, '6': 0.14216393677667225, '24': 0.1540961726307907}",,,,,,,,,,,,,,,,,,,,,,,,,,,,,,,,,,,,,,,,,
development,18144,2023-07-18T09:40:00+00:00,36,local_3_rolling_validation_blocks,1,3,False,branch1_validation_performance,branch1,7.0,7.0,all_1_6_24,0.14519432521935058,0.12124127501613718,0.11308849099364708,0.04588988023012215,0.10493570697115698,0.6533494870913515,"{'1': 0.11955438484969617, '6': 0.14257377723417686, '24': 0.15690527888445302}",,,,,,,,,,,,,,,,,,,,,,,,,,,,,,,,,,,,,,,,,
development,18144,2023-07-18T09:40:00+00:00,36,local_3_rolling_validation_blocks,1,3,False,branch1_validation_performance,branch1,7.0,14.0,all_1_6_24,0.14592317839875904,0.1212995579727646,0.11339139571581608,0.046457792198029306,0.10548323345886756,0.6540248416027091,"{'1': 0.11974973295087253, '6': 0.14276596446715106, '24': 0.1583206828993058}",,,,,,,,,,,,,,,,,,,,,,,,,,,,,,,,,,,,,,,,,
development,18144,2023-07-18T09:40:00+00:00,36,local_3_rolling_validation_blocks,1,3,False,branch1_validation_performance,branch1,14.0,3.0,all_1_6_24,0.13976496022991144,0.11116651373408375,0.1083336702567872,0.04451069512144036,0.10550082677949066,0.6391818947057959,"{'1': 0.12160643170485912, '6': 0.13472972725282525, '24': 0.152923203116845}",,,,,,,,,,,,,,,,,,,,,,,,,,,,,,,,,,,,,,,,,
development,18144,2023-07-18T09:40:00+00:00,36,local_3_rolling_validation_blocks,1,3,False,branch1_validation_performance,branch1,14.0,7.0,all_1_6_24,0.13538935849403955,0.10671327715234484,0.10431394578913364,0.04399091281413447,0.10191461442592242,0.6222090058084963,"{'1': 0.12067136299327846, '6': 0.1305364670138601, '24': 0.14982909072830905}",,,,,,,,,,,,,,,,,,,,,,,,,,,,,,,,,,,,,,,,,
development,18144,2023-07-18T09:40:00+00:00,36,local_3_rolling_validation_blocks,1,3,False,branch1_validation_performance,branch1,14.0,14.0,all_1_6_24,0.1326287877014338,0.10698792888723618,0.10333775854735568,0.041530847252175554,0.09968758820747517,0.6155380596479912,"{'1': 0.11959865070522269, '6': 0.12830850332885513, '24': 0.14698615606130497}",,,,,,,,,,,,,,,,,,,,,,,,,,,,,,,,,,,,,,,,,
development,18144,2023-07-18T09:40:00+00:00,36,local_3_rolling_validation_blocks,1,3,False,branch1_validation_performance,branch1,21.0,3.0,all_1_6_24,0.13424798731483537,0.10353589418352799,0.10201157241729547,0.04560616108368115,0.10048725065106295,0.6224992396070541,"{'1': 0.11655871868177907, '6': 0.13033535687577136, '24': 0.14836044421858174}",,,,,,,,,,,,,,,,,,,,,,,,,,,,,,,,,,,,,,,,,
development,18144,2023-07-18T09:40:00+00:00,36,local_3_rolling_validation_blocks,1,3,False,branch1_validation_performance,branch1,21.0,7.0,all_1_6_24,0.1223586074940789,0.09360189249492949,0.08908106635632917,0.0472060878948138,0.08456024021772886,0.5775375866144424,"{'1': 0.10907125154702002, '6': 0.119752219485548, '24': 0.13546793938594606}",,,,,,,,,,,,,,,,,,,,,,,,,,,,,,,,,,,,,,,,,
development,18144,2023-07-18T09:40:00+00:00,36,local_3_rolling_validation_blocks,1,3,False,branch1_validation_performance,branch1,21.0,14.0,all_1_6_24,0.11634875233150173,0.09039467058188345,0.0853408706820748,0.04404548457055054,0.08028707078226616,0.5627480241133376,"{'1': 0.10596699057722973, '6': 0.11504484595892767, '24': 0.12674307352486638}",,,,,,,,,,,,,,,,,,,,,,,,,,,,,,,,,,,,,,,,,
development,18144,2023-07-18T09:40:00+00:00,36,local_3_rolling_validation_blocks,1,3,False,branch1_validation_performance,branch2,,,history_only,0.08540201937046045,0.08776241363751429,0.07429826584240336,0.019168781965896386,0.060834118047292426,0.4018093477957836,,7.0,0.0,,,,,,,,,,,,,,,,,,,,,,,,,,,,,,,,,,,,,,,
development,18144,2023-07-18T09:40:00+00:00,36,local_3_rolling_validation_blocks,1,3,False,branch1_validation_performance,branch2,,,history_only,0.16692393400785785,0.08636370704302972,0.0695580678086824,0.13837814184863695,0.0527524285743351,0.39652582981336365,,14.0,0.0,,,,,,,,,,,,,,,,,,,,,,,,,,,,,,,,,,,,,,,
development,18144,2023-07-18T09:40:00+00:00,36,local_3_rolling_validation_blocks,1,3,False,branch1_validation_performance,branch2,,,history_only,0.20193213228282283,0.15917405795118034,0.12276888249710502,0.11583262968539235,0.08636370704302972,0.5804077481990749,,21.0,0.0,,,,,,,,,,,,,,,,,,,,,,,,,,,,,,,,,,,,,,,
development,18144,2023-07-18T09:40:00+00:00,36,local_3_rolling_validation_blocks,1,3,False,branch1_validation_performance,fusion,,,,0.08540201937046045,0.08776241363751429,0.07429826584240336,0.019168781965896386,0.060834118047292426,0.4018093477957836,,,,0.0,,,,,,,,,,,,,,,,,,,,,,,,,,,,,,,,,,,,,,
development,18144,2023-07-18T09:40:00+00:00,36,local_3_rolling_validation_blocks,1,3,False,branch1_validation_performance,fusion,,,,0.10587774378401188,0.12407797881322946,0.09552950177514495,0.0275230070936574,0.06698102473706044,0.5243409620594336,,,,0.1,,,,,,,,,,,,,,,,,,,,,,,,,,,,,,,,,,,,,,
development,18144,2023-07-18T09:40:00+00:00,36,local_3_rolling_validation_blocks,1,3,False,branch1_validation_performance,fusion,,,,0.11378090468529761,0.11829350817272738,0.09719464630565341,0.02910296517762202,0.07609578443857945,0.5567468405288415,,,,0.2,,,,,,,,,,,,,,,,,,,,,,,,,,,,,,,,,,,,,,
development,18144,2023-07-18T09:40:00+00:00,36,local_3_rolling_validation_blocks,1,3,False,branch1_validation_performance,fusion,,,,0.12015420280498142,0.11478583553243954,0.09644791050136894,0.03671733812790279,0.07810998547029833,0.5728017111892861,,,,0.3,,,,,,,,,,,,,,,,,,,,,,,,,,,,,,,,,,,,,,
development,18144,2023-07-18T09:40:00+00:00,36,local_3_rolling_validation_blocks,1,3,False,branch1_validation_performance,fusion,,,,0.1282067431996852,0.11145436104309596,0.0980594618858745,0.0440151416013039,0.08466456272865305,0.5961717750423446,,,,0.4,,,,,,,,,,,,,,,,,,,,,,,,,,,,,,,,,,,,,,
development,18144,2023-07-18T09:40:00+00:00,36,local_3_rolling_validation_blocks,1,3,False,branch1_validation_performance,fusion,,,,0.13406741045090825,0.10865426586406937,0.10223886837020141,0.04531611632340314,0.09582347087633344,0.6209390151911398,,,,0.5,,,,,,,,,,,,,,,,,,,,,,,,,,,,,,,,,,,,,,
development,18144,2023-07-18T09:40:00+00:00,36,local_3_rolling_validation_blocks,1,3,False,branch1_validation_performance,fusion,,,,0.13887706385771503,0.10682690440106585,0.10637373604582577,0.04596813619671489,0.10592056769058569,0.6364533077564865,,,,0.6,,,,,,,,,,,,,,,,,,,,,,,,,,,,,,,,,,,,,,
development,18144,2023-07-18T09:40:00+00:00,36,local_3_rolling_validation_blocks,1,3,False,branch1_validation_performance,fusion,,,,0.1420838208663817,0.11238212842199397,0.10909005248329331,0.046737593864303116,0.10579797654459265,0.6444931744857305,,,,0.7,,,,,,,,,,,,,,,,,,,,,,,,,,,,,,,,,,,,,,
development,18144,2023-07-18T09:40:00+00:00,36,local_3_rolling_validation_blocks,1,3,False,branch1_validation_performance,fusion,,,,0.14415840953425405,0.11629664967246175,0.11081875012771288,0.04736106735463119,0.105340850582964,0.6489296441681409,,,,0.8,,,,,,,,,,,,,,,,,,,,,,,,,,,,,,,,,,,,,,
development,18144,2023-07-18T09:40:00+00:00,36,local_3_rolling_validation_blocks,1,3,False,branch1_validation_performance,fusion,,,,0.14518660200289177,0.11891084299719473,0.11200589851510617,0.04726207436647816,0.10510095403301763,0.651606867686736,,,,0.9,,,,,,,,,,,,,,,,,,,,,,,,,,,,,,,,,,,,,,
development,18144,2023-07-18T09:40:00+00:00,36,local_3_rolling_validation_blocks,1,3,False,branch1_validation_performance,fusion,,,,0.1460933409838002,0.12162038887369951,0.11326660644516409,0.04692241242926854,0.10491282401662867,0.6541224799028895,,,,1.0,,,,,,,,,,,,,,,,,,,,,,,,,,,,,,,,,,,,,,
development,18432,2023-07-19T09:40:00+00:00,36,local_3_rolling_validation_blocks,1,3,False,branch1_validation_performance,branch1,7.0,3.0,all_1_6_24,0.15934421154674697,0.1787637436272401,0.14058187372676373,0.04093841839080112,0.10240000382628738,0.681411510835466,"{'1': 0.15309786627459449, '6': 0.16597386682551826, '24': 0.15750287874205374}",,,,,,,,,,,,,,,,,,,,,,,,,,,,,,,,,,,,,,,,,
development,18432,2023-07-19T09:40:00+00:00,36,local_3_rolling_validation_blocks,1,3,False,branch1_validation_performance,branch1,7.0,7.0,all_1_6_24,0.15586150080379524,0.16965265283314945,0.1326506937356548,0.04461217824253809,0.09564873463816012,0.6658305531301069,"{'1': 0.1520973247157821, '6': 0.1651439752340493, '24': 0.15265051127423548}",,,,,,,,,,,,,,,,,,,,,,,,,,,,,,,,,,,,,,,,,
development,18432,2023-07-19T09:40:00+00:00,36,local_3_rolling_validation_blocks,1,3,False,branch1_validation_performance,branch1,7.0,14.0,all_1_6_24,0.15422192419310785,0.16546363471306014,0.12965862854417123,0.04540238573882345,0.09385362237528233,0.6606239389615355,"{'1': 0.1496557973438433, '6': 0.1639341489743589, '24': 0.15089411758847537}",,,,,,,,,,,,,,,,,,,,,,,,,,,,,,,,,,,,,,,,,
development,18432,2023-07-19T09:40:00+00:00,36,local_3_rolling_validation_blocks,1,3,False,branch1_validation_performance,branch1,14.0,3.0,all_1_6_24,0.15981302524957008,0.17209622555518253,0.1384180814068584,0.04088559860043353,0.10473993725853427,0.6852650701687691,"{'1': 0.15413077892240465, '6': 0.16216908853117878, '24': 0.15964494256408665}",,,,,,,,,,,,,,,,,,,,,,,,,,,,,,,,,,,,,,,,,
development,18432,2023-07-19T09:40:00+00:00,36,local_3_rolling_validation_blocks,1,3,False,branch1_validation_performance,branch1,14.0,7.0,all_1_6_24,0.15123149097310548,0.15235268560438486,0.12600679304410495,0.041657029911935095,0.099660900483825,0.6641305019697938,"{'1': 0.14590567290702475, '6': 0.1518803571054839, '24': 0.1535629490508027}",,,,,,,,,,,,,,,,,,,,,,,,,,,,,,,,,,,,,,,,,
development,18432,2023-07-19T09:40:00+00:00,36,local_3_rolling_validation_blocks,1,3,False,branch1_validation_performance,branch1,14.0,14.0,all_1_6_24,0.1462922083912962,0.14237138751059464,0.12027762523767474,0.040974869870384005,0.09818386296475483,0.6516383247766389,"{'1': 0.1426538736346237, '6': 0.14634103397665335, '24': 0.15007814606647182}",,,,,,,,,,,,,,,,,,,,,,,,,,,,,,,,,,,,,,,,,
development,18432,2023-07-19T09:40:00+00:00,36,local_3_rolling_validation_blocks,1,3,False,branch1_validation_performance,branch1,21.0,3.0,all_1_6_24,0.1546404676579953,0.16675574569410268,0.1332148779321204,0.04084244112465472,0.09967401017013812,0.6759582947694195,"{'1': 0.14850575360318552, '6': 0.15709421347901306, '24': 0.15535214012306522}",,,,,,,,,,,,,,,,,,,,,,,,,,,,,,,,,,,,,,,,,
development,18432,2023-07-19T09:40:00+00:00,36,local_3_rolling_validation_blocks,1,3,False,branch1_validation_performance,branch1,21.0,7.0,all_1_6_24,0.1348654448725822,0.13219402744139105,0.10889406271712199,0.04136364288717853,0.08559409799285293,0.625549810947168,"{'1': 0.13229015467893337, '6': 0.13686815453841064, '24': 0.1381102801598366}",,,,,,,,,,,,,,,,,,,,,,,,,,,,,,,,,,,,,,,,,
development,18432,2023-07-19T09:40:00+00:00,36,local_3_rolling_validation_blocks,1,3,False,branch1_validation_performance,branch1,21.0,14.0,all_1_6_24,0.12209785982500333,0.10765971560243198,0.09463389608268215,0.04026975612441421,0.08160807656293231,0.5915785838356782,"{'1': 0.11947090141943917, '6': 0.12363158082719172, '24': 0.1277109594353271}",,,,,,,,,,,,,,,,,,,,,,,,,,,,,,,,,,,,,,,,,
development,18432,2023-07-19T09:40:00+00:00,36,local_3_rolling_validation_blocks,1,3,False,branch1_validation_performance,branch2,,,history_only,0.18645734227407204,0.12086732356197621,0.10391553582515589,0.11754945779833897,0.08696374808833558,0.5526115144980427,,7.0,0.0,,,,,,,,,,,,,,,,,,,,,,,,,,,,,,,,,,,,,,,
development,18432,2023-07-19T09:40:00+00:00,36,local_3_rolling_validation_blocks,1,3,False,branch1_validation_performance,branch2,,,history_only,0.16169853291501107,0.08730124728593573,0.07164382277301834,0.1279966338063953,0.05598639826010096,0.4690390409360885,,14.0,0.0,,,,,,,,,,,,,,,,,,,,,,,,,,,,,,,,,,,,,,,
development,18432,2023-07-19T09:40:00+00:00,36,local_3_rolling_validation_blocks,1,3,False,branch1_validation_performance,branch2,,,history_only,0.1846859248298159,0.18487406266935896,0.13591890537884727,0.0797131272490389,0.08696374808833558,0.6366682726085666,,21.0,0.0,,,,,,,,,,,,,,,,,,,,,,,,,,,,,,,,,,,,,,,
development,18432,2023-07-19T09:40:00+00:00,36,local_3_rolling_validation_blocks,1,3,False,branch1_validation_performance,fusion,,,,0.18645734227407204,0.12086732356197621,0.10391553582515589,0.11754945779833897,0.08696374808833558,0.5526115144980427,,,,0.0,,,,,,,,,,,,,,,,,,,,,,,,,,,,,,,,,,,,,,
development,18432,2023-07-19T09:40:00+00:00,36,local_3_rolling_validation_blocks,1,3,False,branch1_validation_performance,fusion,,,,0.20096522663639793,0.12581835923771853,0.1221062198166038,0.11156465643710768,0.11839408039548907,0.6656540277944669,,,,0.1,,,,,,,,,,,,,,,,,,,,,,,,,,,,,,,,,,,,,,
development,18432,2023-07-19T09:40:00+00:00,36,local_3_rolling_validation_blocks,1,3,False,branch1_validation_performance,fusion,,,,0.19517152417223782,0.13774515595958559,0.12476101214380335,0.10013826642180922,0.11177686832802111,0.6763801582558803,,,,0.2,,,,,,,,,,,,,,,,,,,,,,,,,,,,,,,,,,,,,,
development,18432,2023-07-19T09:40:00+00:00,36,local_3_rolling_validation_blocks,1,3,False,branch1_validation_performance,fusion,,,,0.19133401618675058,0.15622384142858387,0.13059062699405283,0.08841696546890118,0.10495741255952182,0.6813421491941826,,,,0.3,,,,,,,,,,,,,,,,,,,,,,,,,,,,,,,,,,,,,,
development,18432,2023-07-19T09:40:00+00:00,36,local_3_rolling_validation_blocks,1,3,False,branch1_validation_performance,fusion,,,,0.19053679573160512,0.17790511740677808,0.13930826023222115,0.07900551006939573,0.10071140305766418,0.6853591977702633,,,,0.4,,,,,,,,,,,,,,,,,,,,,,,,,,,,,,,,,,,,,,
development,18432,2023-07-19T09:40:00+00:00,36,local_3_rolling_validation_blocks,1,3,False,branch1_validation_performance,fusion,,,,0.18404380529874367,0.18928938778019477,0.14388804835978336,0.06781708765588991,0.09848670893937195,0.6845427891529655,,,,0.5,,,,,,,,,,,,,,,,,,,,,,,,,,,,,,,,,,,,,,
development,18432,2023-07-19T09:40:00+00:00,36,local_3_rolling_validation_blocks,1,3,False,branch1_validation_performance,fusion,,,,0.17593168936444156,0.19456853911023353,0.14590938467753295,0.0581476835092974,0.09725023024483237,0.68149664289849,,,,0.6,,,,,,,,,,,,,,,,,,,,,,,,,,,,,,,,,,,,,,
development,18432,2023-07-19T09:40:00+00:00,36,local_3_rolling_validation_blocks,1,3,False,branch1_validation_performance,fusion,,,,0.1690826787038535,0.19751509354670735,0.14705003903013733,0.05165935449548846,0.09658498451356731,0.6777640896633527,,,,0.7,,,,,,,,,,,,,,,,,,,,,,,,,,,,,,,,,,,,,,
development,18432,2023-07-19T09:40:00+00:00,36,local_3_rolling_validation_blocks,1,3,False,branch1_validation_performance,fusion,,,,0.16281483907178038,0.19293857171405115,0.1445526370577498,0.04719973686203245,0.0961667024014484,0.673345896517397,,,,0.8,,,,,,,,,,,,,,,,,,,,,,,,,,,,,,,,,,,,,,
development,18432,2023-07-19T09:40:00+00:00,36,local_3_rolling_validation_blocks,1,3,False,branch1_validation_performance,fusion,,,,0.158717467806444,0.17914283161672204,0.13752449412134501,0.04531013438316713,0.095906156625968,0.6693185078149472,,,,0.9,,,,,,,,,,,,,,,,,,,,,,,,,,,,,,,,,,,,,,
development,18432,2023-07-19T09:40:00+00:00,36,local_3_rolling_validation_blocks,1,3,False,branch1_validation_performance,fusion,,,,0.15590179928991138,0.16972731184220707,0.132729958964976,0.04456909745593735,0.09573260608774493,0.6659019676123709,,,,1.0,,,,,,,,,,,,,,,,,,,,,,,,,,,,,,,,,,,,,,
development,18720,2023-07-20T09:40:00+00:00,36,local_3_rolling_validation_blocks,1,3,False,branch1_validation_performance,branch1,7.0,3.0,all_1_6_24,0.19348434864188702,0.13835468057068,0.12650026082743976,0.09522300607328626,0.11464584108419948,0.6947176837354262,"{'1': 0.16043843104379077, '6': 0.1810852641183743, '24': 0.1761453754611205}",,,,,,,,,,,,,,,,,,,,,,,,,,,,,,,,,,,,,,,,,
development,18720,2023-07-20T09:40:00+00:00,36,local_3_rolling_validation_blocks,1,3,False,branch1_validation_performance,branch1,7.0,7.0,all_1_6_24,0.19041104818642549,0.13980385300633147,0.12900071060703178,0.08729412569218631,0.11819756820773206,0.6966454083610593,"{'1': 0.16561510516590128, '6': 0.18124630561424473, '24': 0.17215026304517686}",,,,,,,,,,,,,,,,,,,,,,,,,,,,,,,,,,,,,,,,,
development,18720,2023-07-20T09:40:00+00:00,36,local_3_rolling_validation_blocks,1,3,False,branch1_validation_performance,branch1,7.0,14.0,all_1_6_24,0.18846074373185187,0.14044466814539902,0.1295955007795297,0.08371799852696109,0.11874633341366038,0.6961300815535827,"{'1': 0.16660313524002315, '6': 0.18026565805985886, '24': 0.16991387309920725}",,,,,,,,,,,,,,,,,,,,,,,,,,,,,,,,,,,,,,,,,
development,18720,2023-07-20T09:40:00+00:00,36,local_3_rolling_validation_blocks,1,3,False,branch1_validation_performance,branch1,14.0,3.0,all_1_6_24,0.18990815242313283,0.135807252928811,0.12191727630134233,0.09682013963405757,0.10802729967387366,0.6802495614693126,"{'1': 0.16838032402525524, '6': 0.1820388788377371, '24': 0.16331371161546185}",,,,,,,,,,,,,,,,,,,,,,,,,,,,,,,,,,,,,,,,,
development,18720,2023-07-20T09:40:00+00:00,36,local_3_rolling_validation_blocks,1,3,False,branch1_validation_performance,branch1,14.0,7.0,all_1_6_24,0.1745530367851862,0.13339847007543593,0.12269900765326339,0.07385119952881096,0.11199954523109083,0.6716005996280225,"{'1': 0.16365810268709177, '6': 0.17278247077922226, '24': 0.15204198602456198}",,,,,,,,,,,,,,,,,,,,,,,,,,,,,,,,,,,,,,,,,
development,18720,2023-07-20T09:40:00+00:00,36,local_3_rolling_validation_blocks,1,3,False,branch1_validation_performance,branch1,14.0,14.0,all_1_6_24,0.1664639834948337,0.13162790785787326,0.1228669120437166,0.06206914942222156,0.11410591622955993,0.6671858491170144,"{'1': 0.16043657652864066, '6': 0.16782692888746598, '24': 0.1465364572596761}",,,,,,,,,,,,,,,,,,,,,,,,,,,,,,,,,,,,,,,,,
development,18720,2023-07-20T09:40:00+00:00,36,local_3_rolling_validation_blocks,1,3,False,branch1_validation_performance,branch1,21.0,3.0,all_1_6_24,0.1833154623157807,0.1331248894138054,0.11501276695754499,0.09772008855047984,0.09690064450128458,0.6640489724658024,"{'1': 0.1617741590242042, '6': 0.17454592997816276, '24': 0.15960771828435874}",,,,,,,,,,,,,,,,,,,,,,,,,,,,,,,,,,,,,,,,,
development,18720,2023-07-20T09:40:00+00:00,36,local_3_rolling_validation_blocks,1,3,False,branch1_validation_performance,branch1,21.0,7.0,all_1_6_24,0.15087976599897243,0.12331617763657193,0.10470251772521824,0.06704964881689458,0.08608885781386456,0.6236748122477492,"{'1': 0.14110211731812936, '6': 0.14707269217663652, '24': 0.1388369396002896}",,,,,,,,,,,,,,,,,,,,,,,,,,,,,,,,,,,,,,,,,
development,18720,2023-07-20T09:40:00+00:00,36,local_3_rolling_validation_blocks,1,3,False,branch1_validation_performance,branch1,21.0,14.0,all_1_6_24,0.13223131971327848,0.11686249378239821,0.10000262989912072,0.047611765713768926,0.08314276601584322,0.600150613836408,"{'1': 0.12532525412999218, '6': 0.12939782330970076, '24': 0.12703700204004512}",,,,,,,,,,,,,,,,,,,,,,,,,,,,,,,,,,,,,,,,,
development,18720,2023-07-20T09:40:00+00:00,36,local_3_rolling_validation_blocks,1,3,False,branch1_validation_performance,branch2,,,history_only,0.2009763824995584,0.09787287589525948,0.0750495244784091,0.1790598151142668,0.05222617306155872,0.5282508692064015,,7.0,0.0,,,,,,,,,,,,,,,,,,,,,,,,,,,,,,,,,,,,,,,
development,18720,2023-07-20T09:40:00+00:00,36,local_3_rolling_validation_blocks,1,3,False,branch1_validation_performance,branch2,,,history_only,0.23093172888725919,0.1880065137024347,0.13097449102457986,0.14883323959863287,0.07394246834672502,0.562357767271665,,14.0,0.0,,,,,,,,,,,,,,,,,,,,,,,,,,,,,,,,,,,,,,,
development,18720,2023-07-20T09:40:00+00:00,36,local_3_rolling_validation_blocks,1,3,False,branch1_validation_performance,branch2,,,history_only,0.2466242109768495,0.27079722467369793,0.19024822942172576,0.10335342124643057,0.10969923416975355,0.6979956192915866,,21.0,0.0,,,,,,,,,,,,,,,,,,,,,,,,,,,,,,,,,,,,,,,
development,18720,2023-07-20T09:40:00+00:00,36,local_3_rolling_validation_blocks,1,3,False,branch1_validation_performance,fusion,,,,0.2009763824995584,0.09787287589525948,0.0750495244784091,0.1790598151142668,0.05222617306155872,0.5282508692064015,,,,0.0,,,,,,,,,,,,,,,,,,,,,,,,,,,,,,,,,,,,,,
development,18720,2023-07-20T09:40:00+00:00,36,local_3_rolling_validation_blocks,1,3,False,branch1_validation_performance,fusion,,,,0.24062452053739,0.13749809238043154,0.09686628373702799,0.2059939089997259,0.056234475093624454,0.5894834862561394,,,,0.1,,,,,,,,,,,,,,,,,,,,,,,,,,,,,,,,,,,,,,
development,18720,2023-07-20T09:40:00+00:00,36,local_3_rolling_validation_blocks,1,3,False,branch1_validation_performance,fusion,,,,0.25240505393764595,0.13924807811589196,0.10091203594147519,0.21651798329371016,0.06257599376705841,0.6209304375561546,,,,0.2,,,,,,,,,,,,,,,,,,,,,,,,,,,,,,,,,,,,,,
development,18720,2023-07-20T09:40:00+00:00,36,local_3_rolling_validation_blocks,1,3,False,branch1_validation_performance,fusion,,,,0.2504252062288097,0.13882841244891514,0.10494226381927227,0.20759597084298242,0.07105611518962941,0.6477426923036692,,,,0.3,,,,,,,,,,,,,,,,,,,,,,,,,,,,,,,,,,,,,,
development,18720,2023-07-20T09:40:00+00:00,36,local_3_rolling_validation_blocks,1,3,False,branch1_validation_performance,fusion,,,,0.2510808707728984,0.14143273614735558,0.11045493454727028,0.2004770743501237,0.07947713294718498,0.6675722206286717,,,,0.4,,,,,,,,,,,,,,,,,,,,,,,,,,,,,,,,,,,,,,
development,18720,2023-07-20T09:40:00+00:00,36,local_3_rolling_validation_blocks,1,3,False,branch1_validation_performance,fusion,,,,0.25085050540931764,0.14127491329208497,0.11434307652025019,0.19429901056124152,0.08741123974841543,0.6805280221991806,,,,0.5,,,,,,,,,,,,,,,,,,,,,,,,,,,,,,,,,,,,,,
development,18720,2023-07-20T09:40:00+00:00,36,local_3_rolling_validation_blocks,1,3,False,branch1_validation_performance,fusion,,,,0.24696877001606318,0.1412025833799915,0.11796948056305634,0.18341615178721166,0.09473637774612118,0.6892475308942384,,,,0.6,,,,,,,,,,,,,,,,,,,,,,,,,,,,,,,,,,,,,,
development,18720,2023-07-20T09:40:00+00:00,36,local_3_rolling_validation_blocks,1,3,False,branch1_validation_performance,fusion,,,,0.236739871956365,0.1406594966299839,0.12105749237897259,0.16438060997721185,0.10145548812796129,0.6944952421789224,,,,0.7,,,,,,,,,,,,,,,,,,,,,,,,,,,,,,,,,,,,,,
development,18720,2023-07-20T09:40:00+00:00,36,local_3_rolling_validation_blocks,1,3,False,branch1_validation_performance,fusion,,,,0.22174600845863823,0.14018739488777715,0.12388508631431243,0.13903487695212274,0.10758277774084771,0.6970971434545999,,,,0.8,,,,,,,,,,,,,,,,,,,,,,,,,,,,,,,,,,,,,,
development,18720,2023-07-20T09:40:00+00:00,36,local_3_rolling_validation_blocks,1,3,False,branch1_validation_performance,fusion,,,,0.20456138310609231,0.1401429336943833,0.12666259462646956,0.11071399574629204,0.11318225555855584,0.6976544506786043,,,,0.9,,,,,,,,,,,,,,,,,,,,,,,,,,,,,,,,,,,,,,
development,18720,2023-07-20T09:40:00+00:00,36,local_3_rolling_validation_blocks,1,3,False,branch1_validation_performance,fusion,,,,0.1903947221448459,0.13995290331820695,0.12905649450518852,0.087200406095934,0.1181600856921701,0.6966222863533806,,,,1.0,,,,,,,,,,,,,,,,,,,,,,,,,,,,,,,,,,,,,,
development,19008,2023-07-21T09:40:00+00:00,36,local_3_rolling_validation_blocks,1,3,False,branch1_validation_performance,branch1,7.0,3.0,all_1_6_24,0.20061632474888325,0.1221472251833764,0.11285870592938176,0.12433952327542143,0.10357018667538712,0.693122663882556,"{'1': 0.14979649961593133, '6': 0.17029720296204173, '24': 0.17816600183829212}",,,,,,,,,,,,,,,,,,,,,,,,,,,,,,,,,,,,,,,,,
development,19008,2023-07-21T09:40:00+00:00,36,local_3_rolling_validation_blocks,1,3,False,branch1_validation_performance,branch1,7.0,7.0,all_1_6_24,0.1944729315159143,0.12052634146774936,0.11249951080787804,0.11611303434777795,0.1044726801480067,0.6898623908660307,"{'1': 0.1513370808663704, '6': 0.171214109182801, '24': 0.17392970595883148}",,,,,,,,,,,,,,,,,,,,,,,,,,,,,,,,,,,,,,,,,
development,19008,2023-07-21T09:40:00+00:00,36,local_3_rolling_validation_blocks,1,3,False,branch1_validation_performance,branch1,7.0,14.0,all_1_6_24,0.19134050449358067,0.1204445493573611,0.11274461110447337,0.11132903910479075,0.10504467285158564,0.6888838920713859,"{'1': 0.1516191427940439, '6': 0.17126055498489723, '24': 0.17224281496979735}",,,,,,,,,,,,,,,,,,,,,,,,,,,,,,,,,,,,,,,,,
development,19008,2023-07-21T09:40:00+00:00,36,local_3_rolling_validation_blocks,1,3,False,branch1_validation_performance,branch1,14.0,3.0,all_1_6_24,0.19207082226560437,0.11120065672841507,0.10816684955483286,0.11868398908001075,0.10513304238125062,0.6755854302614402,"{'1': 0.1510251862612755, '6': 0.16844545608338676, '24': 0.1659490657630878}",,,,,,,,,,,,,,,,,,,,,,,,,,,,,,,,,,,,,,,,,
development,19008,2023-07-21T09:40:00+00:00,36,local_3_rolling_validation_blocks,1,3,False,branch1_validation_performance,branch1,14.0,7.0,all_1_6_24,0.16923680971428626,0.10624976304981468,0.10426101804686763,0.0919039919884155,0.10227227304392059,0.648052064868336,"{'1': 0.14858022372318316, '6': 0.15938355377663882, '24': 0.14837465264427815}",,,,,,,,,,,,,,,,,,,,,,,,,,,,,,,,,,,,,,,,,
development,19008,2023-07-21T09:40:00+00:00,36,local_3_rolling_validation_blocks,1,3,False,branch1_validation_performance,branch1,14.0,14.0,all_1_6_24,0.159645829019102,0.1065862585634115,0.10336007335314956,0.07964365278611474,0.10013388814288762,0.6425794965377415,"{'1': 0.14594400439802285, '6': 0.15596611334388807, '24': 0.14152290988795288}",,,,,,,,,,,,,,,,,,,,,,,,,,,,,,,,,,,,,,,,,
development,19008,2023-07-21T09:40:00+00:00,36,local_3_rolling_validation_blocks,1,3,False,branch1_validation_performance,branch1,21.0,3.0,all_1_6_24,0.18652494099211633,0.1029696077248884,0.10171165049250525,0.11994850337405287,0.1004536932601221,0.6601117337777537,"{'1': 0.1471341677206718, '6': 0.16574818188794846, '24': 0.1617209488489687}",,,,,,,,,,,,,,,,,,,,,,,,,,,,,,,,,,,,,,,,,
development,19008,2023-07-21T09:40:00+00:00,36,local_3_rolling_validation_blocks,1,3,False,branch1_validation_performance,branch1,21.0,7.0,all_1_6_24,0.14827679997013996,0.0934551992265038,0.08876008255922765,0.0842566043885404,0.0840649658919515,0.6013883704682632,"{'1': 0.13381868073515543, '6': 0.14148760007090214, '24': 0.1351913298581542}",,,,,,,,,,,,,,,,,,,,,,,,,,,,,,,,,,,,,,,,,
development,19008,2023-07-21T09:40:00+00:00,36,local_3_rolling_validation_blocks,1,3,False,branch1_validation_performance,branch1,21.0,14.0,all_1_6_24,0.1334085099582827,0.09027285903249017,0.08511998161229087,0.06841977323928403,0.07996710419209158,0.5812190649458934,"{'1': 0.1259288758317141, '6': 0.13071923992971582, '24': 0.12445781461547763}",,,,,,,,,,,,,,,,,,,,,,,,,,,,,,,,,,,,,,,,,
development,19008,2023-07-21T09:40:00+00:00,36,local_3_rolling_validation_blocks,1,3,False,branch1_validation_performance,branch2,,,history_only,0.2350565058051309,0.10718605060452012,0.08394108690988758,0.21455059670672763,0.06069612321525503,0.5535237425795644,,7.0,0.0,,,,,,,,,,,,,,,,,,,,,,,,,,,,,,,,,,,,,,,
development,19008,2023-07-21T09:40:00+00:00,36,local_3_rolling_validation_blocks,1,3,False,branch1_validation_performance,branch2,,,history_only,0.2989519219659631,0.37337503484569,0.2130643507360251,0.17856752245773735,0.05275366662636015,0.5451892352101891,,14.0,0.0,,,,,,,,,,,,,,,,,,,,,,,,,,,,,,,,,,,,,,,
development,19008,2023-07-21T09:40:00+00:00,36,local_3_rolling_validation_blocks,1,3,False,branch1_validation_performance,branch2,,,history_only,0.3338953425722097,0.371995739923607,0.265479481645395,0.13009715179219603,0.1589632233671829,0.7290511944059439,,21.0,0.0,,,,,,,,,,,,,,,,,,,,,,,,,,,,,,,,,,,,,,,
development,19008,2023-07-21T09:40:00+00:00,36,local_3_rolling_validation_blocks,1,3,False,branch1_validation_performance,fusion,,,,0.2350565058051309,0.10718605060452012,0.08394108690988758,0.21455059670672763,0.06069612321525503,0.5535237425795644,,,,0.0,,,,,,,,,,,,,,,,,,,,,,,,,,,,,,,,,,,,,,
development,19008,2023-07-21T09:40:00+00:00,36,local_3_rolling_validation_blocks,1,3,False,branch1_validation_performance,fusion,,,,0.26743124038473787,0.12962542730893917,0.0978504430776537,0.24122270494132947,0.06607545884636822,0.608386898239793,,,,0.1,,,,,,,,,,,,,,,,,,,,,,,,,,,,,,,,,,,,,,
development,19008,2023-07-21T09:40:00+00:00,36,local_3_rolling_validation_blocks,1,3,False,branch1_validation_performance,fusion,,,,0.27126380760524604,0.12049733661234782,0.09761587935644336,0.24628488929348705,0.07473442210053889,0.6308128554308751,,,,0.2,,,,,,,,,,,,,,,,,,,,,,,,,,,,,,,,,,,,,,
development,19008,2023-07-21T09:40:00+00:00,36,local_3_rolling_validation_blocks,1,3,False,branch1_validation_performance,fusion,,,,0.267591064570744,0.11604932967469431,0.0965236327993609,0.24245061555849245,0.07699793592402748,0.6420376731468567,,,,0.3,,,,,,,,,,,,,,,,,,,,,,,,,,,,,,,,,,,,,,
development,19008,2023-07-21T09:40:00+00:00,36,local_3_rolling_validation_blocks,1,3,False,branch1_validation_performance,fusion,,,,0.2662085931846429,0.11225462748526438,0.09786590008443258,0.23836222077181926,0.08347717268360076,0.6607424751888935,,,,0.4,,,,,,,,,,,,,,,,,,,,,,,,,,,,,,,,,,,,,,
development,19008,2023-07-21T09:40:00+00:00,36,local_3_rolling_validation_blocks,1,3,False,branch1_validation_performance,fusion,,,,0.264721187755289,0.10904628703275171,0.10179202498704984,0.230492748344217,0.09453776294134797,0.6816057655889214,,,,0.5,,,,,,,,,,,,,,,,,,,,,,,,,,,,,,,,,,,,,,
development,19008,2023-07-21T09:40:00+00:00,36,local_3_rolling_validation_blocks,1,3,False,branch1_validation_performance,fusion,,,,0.25985083398993364,0.10697311550214392,0.1058512682222506,0.21779020074561692,0.10472942094235729,0.6927850289754423,,,,0.6,,,,,,,,,,,,,,,,,,,,,,,,,,,,,,,,,,,,,,
development,19008,2023-07-21T09:40:00+00:00,36,local_3_rolling_validation_blocks,1,3,False,branch1_validation_performance,fusion,,,,0.24930773648410456,0.11109121693332896,0.10841358019417421,0.19926642060059668,0.10573594345501947,0.6963781597504939,,,,0.7,,,,,,,,,,,,,,,,,,,,,,,,,,,,,,,,,,,,,,
development,19008,2023-07-21T09:40:00+00:00,36,local_3_rolling_validation_blocks,1,3,False,branch1_validation_performance,fusion,,,,0.23334258621632883,0.11512059149203556,0.11011977332954793,0.1743112026032485,0.10511895516706031,0.6960795127044864,,,,0.8,,,,,,,,,,,,,,,,,,,,,,,,,,,,,,,,,,,,,,
development,19008,2023-07-21T09:40:00+00:00,36,local_3_rolling_validation_blocks,1,3,False,branch1_validation_performance,fusion,,,,0.21460546122596244,0.11790513944672713,0.1113365719614683,0.1461427077632806,0.10476800447620947,0.6936333189845169,,,,0.9,,,,,,,,,,,,,,,,,,,,,,,,,,,,,,,,,,,,,,
development,19008,2023-07-21T09:40:00+00:00,36,local_3_rolling_validation_blocks,1,3,False,branch1_validation_performance,fusion,,,,0.19408951492297,0.12071756481476034,0.11260923421120296,0.1154205454263716,0.10450090360764558,0.6900945521127335,,,,1.0,,,,,,,,,,,,,,,,,,,,,,,,,,,,,,,,,,,,,,
development,19296,2023-07-22T09:40:00+00:00,36,local_3_rolling_validation_blocks,1,3,False,branch1_validation_performance,branch1,7.0,3.0,all_1_6_24,0.23893596982007223,0.17977115000211372,0.14163165969972863,0.1410886412260362,0.10349216939734351,0.7366217027999525,"{'1': 0.1830214090217287, '6': 0.20500595040219308, '24': 0.2074549213968079}",,,,,,,,,,,,,,,,,,,,,,,,,,,,,,,,,,,,,,,,,
development,19296,2023-07-22T09:40:00+00:00,36,local_3_rolling_validation_blocks,1,3,False,branch1_validation_performance,branch1,7.0,7.0,all_1_6_24,0.2340420308970241,0.17040345258927955,0.1335282243239696,0.14530165953407637,0.09665299605865964,0.7202000439985198,"{'1': 0.183253626909518, '6': 0.19807925583681354, '24': 0.20100991744030292}",,,,,,,,,,,,,,,,,,,,,,,,,,,,,,,,,,,,,,,,,
development,19296,2023-07-22T09:40:00+00:00,36,local_3_rolling_validation_blocks,1,3,False,branch1_validation_performance,branch1,7.0,14.0,all_1_6_24,0.23152125204549837,0.16590156645962809,0.13031032673629428,0.14605407800053533,0.09471908701296047,0.7151241211462226,"{'1': 0.18121263690795242, '6': 0.19684626083280932, '24': 0.19864060892506696}",,,,,,,,,,,,,,,,,,,,,,,,,,,,,,,,,,,,,,,,,
development,19296,2023-07-22T09:40:00+00:00,36,local_3_rolling_validation_blocks,1,3,False,branch1_validation_performance,branch1,14.0,3.0,all_1_6_24,0.2387476621918231,0.1721461359020916,0.13872074550467878,0.14406806009436468,0.10529535510726598,0.7344851354687516,"{'1': 0.17861758763076577, '6': 0.20684623794042936, '24': 0.19606611870860094}",,,,,,,,,,,,,,,,,,,,,,,,,,,,,,,,,,,,,,,,,
development,19296,2023-07-22T09:40:00+00:00,36,local_3_rolling_validation_blocks,1,3,False,branch1_validation_performance,branch1,14.0,7.0,all_1_6_24,0.20839518865557707,0.15322177355807293,0.1265519034743994,0.11777450759261036,0.09988203339072589,0.7057605091697203,"{'1': 0.17096561580205205, '6': 0.19165864281758704, '24': 0.16743179190885538}",,,,,,,,,,,,,,,,,,,,,,,,,,,,,,,,,,,,,,,,,
development,19296,2023-07-22T09:40:00+00:00,36,local_3_rolling_validation_blocks,1,3,False,branch1_validation_performance,branch1,14.0,14.0,all_1_6_24,0.1900612759106438,0.14373551990953265,0.12113114571843796,0.0992137298210766,0.09852677152734327,0.6900091785522656,"{'1': 0.16641496844281747, '6': 0.1832948508023424, '24': 0.15468442655645123}",,,,,,,,,,,,,,,,,,,,,,,,,,,,,,,,,,,,,,,,,
development,19296,2023-07-22T09:40:00+00:00,36,local_3_rolling_validation_blocks,1,3,False,branch1_validation_performance,branch1,21.0,3.0,all_1_6_24,0.23269414260280866,0.1684218872723818,0.1337285770256837,0.14279630080613512,0.09903526677898555,0.7237615266027001,"{'1': 0.1732211220603627, '6': 0.20173110067451028, '24': 0.18958560034348385}",,,,,,,,,,,,,,,,,,,,,,,,,,,,,,,,,,,,,,,,,
development,19296,2023-07-22T09:40:00+00:00,36,local_3_rolling_validation_blocks,1,3,False,branch1_validation_performance,branch1,21.0,7.0,all_1_6_24,0.17888823163613785,0.13317985088526685,0.10917821550500555,0.10051380518096403,0.08517658012474424,0.6649912516993536,"{'1': 0.15709009208216496, '6': 0.17135147890940114, '24': 0.14975026120731552}",,,,,,,,,,,,,,,,,,,,,,,,,,,,,,,,,,,,,,,,,
development,19296,2023-07-22T09:40:00+00:00,36,local_3_rolling_validation_blocks,1,3,False,branch1_validation_performance,branch1,21.0,14.0,all_1_6_24,0.15260758688082424,0.10843514674411109,0.09485487169796186,0.08242391321013391,0.08127459665181264,0.6286372765154377,"{'1': 0.14265857723723585, '6': 0.15082502413739415, '24': 0.1350287077547583}",,,,,,,,,,,,,,,,,,,,,,,,,,,,,,,,,,,,,,,,,
development,19296,2023-07-22T09:40:00+00:00,36,local_3_rolling_validation_blocks,1,3,False,branch1_validation_performance,branch2,,,history_only,0.36305299550942327,0.3609327206779155,0.24076719635864133,0.19883192777948958,0.12060167203936717,0.7099589372114973,,7.0,0.0,,,,,,,,,,,,,,,,,,,,,,,,,,,,,,,,,,,,,,,
development,19296,2023-07-22T09:40:00+00:00,36,local_3_rolling_validation_blocks,1,3,False,branch1_validation_performance,branch2,,,history_only,0.32360695358017494,0.3511375215179969,0.20364325118547036,0.2080519637937602,0.056148980852943856,0.6261530329007607,,14.0,0.0,,,,,,,,,,,,,,,,,,,,,,,,,,,,,,,,,,,,,,,
development,19296,2023-07-22T09:40:00+00:00,36,local_3_rolling_validation_blocks,1,3,False,branch1_validation_performance,branch2,,,history_only,0.34533793705599436,0.2888826839888613,0.2362397263991995,0.16016354077281986,0.18359676880953768,0.7905287027820317,,21.0,0.0,,,,,,,,,,,,,,,,,,,,,,,,,,,,,,,,,,,,,,,
development,19296,2023-07-22T09:40:00+00:00,36,local_3_rolling_validation_blocks,1,3,False,branch1_validation_performance,fusion,,,,0.36305299550942327,0.3609327206779155,0.24076719635864133,0.19883192777948958,0.12060167203936717,0.7099589372114973,,,,0.0,,,,,,,,,,,,,,,,,,,,,,,,,,,,,,,,,,,,,,
development,19296,2023-07-22T09:40:00+00:00,36,local_3_rolling_validation_blocks,1,3,False,branch1_validation_performance,fusion,,,,0.38682269052747026,0.3637319413755667,0.24903386157329443,0.21619888014513822,0.1343357817710222,0.7784761189962343,,,,0.1,,,,,,,,,,,,,,,,,,,,,,,,,,,,,,,,,,,,,,
development,19296,2023-07-22T09:40:00+00:00,36,local_3_rolling_validation_blocks,1,3,False,branch1_validation_performance,fusion,,,,0.38922571198946154,0.3482197220356794,0.23225236204644878,0.24134391278818487,0.11628500205721815,0.7785385982417913,,,,0.2,,,,,,,,,,,,,,,,,,,,,,,,,,,,,,,,,,,,,,
development,19296,2023-07-22T09:40:00+00:00,36,local_3_rolling_validation_blocks,1,3,False,branch1_validation_performance,fusion,,,,0.37972504248595157,0.32305511867617787,0.21544043890619569,0.24839378980705676,0.10782575913621353,0.777762807850103,,,,0.3,,,,,,,,,,,,,,,,,,,,,,,,,,,,,,,,,,,,,,
development,19296,2023-07-22T09:40:00+00:00,36,local_3_rolling_validation_blocks,1,3,False,branch1_validation_performance,fusion,,,,0.36712653490715424,0.30270361553203706,0.202751690808395,0.2463705276927888,0.10279976608475294,0.7765737352860813,,,,0.4,,,,,,,,,,,,,,,,,,,,,,,,,,,,,,,,,,,,,,
development,19296,2023-07-22T09:40:00+00:00,36,local_3_rolling_validation_blocks,1,3,False,branch1_validation_performance,fusion,,,,0.35294461374316305,0.2733209062599531,0.18671041863613214,0.2454965029419405,0.10009993101231116,0.7707225384356703,,,,0.5,,,,,,,,,,,,,,,,,,,,,,,,,,,,,,,,,,,,,,
development,19296,2023-07-22T09:40:00+00:00,36,local_3_rolling_validation_blocks,1,3,False,branch1_validation_performance,fusion,,,,0.34226657203695937,0.24354086889642887,0.17107744681757375,0.2492229220590992,0.09861402473871865,0.7618727044882515,,,,0.6,,,,,,,,,,,,,,,,,,,,,,,,,,,,,,,,,,,,,,
development,19296,2023-07-22T09:40:00+00:00,36,local_3_rolling_validation_blocks,1,3,False,branch1_validation_performance,fusion,,,,0.3316640520527918,0.21853816736199533,0.15816295735208558,0.25027059431845766,0.09778774734217582,0.7534325811518281,,,,0.7,,,,,,,,,,,,,,,,,,,,,,,,,,,,,,,,,,,,,,
development,19296,2023-07-22T09:40:00+00:00,36,local_3_rolling_validation_blocks,1,3,False,branch1_validation_performance,fusion,,,,0.31200960406218026,0.19625543335239368,0.14676013869918722,0.23716652602629631,0.09726484404598076,0.7444098335612348,,,,0.8,,,,,,,,,,,,,,,,,,,,,,,,,,,,,,,,,,,,,,
development,19296,2023-07-22T09:40:00+00:00,36,local_3_rolling_validation_blocks,1,3,False,branch1_validation_performance,fusion,,,,0.2787787588400227,0.1807777643649527,0.13883941992449053,0.20084468371149444,0.09690107548402838,0.7339910906514359,,,,0.9,,,,,,,,,,,,,,,,,,,,,,,,,,,,,,,,,,,,,,
development,19296,2023-07-22T09:40:00+00:00,36,local_3_rolling_validation_blocks,1,3,False,branch1_validation_performance,fusion,,,,0.23432003177533386,0.17024665591142574,0.1334496194332141,0.14578189679972073,0.09665258295500247,0.7202172043976413,,,,1.0,,,,,,,,,,,,,,,,,,,,,,,,,,,,,,,,,,,,,,
development,19584,2023-07-23T09:40:00+00:00,36,local_3_rolling_validation_blocks,1,3,False,branch1_validation_performance,branch1,7.0,3.0,all_1_6_24,0.23254644165385976,0.2447881070991187,0.18042060796638193,0.09053353911653102,0.11605310883364514,0.7423942682595229,"{'1': 0.19730849568175002, '6': 0.19503863545792618, '24': 0.2263658855402337}",,,,,,,,,,,,,,,,,,,,,,,,,,,,,,,,,,,,,,,,,
development,19584,2023-07-23T09:40:00+00:00,36,local_3_rolling_validation_blocks,1,3,False,branch1_validation_performance,branch1,7.0,7.0,all_1_6_24,0.23000858418851752,0.2514927978328726,0.1852708195282845,0.08322560972423701,0.11904884122369641,0.7425301330272793,"{'1': 0.20308189956452274, '6': 0.195111671025731, '24': 0.21536188940718856}",,,,,,,,,,,,,,,,,,,,,,,,,,,,,,,,,,,,,,,,,
development,19584,2023-07-23T09:40:00+00:00,36,local_3_rolling_validation_blocks,1,3,False,branch1_validation_performance,branch1,7.0,14.0,all_1_6_24,0.2272149309036522,0.25088684010982004,0.1850836467029432,0.08022965199037733,0.11928045329606632,0.7411985991946323,"{'1': 0.2045357410352199, '6': 0.19398739008617635, '24': 0.211166246434096}",,,,,,,,,,,,,,,,,,,,,,,,,,,,,,,,,,,,,,,,,
development,19584,2023-07-23T09:40:00+00:00,36,local_3_rolling_validation_blocks,1,3,False,branch1_validation_performance,branch1,14.0,3.0,all_1_6_24,0.21982721166559274,0.22088642648403384,0.16397871720974033,0.09163569309609891,0.10707100793544683,0.7217064307983613,"{'1': 0.18292034540693144, '6': 0.198170664392502, '24': 0.2078988914854029}",,,,,,,,,,,,,,,,,,,,,,,,,,,,,,,,,,,,,,,,,
development,19584,2023-07-23T09:40:00+00:00,36,local_3_rolling_validation_blocks,1,3,False,branch1_validation_performance,branch1,14.0,7.0,all_1_6_24,0.18758018829781195,0.17219226977493193,0.1412530315577949,0.07021800726451431,0.11031379334065788,0.7026223941570636,"{'1': 0.1689428451979648, '6': 0.1793522896583527, '24': 0.17983423231040752}",,,,,,,,,,,,,,,,,,,,,,,,,,,,,,,,,,,,,,,,,
development,19584,2023-07-23T09:40:00+00:00,36,local_3_rolling_validation_blocks,1,3,False,branch1_validation_performance,branch1,14.0,14.0,all_1_6_24,0.17226976186611184,0.14932332088050257,0.13082282822264524,0.060529954864905255,0.11232233556478793,0.6893519517993053,"{'1': 0.16230038062339336, '6': 0.17166933967755785, '24': 0.16146042315729656}",,,,,,,,,,,,,,,,,,,,,,,,,,,,,,,,,,,,,,,,,
development,19584,2023-07-23T09:40:00+00:00,36,local_3_rolling_validation_blocks,1,3,False,branch1_validation_performance,branch1,21.0,3.0,all_1_6_24,0.21228290023551932,0.21829168303122853,0.15723145873718397,0.09244939020521069,0.09617123444313938,0.7040430474325269,"{'1': 0.17753950326190981, '6': 0.18398412159678648, '24': 0.20343742845609414}",,,,,,,,,,,,,,,,,,,,,,,,,,,,,,,,,,,,,,,,,
development,19584,2023-07-23T09:40:00+00:00,36,local_3_rolling_validation_blocks,1,3,False,branch1_validation_performance,branch1,21.0,7.0,all_1_6_24,0.16267086353475532,0.15945435852343243,0.12255205850949845,0.06424087637572677,0.08564975849556447,0.6478716159046358,"{'1': 0.1476302114620878, '6': 0.15202468170144193, '24': 0.1574132080349706}",,,,,,,,,,,,,,,,,,,,,,,,,,,,,,,,,,,,,,,,,
development,19584,2023-07-23T09:40:00+00:00,36,local_3_rolling_validation_blocks,1,3,False,branch1_validation_performance,branch1,21.0,14.0,all_1_6_24,0.1409531353771541,0.1449299328822316,0.11380130898180543,0.046048208475782136,0.08267268508137926,0.6183579820397923,"{'1': 0.1292246470498282, '6': 0.13488760342218276, '24': 0.13924542377577684}",,,,,,,,,,,,,,,,,,,,,,,,,,,,,,,,,,,,,,,,,
development,19584,2023-07-23T09:40:00+00:00,36,local_3_rolling_validation_blocks,1,3,False,branch1_validation_performance,branch2,,,history_only,0.32504368240311515,0.45293928872973016,0.2529008027987376,0.19257757066768194,0.05286231686774501,0.6043571931184848,,7.0,0.0,,,,,,,,,,,,,,,,,,,,,,,,,,,,,,,,,,,,,,,
development,19584,2023-07-23T09:40:00+00:00,36,local_3_rolling_validation_blocks,1,3,False,branch1_validation_performance,branch2,,,history_only,0.3395894768401189,0.4142091682621652,0.292221967850251,0.12003310595568249,0.17023476743833688,0.6603647942474357,,14.0,0.0,,,,,,,,,,,,,,,,,,,,,,,,,,,,,,,,,,,,,,,
development,19584,2023-07-23T09:40:00+00:00,36,local_3_rolling_validation_blocks,1,3,False,branch1_validation_performance,branch2,,,history_only,0.34799229509901547,0.3603359006703858,0.31488385851744055,0.05974609529501549,0.2694318163644953,0.7416963048425728,,21.0,0.0,,,,,,,,,,,,,,,,,,,,,,,,,,,,,,,,,,,,,,,
development,19584,2023-07-23T09:40:00+00:00,36,local_3_rolling_validation_blocks,1,3,False,branch1_validation_performance,fusion,,,,0.32504368240311515,0.45293928872973016,0.2529008027987376,0.19257757066768194,0.05286231686774501,0.6043571931184848,,,,0.0,,,,,,,,,,,,,,,,,,,,,,,,,,,,,,,,,,,,,,
development,19584,2023-07-23T09:40:00+00:00,36,local_3_rolling_validation_blocks,1,3,False,branch1_validation_performance,fusion,,,,0.3597601162348421,0.4805518963666987,0.26862514648341007,0.21576174429352593,0.05669839660012142,0.6388326113797308,,,,0.1,,,,,,,,,,,,,,,,,,,,,,,,,,,,,,,,,,,,,,
development,19584,2023-07-23T09:40:00+00:00,36,local_3_rolling_validation_blocks,1,3,False,branch1_validation_performance,fusion,,,,0.3715774573576498,0.48643454169331957,0.2747379071349125,0.22052839657722378,0.06304127257650538,0.6673351333577019,,,,0.2,,,,,,,,,,,,,,,,,,,,,,,,,,,,,,,,,,,,,,
development,19584,2023-07-23T09:40:00+00:00,36,local_3_rolling_validation_blocks,1,3,False,branch1_validation_performance,fusion,,,,0.36858839655066306,0.4822360826883507,0.2769633147101973,0.21185274152931308,0.07169054673204392,0.6997852937766426,,,,0.3,,,,,,,,,,,,,,,,,,,,,,,,,,,,,,,,,,,,,,
development,19584,2023-07-23T09:40:00+00:00,36,local_3_rolling_validation_blocks,1,3,False,branch1_validation_performance,fusion,,,,0.36493521816660596,0.4691266865844022,0.2746613252077034,0.20373987340926708,0.08019596383100465,0.7253333319690444,,,,0.4,,,,,,,,,,,,,,,,,,,,,,,,,,,,,,,,,,,,,,
development,19584,2023-07-23T09:40:00+00:00,36,local_3_rolling_validation_blocks,1,3,False,branch1_validation_performance,fusion,,,,0.3597038036037164,0.4531855969324124,0.2706859986206971,0.19507026459872007,0.08818640030898184,0.7396484411335355,,,,0.5,,,,,,,,,,,,,,,,,,,,,,,,,,,,,,,,,,,,,,
development,19584,2023-07-23T09:40:00+00:00,36,local_3_rolling_validation_blocks,1,3,False,branch1_validation_performance,fusion,,,,0.35071764920620674,0.43745662384333994,0.2665247193369714,0.18345401657830993,0.0955928148306029,0.7439352910543757,,,,0.6,,,,,,,,,,,,,,,,,,,,,,,,,,,,,,,,,,,,,,
development,19584,2023-07-23T09:40:00+00:00,36,local_3_rolling_validation_blocks,1,3,False,branch1_validation_performance,fusion,,,,0.3391477813705078,0.4342417274793945,0.26830868027101656,0.16849987317425413,0.10237563306263861,0.7464954599274239,,,,0.7,,,,,,,,,,,,,,,,,,,,,,,,,,,,,,,,,,,,,,
development,19584,2023-07-23T09:40:00+00:00,36,local_3_rolling_validation_blocks,1,3,False,branch1_validation_performance,fusion,,,,0.31881950691291777,0.42017039464955785,0.26434934445990366,0.14873061884982974,0.10852829427024946,0.7492784781833882,,,,0.8,,,,,,,,,,,,,,,,,,,,,,,,,,,,,,,,,,,,,,
development,19584,2023-07-23T09:40:00+00:00,36,local_3_rolling_validation_blocks,1,3,False,branch1_validation_performance,fusion,,,,0.28050088254964284,0.3596368558166792,0.23688722034344536,0.11768298546496479,0.11413758487021153,0.7490588543275059,,,,0.9,,,,,,,,,,,,,,,,,,,,,,,,,,,,,,,,,,,,,,
development,19584,2023-07-23T09:40:00+00:00,36,local_3_rolling_validation_blocks,1,3,False,branch1_validation_performance,fusion,,,,0.2305021394109464,0.2535783595210684,0.18632765842260549,0.08317375832157113,0.11907695732414258,0.7427900942456812,,,,1.0,,,,,,,,,,,,,,,,,,,,,,,,,,,,,,,,,,,,,,
development,19872,2023-07-24T09:40:00+00:00,36,local_3_rolling_validation_blocks,1,3,False,branch1_validation_performance,branch1,7.0,3.0,all_1_6_24,0.24512489481317581,0.23506358087914656,0.17822044279848887,0.1053874105226785,0.1213773047178312,0.7518616164051074,"{'1': 0.16282502283024378, '6': 0.20912769584277704, '24': 0.2621593008888097}",,,,,,,,,,,,,,,,,,,,,,,,,,,,,,,,,,,,,,,,,
development,19872,2023-07-24T09:40:00+00:00,36,local_3_rolling_validation_blocks,1,3,False,branch1_validation_performance,branch1,7.0,7.0,all_1_6_24,0.23054848380177292,0.2102307847173005,0.16515580164346585,0.0995334541370508,0.12008081856963121,0.7485422035752163,"{'1': 0.16659125303772934, '6': 0.20335079598359654, '24': 0.25748389755321693}",,,,,,,,,,,,,,,,,,,,,,,,,,,,,,,,,,,,,,,,,
development,19872,2023-07-24T09:40:00+00:00,36,local_3_rolling_validation_blocks,1,3,False,branch1_validation_performance,branch1,7.0,14.0,all_1_6_24,0.22157118593686242,0.1915161762787721,0.15580076672865603,0.0974776371201865,0.12008535717853996,0.7472622457932762,"{'1': 0.16714633744936666, '6': 0.20398152593201654, '24': 0.2559095416580802}",,,,,,,,,,,,,,,,,,,,,,,,,,,,,,,,,,,,,,,,,
development,19872,2023-07-24T09:40:00+00:00,36,local_3_rolling_validation_blocks,1,3,False,branch1_validation_performance,branch1,14.0,3.0,all_1_6_24,0.2638983008228058,0.31997970336422427,0.21508483861427385,0.11000362093816644,0.11018997386432342,0.7314699329269706,"{'1': 0.1665223617228852, '6': 0.22321541092436212, '24': 0.25668125241832107}",,,,,,,,,,,,,,,,,,,,,,,,,,,,,,,,,,,,,,,,,
development,19872,2023-07-24T09:40:00+00:00,36,local_3_rolling_validation_blocks,1,3,False,branch1_validation_performance,branch1,14.0,7.0,all_1_6_24,0.24572174901878086,0.3001808687410018,0.20068421750297774,0.1032302324666951,0.10118756626495369,0.7036144092635226,"{'1': 0.16493683070124407, '6': 0.2137685828034689, '24': 0.23795439614299582}",,,,,,,,,,,,,,,,,,,,,,,,,,,,,,,,,,,,,,,,,
development,19872,2023-07-24T09:40:00+00:00,36,local_3_rolling_validation_blocks,1,3,False,branch1_validation_performance,branch1,14.0,14.0,all_1_6_24,0.23383012739542372,0.27111038714194796,0.1851146402657571,0.09836959062513859,0.09911889338956624,0.691583501730603,"{'1': 0.1632300286410352, '6': 0.2052455366660116, '24': 0.2281065367794187}",,,,,,,,,,,,,,,,,,,,,,,,,,,,,,,,,,,,,,,,,
development,19872,2023-07-24T09:40:00+00:00,36,local_3_rolling_validation_blocks,1,3,False,branch1_validation_performance,branch1,21.0,3.0,all_1_6_24,0.26138289262870806,0.3266319818383653,0.21563120240422265,0.11135775533591125,0.10463042297008002,0.72368941047843,"{'1': 0.16521498963679926, '6': 0.22139557908937887, '24': 0.2512280609280138}",,,,,,,,,,,,,,,,,,,,,,,,,,,,,,,,,,,,,,,,,
development,19872,2023-07-24T09:40:00+00:00,36,local_3_rolling_validation_blocks,1,3,False,branch1_validation_performance,branch1,21.0,7.0,all_1_6_24,0.23002015272554951,0.26288028405840663,0.17405467200994282,0.1073511200095929,0.08522905996147902,0.6661357197096277,"{'1': 0.16324323089526246, '6': 0.20007883364856027, '24': 0.2237733278320179}",,,,,,,,,,,,,,,,,,,,,,,,,,,,,,,,,,,,,,,,,
development,19872,2023-07-24T09:40:00+00:00,36,local_3_rolling_validation_blocks,1,3,False,branch1_validation_performance,branch1,21.0,14.0,all_1_6_24,0.21847708314836126,0.2278838233996923,0.15439952646051752,0.10868223316898455,0.08091522952134272,0.6465239060176108,"{'1': 0.16278660963549788, '6': 0.20409392177843785, '24': 0.21310799626658547}",,,,,,,,,,,,,,,,,,,,,,,,,,,,,,,,,,,,,,,,,
development,19872,2023-07-24T09:40:00+00:00,36,local_3_rolling_validation_blocks,1,3,False,branch1_validation_performance,branch2,,,history_only,0.23645785955539192,0.11181053690264524,0.08628738465988375,0.21339313623987466,0.060764232417122276,0.535309858901264,,7.0,0.0,,,,,,,,,,,,,,,,,,,,,,,,,,,,,,,,,,,,,,,
development,19872,2023-07-24T09:40:00+00:00,36,local_3_rolling_validation_blocks,1,3,False,branch1_validation_performance,branch2,,,history_only,0.31603218679277406,0.366415962763109,0.24011150594469932,0.14887279839625778,0.11380704912628961,0.6269881119901801,,14.0,0.0,,,,,,,,,,,,,,,,,,,,,,,,,,,,,,,,,,,,,,,
development,19872,2023-07-24T09:40:00+00:00,36,local_3_rolling_validation_blocks,1,3,False,branch1_validation_performance,branch2,,,history_only,0.3155615117410874,0.36500393760804883,0.2394054933671692,0.14871490980941807,0.11380704912628961,0.624789540138916,,21.0,0.0,,,,,,,,,,,,,,,,,,,,,,,,,,,,,,,,,,,,,,,
development,19872,2023-07-24T09:40:00+00:00,36,local_3_rolling_validation_blocks,1,3,False,branch1_validation_performance,fusion,,,,0.23645785955539192,0.11181053690264524,0.08628738465988375,0.21339313623987466,0.060764232417122276,0.535309858901264,,,,0.0,,,,,,,,,,,,,,,,,,,,,,,,,,,,,,,,,,,,,,
development,19872,2023-07-24T09:40:00+00:00,36,local_3_rolling_validation_blocks,1,3,False,branch1_validation_performance,fusion,,,,0.2696471078623927,0.1276534648369876,0.09732048049949646,0.2449618874214654,0.0669874961620053,0.5781159726653486,,,,0.1,,,,,,,,,,,,,,,,,,,,,,,,,,,,,,,,,,,,,,
development,19872,2023-07-24T09:40:00+00:00,36,local_3_rolling_validation_blocks,1,3,False,branch1_validation_performance,fusion,,,,0.28004753123146475,0.14098182312808927,0.10812082562270232,0.24461700875926465,0.07525982811731538,0.6006308341195631,,,,0.2,,,,,,,,,,,,,,,,,,,,,,,,,,,,,,,,,,,,,,
development,19872,2023-07-24T09:40:00+00:00,36,local_3_rolling_validation_blocks,1,3,False,branch1_validation_performance,fusion,,,,0.27972247471440886,0.14895727976202214,0.11313690839358853,0.23739608494982642,0.07731653702515494,0.6176356772860057,,,,0.3,,,,,,,,,,,,,,,,,,,,,,,,,,,,,,,,,,,,,,
development,19872,2023-07-24T09:40:00+00:00,36,local_3_rolling_validation_blocks,1,3,False,branch1_validation_performance,fusion,,,,0.2834654933615224,0.1595280744090403,0.12172449371712517,0.2308095370805936,0.08392091302521004,0.6532670448112662,,,,0.4,,,,,,,,,,,,,,,,,,,,,,,,,,,,,,,,,,,,,,
development,19872,2023-07-24T09:40:00+00:00,36,local_3_rolling_validation_blocks,1,3,False,branch1_validation_performance,fusion,,,,0.28703531620875933,0.17329662907651414,0.1339999446212734,0.21879016473923815,0.09470326016603264,0.6903822299913202,,,,0.5,,,,,,,,,,,,,,,,,,,,,,,,,,,,,,,,,,,,,,
development,19872,2023-07-24T09:40:00+00:00,36,local_3_rolling_validation_blocks,1,3,False,branch1_validation_performance,fusion,,,,0.2854835041619384,0.18281401794398808,0.14386746582099574,0.20278418884521704,0.1049209136980034,0.7152918146489572,,,,0.6,,,,,,,,,,,,,,,,,,,,,,,,,,,,,,,,,,,,,,
development,19872,2023-07-24T09:40:00+00:00,36,local_3_rolling_validation_blocks,1,3,False,branch1_validation_performance,fusion,,,,0.27813827271477576,0.19110716853687112,0.15114963166987083,0.18252844457010498,0.11119209480287051,0.7292675942994595,,,,0.7,,,,,,,,,,,,,,,,,,,,,,,,,,,,,,,,,,,,,,
development,19872,2023-07-24T09:40:00+00:00,36,local_3_rolling_validation_blocks,1,3,False,branch1_validation_performance,fusion,,,,0.2658289505834906,0.20152731693434167,0.15840234148848736,0.15595125847981567,0.11527736604263304,0.7391192268746378,,,,0.8,,,,,,,,,,,,,,,,,,,,,,,,,,,,,,,,,,,,,,
development,19872,2023-07-24T09:40:00+00:00,36,local_3_rolling_validation_blocks,1,3,False,branch1_validation_performance,fusion,,,,0.24980447764080907,0.210743169940785,0.1644250113898102,0.1265288678088117,0.11810685283883535,0.7477754897305035,,,,0.9,,,,,,,,,,,,,,,,,,,,,,,,,,,,,,,,,,,,,,
development,19872,2023-07-24T09:40:00+00:00,36,local_3_rolling_validation_blocks,1,3,False,branch1_validation_performance,fusion,,,,0.2328651672048612,0.2209521751330094,0.17092354026231688,0.09665457310061465,0.12089490539162431,0.7499244264551854,,,,1.0,,,,,,,,,,,,,,,,,,,,,,,,,,,,,,,,,,,,,,
development,20160,2023-07-25T09:40:00+00:00,36,local_3_rolling_validation_blocks,1,3,False,branch1_validation_performance,branch1,7.0,3.0,all_1_6_24,0.32737775720114737,0.3721341996706188,0.2752378967629575,0.10814986101613815,0.17834159385529624,0.7910723231170028,"{'1': 0.2095078224011971, '6': 0.2701969537387052, '24': 0.3084610140012622}",,,,,,,,,,,,,,,,,,,,,,,,,,,,,,,,,,,,,,,,,
development,20160,2023-07-25T09:40:00+00:00,36,local_3_rolling_validation_blocks,1,3,False,branch1_validation_performance,branch1,7.0,7.0,all_1_6_24,0.30400371294525635,0.30874816943745,0.23876238044843268,0.10852743142726191,0.1687765914594154,0.7884247363291342,"{'1': 0.19025798778827352, '6': 0.25421950106141583, '24': 0.30176235500485615}",,,,,,,,,,,,,,,,,,,,,,,,,,,,,,,,,,,,,,,,,
development,20160,2023-07-25T09:40:00+00:00,36,local_3_rolling_validation_blocks,1,3,False,branch1_validation_performance,branch1,7.0,14.0,all_1_6_24,0.2817931151813433,0.2483165214776139,0.20641548074389515,0.1119555284766396,0.16451444001017637,0.7850653361276768,"{'1': 0.18863061181412577, '6': 0.23902596255868302, '24': 0.29954794996823036}",,,,,,,,,,,,,,,,,,,,,,,,,,,,,,,,,,,,,,,,,
development,20160,2023-07-25T09:40:00+00:00,36,local_3_rolling_validation_blocks,1,3,False,branch1_validation_performance,branch1,14.0,3.0,all_1_6_24,0.332276674631007,0.39678672122931957,0.2836418998183561,0.11517457640570573,0.1704970784073926,0.784438405938,"{'1': 0.21923949045350621, '6': 0.28151309491009774, '24': 0.29876068510129555}",,,,,,,,,,,,,,,,,,,,,,,,,,,,,,,,,,,,,,,,,
development,20160,2023-07-25T09:40:00+00:00,36,local_3_rolling_validation_blocks,1,3,False,branch1_validation_performance,branch1,14.0,7.0,all_1_6_24,0.3052540881371045,0.37022108801967263,0.26059098081790544,0.10955406540848478,0.15096087361613825,0.7630038207319311,"{'1': 0.183346916442053, '6': 0.26099823785105714, '24': 0.2795084060171135}",,,,,,,,,,,,,,,,,,,,,,,,,,,,,,,,,,,,,,,,,
development,20160,2023-07-25T09:40:00+00:00,36,local_3_rolling_validation_blocks,1,3,False,branch1_validation_performance,branch1,14.0,14.0,all_1_6_24,0.28462847147431786,0.3276663067823591,0.23452630243125283,0.10394146570380745,0.14138629808014658,0.7477476171320125,"{'1': 0.17512098561438547, '6': 0.24823997554541877, '24': 0.2688539357333701}",,,,,,,,,,,,,,,,,,,,,,,,,,,,,,,,,,,,,,,,,
development,20160,2023-07-25T09:40:00+00:00,36,local_3_rolling_validation_blocks,1,3,False,branch1_validation_performance,branch1,21.0,3.0,all_1_6_24,0.329481295989732,0.3962240579972476,0.2813572716173177,0.11587966108178097,0.1664904852373878,0.7801939016752611,"{'1': 0.2147017470886374, '6': 0.27501846859987095, '24': 0.29383221081185107}",,,,,,,,,,,,,,,,,,,,,,,,,,,,,,,,,,,,,,,,,
development,20160,2023-07-25T09:40:00+00:00,36,local_3_rolling_validation_blocks,1,3,False,branch1_validation_performance,branch1,21.0,7.0,all_1_6_24,0.2841705737302315,0.3177916649101846,0.22482284759943438,0.1131655388736576,0.13185403028868414,0.7378547366031748,"{'1': 0.2005769490604081, '6': 0.2506198947256995, '24': 0.2640094240933095}",,,,,,,,,,,,,,,,,,,,,,,,,,,,,,,,,,,,,,,,,
development,20160,2023-07-25T09:40:00+00:00,36,local_3_rolling_validation_blocks,1,3,False,branch1_validation_performance,branch1,21.0,14.0,all_1_6_24,0.25957104494493244,0.26816819151487953,0.1878587520207865,0.12076855258764155,0.10754931252669347,0.7015921016328468,"{'1': 0.1932986394388332, '6': 0.24192875244791603, '24': 0.24638669098754332}",,,,,,,,,,,,,,,,,,,,,,,,,,,,,,,,,,,,,,,,,
development,20160,2023-07-25T09:40:00+00:00,36,local_3_rolling_validation_blocks,1,3,False,branch1_validation_performance,branch2,,,history_only,0.35284069851182726,0.34786347764710995,0.2244673035018403,0.20763076431148983,0.10107112935657064,0.7017901173911052,,7.0,0.0,,,,,,,,,,,,,,,,,,,,,,,,,,,,,,,,,,,,,,,
development,20160,2023-07-25T09:40:00+00:00,36,local_3_rolling_validation_blocks,1,3,False,branch1_validation_performance,branch2,,,history_only,0.3334195984737422,0.33851034393426166,0.21966597354784592,0.18787166883077047,0.1008216031614302,0.6971412185835173,,14.0,0.0,,,,,,,,,,,,,,,,,,,,,,,,,,,,,,,,,,,,,,,
development,20160,2023-07-25T09:40:00+00:00,36,local_3_rolling_validation_blocks,1,3,False,branch1_validation_performance,branch2,,,history_only,0.313550919211014,0.2789043061460771,0.18986295465375364,0.1894280866266207,0.1008216031614302,0.6794265964123061,,21.0,0.0,,,,,,,,,,,,,,,,,,,,,,,,,,,,,,,,,,,,,,,
development,20160,2023-07-25T09:40:00+00:00,36,local_3_rolling_validation_blocks,1,3,False,branch1_validation_performance,fusion,,,,0.35284069851182726,0.34786347764710995,0.2244673035018403,0.20763076431148983,0.10107112935657064,0.7017901173911052,,,,0.0,,,,,,,,,,,,,,,,,,,,,,,,,,,,,,,,,,,,,,
development,20160,2023-07-25T09:40:00+00:00,36,local_3_rolling_validation_blocks,1,3,False,branch1_validation_performance,fusion,,,,0.3747813406023793,0.35599563798229855,0.23260728274065895,0.22489267721269549,0.10921892749901936,0.7361298945224704,,,,0.1,,,,,,,,,,,,,,,,,,,,,,,,,,,,,,,,,,,,,,
development,20160,2023-07-25T09:40:00+00:00,36,local_3_rolling_validation_blocks,1,3,False,branch1_validation_performance,fusion,,,,0.38689885996178663,0.3356094526842809,0.2307864936363559,0.2367855084286753,0.12596353458843088,0.7535843720640404,,,,0.2,,,,,,,,,,,,,,,,,,,,,,,,,,,,,,,,,,,,,,
development,20160,2023-07-25T09:40:00+00:00,36,local_3_rolling_validation_blocks,1,3,False,branch1_validation_performance,fusion,,,,0.3822969383833172,0.3090995281541316,0.22285667372241036,0.2362222455315489,0.13661381929068914,0.7662991626830781,,,,0.3,,,,,,,,,,,,,,,,,,,,,,,,,,,,,,,,,,,,,,
development,20160,2023-07-25T09:40:00+00:00,36,local_3_rolling_validation_blocks,1,3,False,branch1_validation_performance,fusion,,,,0.37638843045773007,0.28839920225340404,0.22035628061274545,0.2275491661760743,0.15231335897208687,0.7809324730896764,,,,0.4,,,,,,,,,,,,,,,,,,,,,,,,,,,,,,,,,,,,,,
development,20160,2023-07-25T09:40:00+00:00,36,local_3_rolling_validation_blocks,1,3,False,branch1_validation_performance,fusion,,,,0.37011364724127743,0.25937248517259426,0.2152881273559143,0.2218952537083327,0.1712037695392343,0.7900229224206425,,,,0.5,,,,,,,,,,,,,,,,,,,,,,,,,,,,,,,,,,,,,,
development,20160,2023-07-25T09:40:00+00:00,36,local_3_rolling_validation_blocks,1,3,False,branch1_validation_performance,fusion,,,,0.3678517665230567,0.23281147950874959,0.21233465639566113,0.2205689837850193,0.19185783328257267,0.7941676146034456,,,,0.6,,,,,,,,,,,,,,,,,,,,,,,,,,,,,,,,,,,,,,
development,20160,2023-07-25T09:40:00+00:00,36,local_3_rolling_validation_blocks,1,3,False,branch1_validation_performance,fusion,,,,0.3660759336470698,0.2151563946255422,0.21275096751737155,0.2168431411498368,0.21034554040920087,0.7962570823417758,,,,0.7,,,,,,,,,,,,,,,,,,,,,,,,,,,,,,,,,,,,,,
development,20160,2023-07-25T09:40:00+00:00,36,local_3_rolling_validation_blocks,1,3,False,branch1_validation_performance,fusion,,,,0.36620839651511755,0.27306322345786016,0.23197172211918338,0.19278133682302112,0.19088022078050657,0.7981227219486948,,,,0.8,,,,,,,,,,,,,,,,,,,,,,,,,,,,,,,,,,,,,,
development,20160,2023-07-25T09:40:00+00:00,36,local_3_rolling_validation_blocks,1,3,False,branch1_validation_performance,fusion,,,,0.3514866225700454,0.32555148810106077,0.2514471168618489,0.15387260086140478,0.177342745622637,0.7975438911712268,,,,0.9,,,,,,,,,,,,,,,,,,,,,,,,,,,,,,,,,,,,,,
development,20160,2023-07-25T09:40:00+00:00,36,local_3_rolling_validation_blocks,1,3,False,branch1_validation_performance,fusion,,,,0.31022503932124984,0.3258674861366019,0.2468291054772567,0.11046628113322611,0.16779072481791152,0.7886104718693528,,,,1.0,,,,,,,,,,,,,,,,,,,,,,,,,,,,,,,,,,,,,,
development,20448,2023-07-26T09:40:00+00:00,36,local_3_rolling_validation_blocks,1,3,False,branch1_validation_performance,branch1,7.0,3.0,all_1_6_24,0.240790970401221,0.24238931216296714,0.19409802575581675,0.07691008421888415,0.1458067393486664,0.707906062752183,"{'1': 0.19461234482500753, '6': 0.2086599348574983, '24': 0.2375806077496844}",,,,,,,,,,,,,,,,,,,,,,,,,,,,,,,,,,,,,,,,,
development,20448,2023-07-26T09:40:00+00:00,36,local_3_rolling_validation_blocks,1,3,False,branch1_validation_performance,branch1,7.0,7.0,all_1_6_24,0.2358396604949218,0.24787832902901613,0.19440826417341947,0.07306950863896607,0.1409381993178228,0.7025271305428845,"{'1': 0.19883386042749382, '6': 0.1967250850635304, '24': 0.22520091038973633}",,,,,,,,,,,,,,,,,,,,,,,,,,,,,,,,,,,,,,,,,
development,20448,2023-07-26T09:40:00+00:00,36,local_3_rolling_validation_blocks,1,3,False,branch1_validation_performance,branch1,7.0,14.0,all_1_6_24,0.23284684274665265,0.24810377342053713,0.19347844362126534,0.07133741049765589,0.13885311382199356,0.700535692315532,"{'1': 0.20035267438327584, '6': 0.19546893888208328, '24': 0.22010380662736828}",,,,,,,,,,,,,,,,,,,,,,,,,,,,,,,,,,,,,,,,,
development,20448,2023-07-26T09:40:00+00:00,36,local_3_rolling_validation_blocks,1,3,False,branch1_validation_performance,branch1,14.0,3.0,all_1_6_24,0.23073728240315158,0.2184261190757908,0.18155869340881134,0.07578393814757403,0.14469126774183189,0.7042052193064201,"{'1': 0.17940893987785447, '6': 0.20049946081797546, '24': 0.22890313638025903}",,,,,,,,,,,,,,,,,,,,,,,,,,,,,,,,,,,,,,,,,
development,20448,2023-07-26T09:40:00+00:00,36,local_3_rolling_validation_blocks,1,3,False,branch1_validation_performance,branch1,14.0,7.0,all_1_6_24,0.20074777711300099,0.17152803357878774,0.16089194492525277,0.05702974931255728,0.15025585627171784,0.6820493273013962,"{'1': 0.16549059592908785, '6': 0.18364018964678377, '24': 0.20033511235961185}",,,,,,,,,,,,,,,,,,,,,,,,,,,,,,,,,,,,,,,,,
development,20448,2023-07-26T09:40:00+00:00,36,local_3_rolling_validation_blocks,1,3,False,branch1_validation_performance,branch1,14.0,14.0,all_1_6_24,0.18715011125556447,0.1561055936738807,0.1528152909690899,0.04863103086303827,0.14952498826429914,0.6668009029878034,"{'1': 0.15913541957336527, '6': 0.1767234341588726, '24': 0.18161498445335345}",,,,,,,,,,,,,,,,,,,,,,,,,,,,,,,,,,,,,,,,,
development,20448,2023-07-26T09:40:00+00:00,36,local_3_rolling_validation_blocks,1,3,False,branch1_validation_performance,branch1,21.0,3.0,all_1_6_24,0.22873926636592734,0.2188875901032573,0.1825264261675915,0.07178214281350272,0.14616526223192566,0.6995195988503866,"{'1': 0.17736148141472538, '6': 0.18917386954408202, '24': 0.22491619112181796}",,,,,,,,,,,,,,,,,,,,,,,,,,,,,,,,,,,,,,,,,
development,20448,2023-07-26T09:40:00+00:00,36,local_3_rolling_validation_blocks,1,3,False,branch1_validation_performance,branch1,21.0,7.0,all_1_6_24,0.18527192414678073,0.16109069532027992,0.15642128449131198,0.04097870685350951,0.15175187366234405,0.6552311942123606,"{'1': 0.1512268984049984, '6': 0.16094053066534827, '24': 0.18376271954857668}",,,,,,,,,,,,,,,,,,,,,,,,,,,,,,,,,,,,,,,,,
development,20448,2023-07-26T09:40:00+00:00,36,local_3_rolling_validation_blocks,1,3,False,branch1_validation_performance,branch1,21.0,14.0,all_1_6_24,0.1645028055416235,0.15184655031999977,0.14905045701249892,0.021971851127914666,0.14625436370499803,0.6260254405725086,"{'1': 0.13426687692860384, '6': 0.1450922105042953, '24': 0.1659513718355756}",,,,,,,,,,,,,,,,,,,,,,,,,,,,,,,,,,,,,,,,,
development,20448,2023-07-26T09:40:00+00:00,36,local_3_rolling_validation_blocks,1,3,False,branch1_validation_performance,branch2,,,history_only,0.3368584490318973,0.45498674945030376,0.27590945328831856,0.16973119581098364,0.09683215712633333,0.7270637016104701,,7.0,0.0,,,,,,,,,,,,,,,,,,,,,,,,,,,,,,,,,,,,,,,
development,20448,2023-07-26T09:40:00+00:00,36,local_3_rolling_validation_blocks,1,3,False,branch1_validation_performance,branch2,,,history_only,0.3150276162371611,0.41316912737706935,0.2550006422517013,0.15454661110143425,0.09683215712633333,0.7226739553882208,,14.0,0.0,,,,,,,,,,,,,,,,,,,,,,,,,,,,,,,,,,,,,,,
development,20448,2023-07-26T09:40:00+00:00,36,local_3_rolling_validation_blocks,1,3,False,branch1_validation_performance,branch2,,,history_only,0.29026993250209154,0.360808513002872,0.22882033506460264,0.13844141526569417,0.09683215712633333,0.7072007903486833,,21.0,0.0,,,,,,,,,,,,,,,,,,,,,,,,,,,,,,,,,,,,,,,
development,20448,2023-07-26T09:40:00+00:00,36,local_3_rolling_validation_blocks,1,3,False,branch1_validation_performance,fusion,,,,0.3368584490318973,0.45498674945030376,0.27590945328831856,0.16973119581098364,0.09683215712633333,0.7270637016104701,,,,0.0,,,,,,,,,,,,,,,,,,,,,,,,,,,,,,,,,,,,,,
development,20448,2023-07-26T09:40:00+00:00,36,local_3_rolling_validation_blocks,1,3,False,branch1_validation_performance,fusion,,,,0.37516889126434244,0.4814366448351037,0.29410036799791756,0.19115647519421616,0.10676409116073146,0.7567371616597985,,,,0.1,,,,,,,,,,,,,,,,,,,,,,,,,,,,,,,,,,,,,,
development,20448,2023-07-26T09:40:00+00:00,36,local_3_rolling_validation_blocks,1,3,False,branch1_validation_performance,fusion,,,,0.38640203686265906,0.49038709526844726,0.29846622016435953,0.2000529027964181,0.10654534506027177,0.7590138581013153,,,,0.2,,,,,,,,,,,,,,,,,,,,,,,,,,,,,,,,,,,,,,
development,20448,2023-07-26T09:40:00+00:00,36,local_3_rolling_validation_blocks,1,3,False,branch1_validation_performance,fusion,,,,0.3785419868669666,0.48517886706903424,0.29222896019320604,0.19929790479605594,0.09927905331737782,0.7541693604962298,,,,0.3,,,,,,,,,,,,,,,,,,,,,,,,,,,,,,,,,,,,,,
development,20448,2023-07-26T09:40:00+00:00,36,local_3_rolling_validation_blocks,1,3,False,branch1_validation_performance,fusion,,,,0.36940134535879005,0.46844062883691595,0.282352703361335,0.19555240427842457,0.0962647778857541,0.7511191364519941,,,,0.4,,,,,,,,,,,,,,,,,,,,,,,,,,,,,,,,,,,,,,
development,20448,2023-07-26T09:40:00+00:00,36,local_3_rolling_validation_blocks,1,3,False,branch1_validation_performance,fusion,,,,0.3615936768588263,0.4523586245023234,0.274650730479535,0.19018819341790835,0.09694283645674656,0.7472793948621125,,,,0.5,,,,,,,,,,,,,,,,,,,,,,,,,,,,,,,,,,,,,,
development,20448,2023-07-26T09:40:00+00:00,36,local_3_rolling_validation_blocks,1,3,False,branch1_validation_performance,fusion,,,,0.3508498443396995,0.43609155580867465,0.26773213494960385,0.18086929983604352,0.09937271409053305,0.7378848804216016,,,,0.6,,,,,,,,,,,,,,,,,,,,,,,,,,,,,,,,,,,,,,
development,20448,2023-07-26T09:40:00+00:00,36,local_3_rolling_validation_blocks,1,3,False,branch1_validation_performance,fusion,,,,0.3383081316472662,0.43182038674727413,0.2686738918180228,0.165657399226013,0.10552739688877152,0.7301649209072263,,,,0.7,,,,,,,,,,,,,,,,,,,,,,,,,,,,,,,,,,,,,,
development,20448,2023-07-26T09:40:00+00:00,36,local_3_rolling_validation_blocks,1,3,False,branch1_validation_performance,fusion,,,,0.3212820027402616,0.4220112977306623,0.2699635139381716,0.14380377935459768,0.11791573014568084,0.7253545378491343,,,,0.8,,,,,,,,,,,,,,,,,,,,,,,,,,,,,,,,,,,,,,
development,20448,2023-07-26T09:40:00+00:00,36,local_3_rolling_validation_blocks,1,3,False,branch1_validation_performance,fusion,,,,0.28588085504362976,0.362986690609321,0.24635376782429155,0.11042466677789628,0.12972084503926212,0.7179816230971293,,,,0.9,,,,,,,,,,,,,,,,,,,,,,,,,,,,,,,,,,,,,,
development,20448,2023-07-26T09:40:00+00:00,36,local_3_rolling_validation_blocks,1,3,False,branch1_validation_performance,fusion,,,,0.23649048680793605,0.2507601906929584,0.19592462078792533,0.07277228494727075,0.14108905088289225,0.7031344808547,,,,1.0,,,,,,,,,,,,,,,,,,,,,,,,,,,,,,,,,,,,,,
development,20736,2023-07-27T09:40:00+00:00,36,local_3_rolling_validation_blocks,1,3,False,branch1_validation_performance,branch1,7.0,3.0,all_1_6_24,0.2593152773114376,0.2333424929416736,0.19910416449671364,0.08962290426696076,0.16486583605175364,0.7106289582019741,"{'1': 0.1816840707088383, '6': 0.22875637092157772, '24': 0.2760113586902654}",,,,,,,,,,,,,,,,,,,,,,,,,,,,,,,,,,,,,,,,,
development,20736,2023-07-27T09:40:00+00:00,36,local_3_rolling_validation_blocks,1,3,False,branch1_validation_performance,branch1,7.0,7.0,all_1_6_24,0.24665373859785736,0.21637083232235477,0.18853166156367157,0.0852820690213154,0.16069249080498837,0.7064445777498537,"{'1': 0.18566839853195136, '6': 0.22459594988259143, '24': 0.26920996787451107}",,,,,,,,,,,,,,,,,,,,,,,,,,,,,,,,,,,,,,,,,
development,20736,2023-07-27T09:40:00+00:00,36,local_3_rolling_validation_blocks,1,3,False,branch1_validation_performance,branch1,7.0,14.0,all_1_6_24,0.240239505579992,0.20635222958605373,0.18292623119412155,0.08327949592846581,0.1595002328021894,0.7056953650938134,"{'1': 0.18607369369418572, '6': 0.22518547946965997, '24': 0.2664178601636721}",,,,,,,,,,,,,,,,,,,,,,,,,,,,,,,,,,,,,,,,,
development,20736,2023-07-27T09:40:00+00:00,36,local_3_rolling_validation_blocks,1,3,False,branch1_validation_performance,branch1,14.0,3.0,all_1_6_24,0.281080953389882,0.3113456134025486,0.23825046060244728,0.08503432522659561,0.16515530780234594,0.7076252770206738,"{'1': 0.18604148711082655, '6': 0.2516863772790028, '24': 0.27398597854725065}",,,,,,,,,,,,,,,,,,,,,,,,,,,,,,,,,,,,,,,,,
development,20736,2023-07-27T09:40:00+00:00,36,local_3_rolling_validation_blocks,1,3,False,branch1_validation_performance,branch1,14.0,7.0,all_1_6_24,0.26453663513200626,0.30371290854422683,0.23318388723160116,0.07267887015282076,0.1626548659189755,0.689119490601327,"{'1': 0.18420236982442204, '6': 0.23992147827646937, '24': 0.25599344069006524}",,,,,,,,,,,,,,,,,,,,,,,,,,,,,,,,,,,,,,,,,
development,20736,2023-07-27T09:40:00+00:00,36,local_3_rolling_validation_blocks,1,3,False,branch1_validation_performance,branch1,14.0,14.0,all_1_6_24,0.2557018177935055,0.2742051443384352,0.21990612711118168,0.06729228626481827,0.16560710988392816,0.6806012974221106,"{'1': 0.18228154140816236, '6': 0.2317846143510461, '24': 0.24748967485434736}",,,,,,,,,,,,,,,,,,,,,,,,,,,,,,,,,,,,,,,,,
development,20736,2023-07-27T09:40:00+00:00,36,local_3_rolling_validation_blocks,1,3,False,branch1_validation_performance,branch1,21.0,3.0,all_1_6_24,0.2799674587123575,0.31547153532870825,0.24298435897173765,0.0789837102845917,0.17049718261476704,0.7031114617727922,"{'1': 0.18437593823920248, '6': 0.24611747979055285, '24': 0.270011823049739}",,,,,,,,,,,,,,,,,,,,,,,,,,,,,,,,,,,,,,,,,
development,20736,2023-07-27T09:40:00+00:00,36,local_3_rolling_validation_blocks,1,3,False,branch1_validation_performance,branch1,21.0,7.0,all_1_6_24,0.2574538694204709,0.26398809619685165,0.2190630096707457,0.06552270719044562,0.17413792314463977,0.6714599425173917,"{'1': 0.18571164505600238, '6': 0.22897129123539042, '24': 0.248428251702091}",,,,,,,,,,,,,,,,,,,,,,,,,,,,,,,,,,,,,,,,,
development,20736,2023-07-27T09:40:00+00:00,36,local_3_rolling_validation_blocks,1,3,False,branch1_validation_performance,branch1,21.0,14.0,all_1_6_24,0.24636155470733132,0.22764813977523105,0.19674963300088744,0.07455980171246482,0.16585112622654383,0.6554514566018687,"{'1': 0.18321215285012546, '6': 0.22900458231596924, '24': 0.23655985323029063}",,,,,,,,,,,,,,,,,,,,,,,,,,,,,,,,,,,,,,,,,
development,20736,2023-07-27T09:40:00+00:00,36,local_3_rolling_validation_blocks,1,3,False,branch1_validation_performance,branch2,,,history_only,0.283524710821416,0.20828524775384666,0.1580741725715368,0.18208910769641837,0.10786309738922696,0.6563657247794502,,7.0,0.0,,,,,,,,,,,,,,,,,,,,,,,,,,,,,,,,,,,,,,,
development,20736,2023-07-27T09:40:00+00:00,36,local_3_rolling_validation_blocks,1,3,False,branch1_validation_performance,branch2,,,history_only,0.26048633655661896,0.2041096181888694,0.15713431437252587,0.15111055696026357,0.11015901055618232,0.651892552329377,,14.0,0.0,,,,,,,,,,,,,,,,,,,,,,,,,,,,,,,,,,,,,,,
development,20736,2023-07-27T09:40:00+00:00,36,local_3_rolling_validation_blocks,1,3,False,branch1_validation_performance,branch2,,,history_only,0.2601631962188566,0.2031401971755822,0.15664960386588228,0.15123175740507488,0.11015901055618232,0.6517660860436502,,21.0,0.0,,,,,,,,,,,,,,,,,,,,,,,,,,,,,,,,,,,,,,,
development,20736,2023-07-27T09:40:00+00:00,36,local_3_rolling_validation_blocks,1,3,False,branch1_validation_performance,fusion,,,,0.283524710821416,0.20828524775384666,0.1580741725715368,0.18208910769641837,0.10786309738922696,0.6563657247794502,,,,0.0,,,,,,,,,,,,,,,,,,,,,,,,,,,,,,,,,,,,,,
development,20736,2023-07-27T09:40:00+00:00,36,local_3_rolling_validation_blocks,1,3,False,branch1_validation_performance,fusion,,,,0.316719697641666,0.22028385395630162,0.17141693417226533,0.20932694533466584,0.12255001438822902,0.6896294471749188,,,,0.1,,,,,,,,,,,,,,,,,,,,,,,,,,,,,,,,,,,,,,
development,20736,2023-07-27T09:40:00+00:00,36,local_3_rolling_validation_blocks,1,3,False,branch1_validation_performance,fusion,,,,0.324226197116886,0.21787614940030275,0.17573157390602723,0.21280370393267353,0.1335869984117517,0.696139774633504,,,,0.2,,,,,,,,,,,,,,,,,,,,,,,,,,,,,,,,,,,,,,
development,20736,2023-07-27T09:40:00+00:00,36,local_3_rolling_validation_blocks,1,3,False,branch1_validation_performance,fusion,,,,0.3203004785476871,0.20745529610703473,0.17338816070986873,0.20961911031139208,0.13932102531270274,0.6941766211321293,,,,0.3,,,,,,,,,,,,,,,,,,,,,,,,,,,,,,,,,,,,,,
development,20736,2023-07-27T09:40:00+00:00,36,local_3_rolling_validation_blocks,1,3,False,branch1_validation_performance,fusion,,,,0.31980277130337936,0.19700809556244658,0.1745707001888714,0.20620459120620732,0.15213330481529624,0.6967892178777614,,,,0.4,,,,,,,,,,,,,,,,,,,,,,,,,,,,,,,,,,,,,,
development,20736,2023-07-27T09:40:00+00:00,36,local_3_rolling_validation_blocks,1,3,False,branch1_validation_performance,fusion,,,,0.32002695966474926,0.19376437983167955,0.1802699127851179,0.19795318823468874,0.16677544573855624,0.7061787868288684,,,,0.5,,,,,,,,,,,,,,,,,,,,,,,,,,,,,,,,,,,,,,
development,20736,2023-07-27T09:40:00+00:00,36,local_3_rolling_validation_blocks,1,3,False,branch1_validation_performance,fusion,,,,0.3143623232519286,0.1889154760032315,0.18319703581251845,0.1855544815688086,0.17747859562180543,0.7104884522569005,,,,0.6,,,,,,,,,,,,,,,,,,,,,,,,,,,,,,,,,,,,,,
development,20736,2023-07-27T09:40:00+00:00,36,local_3_rolling_validation_blocks,1,3,False,branch1_validation_performance,fusion,,,,0.30477573388701584,0.19133007951576209,0.18757907808127847,0.16576939485905698,0.18382807664679485,0.7126198379266476,,,,0.7,,,,,,,,,,,,,,,,,,,,,,,,,,,,,,,,,,,,,,
development,20736,2023-07-27T09:40:00+00:00,36,local_3_rolling_validation_blocks,1,3,False,branch1_validation_performance,fusion,,,,0.28937337294020066,0.20442181125166461,0.19112267331712285,0.13937112804564836,0.17782353538258105,0.7134851338848311,,,,0.8,,,,,,,,,,,,,,,,,,,,,,,,,,,,,,,,,,,,,,
development,20736,2023-07-27T09:40:00+00:00,36,local_3_rolling_validation_blocks,1,3,False,branch1_validation_performance,fusion,,,,0.2702289727362592,0.21763927375460526,0.19321750673817528,0.1107210319970176,0.16879573972174527,0.7138128422571269,,,,0.9,,,,,,,,,,,,,,,,,,,,,,,,,,,,,,,,,,,,,,
development,20736,2023-07-27T09:40:00+00:00,36,local_3_rolling_validation_blocks,1,3,False,branch1_validation_performance,fusion,,,,0.24727337768262705,0.22197199392149453,0.19115687513956103,0.08325365705097677,0.1603417563576275,0.706814196220792,,,,1.0,,,,,,,,,,,,,,,,,,,,,,,,,,,,,,,,,,,,,,
development,21024,2023-07-28T09:40:00+00:00,36,local_3_rolling_validation_blocks,1,3,False,branch1_validation_performance,branch1,7.0,3.0,all_1_6_24,0.3303401365898177,0.37950498093920204,0.28353513368825145,0.10257464427176163,0.18756528643730086,0.7228700274186642,"{'1': 0.2075160593519921, '6': 0.2732919232855622, '24': 0.31382041684264556}",,,,,,,,,,,,,,,,,,,,,,,,,,,,,,,,,,,,,,,,,
development,21024,2023-07-28T09:40:00+00:00,36,local_3_rolling_validation_blocks,1,3,False,branch1_validation_performance,branch1,7.0,7.0,all_1_6_24,0.30408518549333713,0.30504889020154197,0.24193596390372873,0.10188496355680078,0.1788230376059155,0.7192797248729632,"{'1': 0.18638229244593374, '6': 0.2611514665233635, '24': 0.3087830257118999}",,,,,,,,,,,,,,,,,,,,,,,,,,,,,,,,,,,,,,,,,
development,21024,2023-07-28T09:40:00+00:00,36,local_3_rolling_validation_blocks,1,3,False,branch1_validation_performance,branch1,7.0,14.0,all_1_6_24,0.28405018348104466,0.25209672533666844,0.2139081586078354,0.10398101618001963,0.1757195918790024,0.7142162562453845,"{'1': 0.18641243795324947, '6': 0.24076873094543438, '24': 0.3077379704933691}",,,,,,,,,,,,,,,,,,,,,,,,,,,,,,,,,,,,,,,,,
development,21024,2023-07-28T09:40:00+00:00,36,local_3_rolling_validation_blocks,1,3,False,branch1_validation_performance,branch1,14.0,3.0,all_1_6_24,0.33986017949585684,0.40449133643122687,0.29559617718439746,0.10873840600045286,0.18670101793756805,0.7158148708730477,"{'1': 0.21493679238865862, '6': 0.2791615449313714, '24': 0.3080851772968903}",,,,,,,,,,,,,,,,,,,,,,,,,,,,,,,,,,,,,,,,,
development,21024,2023-07-28T09:40:00+00:00,36,local_3_rolling_validation_blocks,1,3,False,branch1_validation_performance,branch1,14.0,7.0,all_1_6_24,0.31374161976844134,0.37058788614568194,0.272338919741845,0.09931569230791021,0.17408995333800809,0.6972599025128302,"{'1': 0.1865178046757688, '6': 0.2648910182006294, '24': 0.2883893410659337}",,,,,,,,,,,,,,,,,,,,,,,,,,,,,,,,,,,,,,,,,
development,21024,2023-07-28T09:40:00+00:00,36,local_3_rolling_validation_blocks,1,3,False,branch1_validation_performance,branch1,14.0,14.0,all_1_6_24,0.29518872403581703,0.32965759658612576,0.25052394735137085,0.09035840219195097,0.171390298116616,0.687383816373717,"{'1': 0.18057767660387744, '6': 0.25372732369133694, '24': 0.280825933796909}",,,,,,,,,,,,,,,,,,,,,,,,,,,,,,,,,,,,,,,,,
development,21024,2023-07-28T09:40:00+00:00,36,local_3_rolling_validation_blocks,1,3,False,branch1_validation_performance,branch1,21.0,3.0,all_1_6_24,0.33694867872155526,0.4040693670307125,0.2941481929683659,0.1082537428124977,0.1842270189060193,0.7105010852576727,"{'1': 0.21613788052534313, '6': 0.27761150112852134, '24': 0.30342076387623645}",,,,,,,,,,,,,,,,,,,,,,,,,,,,,,,,,,,,,,,,,
development,21024,2023-07-28T09:40:00+00:00,36,local_3_rolling_validation_blocks,1,3,False,branch1_validation_performance,branch1,21.0,7.0,all_1_6_24,0.2997683054140513,0.3190447565445086,0.24927411475906971,0.09134890010232535,0.17950347297363084,0.6790808000701093,"{'1': 0.20990578016438236, '6': 0.25912108107057835, '24': 0.2831978874426652}",,,,,,,,,,,,,,,,,,,,,,,,,,,,,,,,,,,,,,,,,
development,21024,2023-07-28T09:40:00+00:00,36,local_3_rolling_validation_blocks,1,3,False,branch1_validation_performance,branch1,21.0,14.0,all_1_6_24,0.28069942780178825,0.27009408875300295,0.21888137468931307,0.09690943247389855,0.1676686606256232,0.6647809143591717,"{'1': 0.20498150186033845, '6': 0.256585908455728, '24': 0.27145014306866594}",,,,,,,,,,,,,,,,,,,,,,,,,,,,,,,,,,,,,,,,,
development,21024,2023-07-28T09:40:00+00:00,36,local_3_rolling_validation_blocks,1,3,False,branch1_validation_performance,branch2,,,history_only,0.3217928328082724,0.25180993139784724,0.17616560576267856,0.21500997150793769,0.10052128012750988,0.6858501470749485,,7.0,0.0,,,,,,,,,,,,,,,,,,,,,,,,,,,,,,,,,,,,,,,
development,21024,2023-07-28T09:40:00+00:00,36,local_3_rolling_validation_blocks,1,3,False,branch1_validation_performance,branch2,,,history_only,0.3054589753793988,0.2530389245786794,0.17698274140712508,0.19201210219796094,0.10092655823557077,0.6825494903713296,,14.0,0.0,,,,,,,,,,,,,,,,,,,,,,,,,,,,,,,,,,,,,,,
development,21024,2023-07-28T09:40:00+00:00,36,local_3_rolling_validation_blocks,1,3,False,branch1_validation_performance,branch2,,,history_only,0.30504931098578814,0.25180993139784724,0.176368244816709,0.19212478314095666,0.10092655823557077,0.6824026800752975,,21.0,0.0,,,,,,,,,,,,,,,,,,,,,,,,,,,,,,,,,,,,,,,
development,21024,2023-07-28T09:40:00+00:00,36,local_3_rolling_validation_blocks,1,3,False,branch1_validation_performance,fusion,,,,0.3217928328082724,0.25180993139784724,0.17616560576267856,0.21500997150793769,0.10052128012750988,0.6858501470749485,,,,0.0,,,,,,,,,,,,,,,,,,,,,,,,,,,,,,,,,,,,,,
development,21024,2023-07-28T09:40:00+00:00,36,local_3_rolling_validation_blocks,1,3,False,branch1_validation_performance,fusion,,,,0.3459340338514338,0.2576969247048604,0.18350696847819806,0.23755954243402957,0.10931701225153573,0.7054713870939238,,,,0.1,,,,,,,,,,,,,,,,,,,,,,,,,,,,,,,,,,,,,,
development,21024,2023-07-28T09:40:00+00:00,36,local_3_rolling_validation_blocks,1,3,False,branch1_validation_performance,fusion,,,,0.3626836486752863,0.24891042829805812,0.18633631559434666,0.25457240651065116,0.1237622028906352,0.7128736177723946,,,,0.2,,,,,,,,,,,,,,,,,,,,,,,,,,,,,,,,,,,,,,
development,21024,2023-07-28T09:40:00+00:00,36,local_3_rolling_validation_blocks,1,3,False,branch1_validation_performance,fusion,,,,0.3646481301409263,0.23782372457385867,0.1865384413524377,0.2553420764335536,0.13525315813101674,0.7034644003721792,,,,0.3,,,,,,,,,,,,,,,,,,,,,,,,,,,,,,,,,,,,,,
development,21024,2023-07-28T09:40:00+00:00,36,local_3_rolling_validation_blocks,1,3,False,branch1_validation_performance,fusion,,,,0.36823400133969203,0.2385494450465102,0.19593342280040157,0.24614168473598483,0.15331740055429294,0.7114960573670442,,,,0.4,,,,,,,,,,,,,,,,,,,,,,,,,,,,,,,,,,,,,,
development,21024,2023-07-28T09:40:00+00:00,36,local_3_rolling_validation_blocks,1,3,False,branch1_validation_performance,fusion,,,,0.37168101260782344,0.2377922807523243,0.2043735060687369,0.2381767127356379,0.17095473138514944,0.7201302246557391,,,,0.5,,,,,,,,,,,,,,,,,,,,,,,,,,,,,,,,,,,,,,
development,21024,2023-07-28T09:40:00+00:00,36,local_3_rolling_validation_blocks,1,3,False,branch1_validation_performance,fusion,,,,0.3740767271913937,0.23155348154585748,0.2108536882629296,0.23145015698573873,0.19015389498000174,0.724917977239189,,,,0.6,,,,,,,,,,,,,,,,,,,,,,,,,,,,,,,,,,,,,,
development,21024,2023-07-28T09:40:00+00:00,36,local_3_rolling_validation_blocks,1,3,False,branch1_validation_performance,fusion,,,,0.3738898764616072,0.22324771049776626,0.21908374347207266,0.2189553303833325,0.21491977644637905,0.7266650861755259,,,,0.7,,,,,,,,,,,,,,,,,,,,,,,,,,,,,,,,,,,,,,
development,21024,2023-07-28T09:40:00+00:00,36,local_3_rolling_validation_blocks,1,3,False,branch1_validation_performance,fusion,,,,0.37306086696642254,0.2747490558131861,0.2413402424815619,0.18826774825988707,0.20793142914993773,0.7288092454402225,,,,0.8,,,,,,,,,,,,,,,,,,,,,,,,,,,,,,,,,,,,,,
development,21024,2023-07-28T09:40:00+00:00,36,local_3_rolling_validation_blocks,1,3,False,branch1_validation_performance,fusion,,,,0.3559782896019356,0.32666110884361005,0.25920999624763097,0.1475171411205033,0.19175888365165183,0.7287291944282227,,,,0.9,,,,,,,,,,,,,,,,,,,,,,,,,,,,,,,,,,,,,,
development,21024,2023-07-28T09:40:00+00:00,36,local_3_rolling_validation_blocks,1,3,False,branch1_validation_performance,fusion,,,,0.3136335093148865,0.3306445891828875,0.25446185706345514,0.10426780252047821,0.1782791249440227,0.7201355477294226,,,,1.0,,,,,,,,,,,,,,,,,,,,,,,,,,,,,,,,,,,,,,
development,21312,2023-07-29T09:40:00+00:00,36,local_3_rolling_validation_blocks,1,3,False,branch1_validation_performance,branch1,7.0,3.0,all_1_6_24,0.18774345236015258,0.17869852087469695,0.1624526872355405,0.03814704455477547,0.14620685359638402,0.627222860517308,"{'1': 0.1698239654002042, '6': 0.16232114003673787, '24': 0.2017823701940974}",,,,,,,,,,,,,,,,,,,,,,,,,,,,,,,,,,,,,,,,,
development,21312,2023-07-29T09:40:00+00:00,36,local_3_rolling_validation_blocks,1,3,False,branch1_validation_performance,branch1,7.0,7.0,all_1_6_24,0.1855438781464688,0.17025213105637374,0.15571230596703756,0.043826739248380785,0.14117248087770137,0.623277369803112,"{'1': 0.16986606646368427, '6': 0.16253488605596997, '24': 0.19300043215575727}",,,,,,,,,,,,,,,,,,,,,,,,,,,,,,,,,,,,,,,,,
development,21312,2023-07-29T09:40:00+00:00,36,local_3_rolling_validation_blocks,1,3,False,branch1_validation_performance,branch1,7.0,14.0,all_1_6_24,0.18402725418062935,0.16608581716548387,0.15256311792550264,0.045846403025599294,0.13904041868552144,0.6239784113474682,"{'1': 0.16873261103289447, '6': 0.17552164160451642, '24': 0.19025210268059878}",,,,,,,,,,,,,,,,,,,,,,,,,,,,,,,,,,,,,,,,,
development,21312,2023-07-29T09:40:00+00:00,36,local_3_rolling_validation_blocks,1,3,False,branch1_validation_performance,branch1,14.0,3.0,all_1_6_24,0.17881771198630725,0.1787774347469125,0.16082717594896384,0.029361993025521824,0.1428769171510152,0.6293611224296161,"{'1': 0.1495338867042534, '6': 0.16176055191219277, '24': 0.2004883269038813}",,,,,,,,,,,,,,,,,,,,,,,,,,,,,,,,,,,,,,,,,
development,21312,2023-07-29T09:40:00+00:00,36,local_3_rolling_validation_blocks,1,3,False,branch1_validation_performance,branch1,14.0,7.0,all_1_6_24,0.162097643412654,0.1673519767499826,0.15801484525439635,0.009563463353446986,0.14867771375881011,0.6109672571170979,"{'1': 0.1386256461209134, '6': 0.15110751552770949, '24': 0.1848031817837886}",,,,,,,,,,,,,,,,,,,,,,,,,,,,,,,,,,,,,,,,,
development,21312,2023-07-29T09:40:00+00:00,36,local_3_rolling_validation_blocks,1,3,False,branch1_validation_performance,branch1,14.0,14.0,all_1_6_24,0.15565267537654656,0.1546408436648472,0.15184742728597217,0.005844821876854059,0.14905401090709713,0.5979362204672679,"{'1': 0.1355615802168634, '6': 0.14794169575189753, '24': 0.17143414141675214}",,,,,,,,,,,,,,,,,,,,,,,,,,,,,,,,,,,,,,,,,
development,21312,2023-07-29T09:40:00+00:00,36,local_3_rolling_validation_blocks,1,3,False,branch1_validation_performance,branch1,21.0,3.0,all_1_6_24,0.17747927553522266,0.17605417539129187,0.15949586416530465,0.02880262631723878,0.14293755293931742,0.6259981927849951,"{'1': 0.1471859700029317, '6': 0.15690746065158037, '24': 0.19966207850067583}",,,,,,,,,,,,,,,,,,,,,,,,,,,,,,,,,,,,,,,,,
development,21312,2023-07-29T09:40:00+00:00,36,local_3_rolling_validation_blocks,1,3,False,branch1_validation_performance,branch1,21.0,7.0,all_1_6_24,0.15975803343852935,0.16288746387613406,0.15630825982459817,0.007256663141043697,0.1497290557730623,0.5954670477391194,"{'1': 0.13150449444867654, '6': 0.1427155319968305, '24': 0.17458754519280936}",,,,,,,,,,,,,,,,,,,,,,,,,,,,,,,,,,,,,,,,,
development,21312,2023-07-29T09:40:00+00:00,36,local_3_rolling_validation_blocks,1,3,False,branch1_validation_performance,branch1,21.0,14.0,all_1_6_24,0.1509268919967068,0.15080793409858512,0.14938388149269466,0.0024725924412538542,0.14795982888680423,0.574528439598156,"{'1': 0.12209261289800888, '6': 0.1341724499708968, '24': 0.16663396726126026}",,,,,,,,,,,,,,,,,,,,,,,,,,,,,,,,,,,,,,,,,
development,21312,2023-07-29T09:40:00+00:00,36,local_3_rolling_validation_blocks,1,3,False,branch1_validation_performance,branch2,,,history_only,0.2675492836386786,0.24972172761221795,0.17345827828694127,0.14691372880547052,0.0971948289616646,0.6659341142793259,,7.0,0.0,,,,,,,,,,,,,,,,,,,,,,,,,,,,,,,,,,,,,,,
development,21312,2023-07-29T09:40:00+00:00,36,local_3_rolling_validation_blocks,1,3,False,branch1_validation_performance,branch2,,,history_only,0.2552307525281842,0.2526996135738469,0.17494722126775575,0.13008143778482995,0.0971948289616646,0.66364369406244,,14.0,0.0,,,,,,,,,,,,,,,,,,,,,,,,,,,,,,,,,,,,,,,
development,21312,2023-07-29T09:40:00+00:00,36,local_3_rolling_validation_blocks,1,3,False,branch1_validation_performance,branch2,,,history_only,0.2536527441903627,0.24796558856038253,0.17258020876102356,0.13013127600060376,0.0971948289616646,0.6631795651523387,,21.0,0.0,,,,,,,,,,,,,,,,,,,,,,,,,,,,,,,,,,,,,,,
development,21312,2023-07-29T09:40:00+00:00,36,local_3_rolling_validation_blocks,1,3,False,branch1_validation_performance,fusion,,,,0.2675492836386786,0.24972172761221795,0.17345827828694127,0.14691372880547052,0.0971948289616646,0.6659341142793259,,,,0.0,,,,,,,,,,,,,,,,,,,,,,,,,,,,,,,,,,,,,,
development,21312,2023-07-29T09:40:00+00:00,36,local_3_rolling_validation_blocks,1,3,False,branch1_validation_performance,fusion,,,,0.28955553510861093,0.2758696760501966,0.1915290403511098,0.1547921700290495,0.107188404652023,0.6920266786515287,,,,0.1,,,,,,,,,,,,,,,,,,,,,,,,,,,,,,,,,,,,,,
development,21312,2023-07-29T09:40:00+00:00,36,local_3_rolling_validation_blocks,1,3,False,branch1_validation_performance,fusion,,,,0.29103542239852626,0.27392106506177033,0.19043054753319283,0.15776499201279923,0.10694003000461534,0.6924480397329155,,,,0.2,,,,,,,,,,,,,,,,,,,,,,,,,,,,,,,,,,,,,,
development,21312,2023-07-29T09:40:00+00:00,36,local_3_rolling_validation_blocks,1,3,False,branch1_validation_performance,fusion,,,,0.28439059402747474,0.26950322714390823,0.184230071315152,0.15783515036267534,0.09895691548639579,0.6799685470226815,,,,0.3,,,,,,,,,,,,,,,,,,,,,,,,,,,,,,,,,,,,,,
development,21312,2023-07-29T09:40:00+00:00,36,local_3_rolling_validation_blocks,1,3,False,branch1_validation_performance,fusion,,,,0.27767759834448336,0.2685376497076776,0.18234868222034378,0.152077490915525,0.09615971473301002,0.6773762346194454,,,,0.4,,,,,,,,,,,,,,,,,,,,,,,,,,,,,,,,,,,,,,
development,21312,2023-07-29T09:40:00+00:00,36,local_3_rolling_validation_blocks,1,3,False,branch1_validation_performance,fusion,,,,0.2680474361832743,0.2558235672716367,0.1763518709002174,0.14500570242094873,0.09688017452879809,0.6725888640676209,,,,0.5,,,,,,,,,,,,,,,,,,,,,,,,,,,,,,,,,,,,,,
development,21312,2023-07-29T09:40:00+00:00,36,local_3_rolling_validation_blocks,1,3,False,branch1_validation_performance,fusion,,,,0.2595987163367277,0.24357605587000394,0.1714594405903957,0.13785596828248167,0.09934282531078745,0.6599419554904898,,,,0.6,,,,,,,,,,,,,,,,,,,,,,,,,,,,,,,,,,,,,,
development,21312,2023-07-29T09:40:00+00:00,36,local_3_rolling_validation_blocks,1,3,False,branch1_validation_performance,fusion,,,,0.25514187379877296,0.22840333337372698,0.16704114024452166,0.13428957890573004,0.10567894711531631,0.6507440205832068,,,,0.7,,,,,,,,,,,,,,,,,,,,,,,,,,,,,,,,,,,,,,
development,21312,2023-07-29T09:40:00+00:00,36,local_3_rolling_validation_blocks,1,3,False,branch1_validation_performance,fusion,,,,0.2457686334314474,0.2045656447363855,0.16137972132499112,0.12444406893708897,0.11819379791359672,0.6455586307365732,,,,0.8,,,,,,,,,,,,,,,,,,,,,,,,,,,,,,,,,,,,,,
development,21312,2023-07-29T09:40:00+00:00,36,local_3_rolling_validation_blocks,1,3,False,branch1_validation_performance,fusion,,,,0.22126477062531133,0.18376171396155216,0.15688563576538084,0.09365305688246761,0.13000955756920948,0.6383376954367748,,,,0.9,,,,,,,,,,,,,,,,,,,,,,,,,,,,,,,,,,,,,,
development,21312,2023-07-29T09:40:00+00:00,36,local_3_rolling_validation_blocks,1,3,False,branch1_validation_performance,fusion,,,,0.18634025567524984,0.16977194335188134,0.15557104537952177,0.045032569027979315,0.14137014740716217,0.6237979923555379,,,,1.0,,,,,,,,,,,,,,,,,,,,,,,,,,,,,,,,,,,,,,
development,21600,2023-07-30T09:40:00+00:00,36,local_3_rolling_validation_blocks,1,3,False,branch1_validation_performance,branch1,7.0,3.0,all_1_6_24,0.17405458494118908,0.1650714447258258,0.14436879347903014,0.04525732657335395,0.12366614223223452,0.6392969751471854,"{'1': 0.14528432740153538, '6': 0.17270368439742864, '24': 0.2033210098096171}",,,,,,,,,,,,,,,,,,,,,,,,,,,,,,,,,,,,,,,,,
development,21600,2023-07-30T09:40:00+00:00,36,local_3_rolling_validation_blocks,1,3,False,branch1_validation_performance,branch1,7.0,7.0,all_1_6_24,0.16426620728088784,0.1606961200596805,0.14045474502593103,0.03751151349843224,0.12021336999218157,0.6355661868921341,"{'1': 0.14444925508162212, '6': 0.16651623946699126, '24': 0.20158808770407485}",,,,,,,,,,,,,,,,,,,,,,,,,,,,,,,,,,,,,,,,,
development,21600,2023-07-30T09:40:00+00:00,36,local_3_rolling_validation_blocks,1,3,False,branch1_validation_performance,branch1,7.0,14.0,all_1_6_24,0.15812054020734642,0.15936513256875018,0.1388153414968668,0.032045446944939195,0.11826555042498346,0.6327503895685808,"{'1': 0.14418207660959334, '6': 0.16439843060853265, '24': 0.20096568345826968}",,,,,,,,,,,,,,,,,,,,,,,,,,,,,,,,,,,,,,,,,
development,21600,2023-07-30T09:40:00+00:00,36,local_3_rolling_validation_blocks,1,3,False,branch1_validation_performance,branch1,14.0,3.0,all_1_6_24,0.19688029544038818,0.1646072353346421,0.141716687178167,0.08022072975828337,0.11882613902169185,0.6339562613353188,"{'1': 0.14730177885055307, '6': 0.1841465114417377, '24': 0.21142040644569426}",,,,,,,,,,,,,,,,,,,,,,,,,,,,,,,,,,,,,,,,,
development,21600,2023-07-30T09:40:00+00:00,36,local_3_rolling_validation_blocks,1,3,False,branch1_validation_performance,branch1,14.0,7.0,all_1_6_24,0.19667028642059248,0.1613095031693234,0.13560966560753446,0.08886574102892705,0.1099098280457455,0.6215354634250004,"{'1': 0.14580764708021918, '6': 0.17948880249236313, '24': 0.21065091816037998}",,,,,,,,,,,,,,,,,,,,,,,,,,,,,,,,,,,,,,,,,
development,21600,2023-07-30T09:40:00+00:00,36,local_3_rolling_validation_blocks,1,3,False,branch1_validation_performance,branch1,14.0,14.0,all_1_6_24,0.19528631191249599,0.16461892715004803,0.13567865451842986,0.08754716001492178,0.10673838188681171,0.6162758993184684,"{'1': 0.14609053651499973, '6': 0.1742890754493537, '24': 0.20819383922597834}",,,,,,,,,,,,,,,,,,,,,,,,,,,,,,,,,,,,,,,,,
development,21600,2023-07-30T09:40:00+00:00,36,local_3_rolling_validation_blocks,1,3,False,branch1_validation_performance,branch1,21.0,3.0,all_1_6_24,0.19863805873869836,0.16862231965414795,0.14265970093304473,0.08195440683172865,0.11669708221194151,0.6290450119262434,"{'1': 0.1515407944209787, '6': 0.18216599708624995, '24': 0.21152283752891776}",,,,,,,,,,,,,,,,,,,,,,,,,,,,,,,,,,,,,,,,,
development,21600,2023-07-30T09:40:00+00:00,36,local_3_rolling_validation_blocks,1,3,False,branch1_validation_performance,branch1,21.0,7.0,all_1_6_24,0.20094762686593984,0.17115371725562994,0.13945606327738685,0.09073176013362906,0.10775840929914379,0.6056033882022697,"{'1': 0.15114292736416632, '6': 0.1788084966169464, '24': 0.20752024836255611}",,,,,,,,,,,,,,,,,,,,,,,,,,,,,,,,,,,,,,,,,
development,21600,2023-07-30T09:40:00+00:00,36,local_3_rolling_validation_blocks,1,3,False,branch1_validation_performance,branch1,21.0,14.0,all_1_6_24,0.1973428804265994,0.16240779458711813,0.13281868039428096,0.09439503111269038,0.10322956620144383,0.5919779911697542,"{'1': 0.15207466514591833, '6': 0.18560486231463247, '24': 0.20422361881067141}",,,,,,,,,,,,,,,,,,,,,,,,,,,,,,,,,,,,,,,,,
development,21600,2023-07-30T09:40:00+00:00,36,local_3_rolling_validation_blocks,1,3,False,branch1_validation_performance,branch2,,,history_only,0.1581816377823869,0.15465639192642028,0.1332157014395845,0.03940894264817626,0.11177501095274875,0.5435696990997022,,7.0,0.0,,,,,,,,,,,,,,,,,,,,,,,,,,,,,,,,,,,,,,,
development,21600,2023-07-30T09:40:00+00:00,36,local_3_rolling_validation_blocks,1,3,False,branch1_validation_performance,branch2,,,history_only,0.15752825015716845,0.15399186663941475,0.13427481739157227,0.03661446378317497,0.11455776814372981,0.5431510288202823,,14.0,0.0,,,,,,,,,,,,,,,,,,,,,,,,,,,,,,,,,,,,,,,
development,21600,2023-07-30T09:40:00+00:00,36,local_3_rolling_validation_blocks,1,3,False,branch1_validation_performance,branch2,,,history_only,0.1569510258337269,0.1533768470526249,0.13396730759817735,0.03616152774821286,0.11455776814372981,0.5429210283130291,,21.0,0.0,,,,,,,,,,,,,,,,,,,,,,,,,,,,,,,,,,,,,,,
development,21600,2023-07-30T09:40:00+00:00,36,local_3_rolling_validation_blocks,1,3,False,branch1_validation_performance,fusion,,,,0.1581816377823869,0.15465639192642028,0.1332157014395845,0.03940894264817626,0.11177501095274875,0.5435696990997022,,,,0.0,,,,,,,,,,,,,,,,,,,,,,,,,,,,,,,,,,,,,,
development,21600,2023-07-30T09:40:00+00:00,36,local_3_rolling_validation_blocks,1,3,False,branch1_validation_performance,fusion,,,,0.17253934435906082,0.16983371723375484,0.148666675466505,0.03792762069466268,0.12749963369925515,0.5818713697708943,,,,0.1,,,,,,,,,,,,,,,,,,,,,,,,,,,,,,,,,,,,,,
development,21600,2023-07-30T09:40:00+00:00,36,local_3_rolling_validation_blocks,1,3,False,branch1_validation_performance,fusion,,,,0.17711704642107104,0.17432494705538076,0.15691729177819455,0.03190733170862749,0.13950963650100834,0.5924497031703738,,,,0.2,,,,,,,,,,,,,,,,,,,,,,,,,,,,,,,,,,,,,,
development,21600,2023-07-30T09:40:00+00:00,36,local_3_rolling_validation_blocks,1,3,False,branch1_validation_performance,fusion,,,,0.17653059799257823,0.1767846901906807,0.16144720652327887,0.024735460374345344,0.1461097228558771,0.5966650425600887,,,,0.3,,,,,,,,,,,,,,,,,,,,,,,,,,,,,,,,,,,,,,
development,21600,2023-07-30T09:40:00+00:00,36,local_3_rolling_validation_blocks,1,3,False,branch1_validation_performance,fusion,,,,0.1771022650725462,0.17598612751849488,0.1672573059533081,0.015641014163522718,0.1585284843881213,0.6063906917960642,,,,0.4,,,,,,,,,,,,,,,,,,,,,,,,,,,,,,,,,,,,,,
development,21600,2023-07-30T09:40:00+00:00,36,local_3_rolling_validation_blocks,1,3,False,branch1_validation_performance,fusion,,,,0.17934655877132788,0.17341454000661582,0.17215714208083163,0.01021907323236062,0.17089974415504744,0.6200078815476219,,,,0.5,,,,,,,,,,,,,,,,,,,,,,,,,,,,,,,,,,,,,,
development,21600,2023-07-30T09:40:00+00:00,36,local_3_rolling_validation_blocks,1,3,False,branch1_validation_performance,fusion,,,,0.17921164599874403,0.18530111400904892,0.17426259864506008,0.01141134028260297,0.16322408328107124,0.6263117660945036,,,,0.6,,,,,,,,,,,,,,,,,,,,,,,,,,,,,,,,,,,,,,
development,21600,2023-07-30T09:40:00+00:00,36,local_3_rolling_validation_blocks,1,3,False,branch1_validation_performance,fusion,,,,0.1764411223279799,0.18411971773539998,0.1685363077172669,0.01693715737429542,0.1529528976991338,0.6294911552778312,,,,0.7,,,,,,,,,,,,,,,,,,,,,,,,,,,,,,,,,,,,,,
development,21600,2023-07-30T09:40:00+00:00,36,local_3_rolling_validation_blocks,1,3,False,branch1_validation_performance,fusion,,,,0.17234271422477707,0.17846084619365093,0.15956266968775185,0.023764535065978174,0.14066449318185276,0.6335260560819354,,,,0.8,,,,,,,,,,,,,,,,,,,,,,,,,,,,,,,,,,,,,,
development,21600,2023-07-30T09:40:00+00:00,36,local_3_rolling_validation_blocks,1,3,False,branch1_validation_performance,fusion,,,,0.16739979251003975,0.16891651616617073,0.1472517712234598,0.03353793333650873,0.1255870262807489,0.6377226830808653,,,,0.9,,,,,,,,,,,,,,,,,,,,,,,,,,,,,,,,,,,,,,
development,21600,2023-07-30T09:40:00+00:00,36,local_3_rolling_validation_blocks,1,3,False,branch1_validation_performance,fusion,,,,0.16630104382259023,0.16035178476217268,0.1401259333723613,0.0405338894069953,0.11990008198254987,0.6363500723105379,,,,1.0,,,,,,,,,,,,,,,,,,,,,,,,,,,,,,,,,,,,,,
development,21888,2023-07-31T09:40:00+00:00,36,local_3_rolling_validation_blocks,1,3,False,branch1_validation_performance,branch1,7.0,3.0,all_1_6_24,0.21090350104616604,0.18813486837088056,0.12867994743266403,0.1260080048522497,0.06922502649444752,0.5655108439320236,"{'1': 0.15442460824601822, '6': 0.19625287923914825, '24': 0.2204246196329871}",,,,,,,,,,,,,,,,,,,,,,,,,,,,,,,,,,,,,,,,,
development,21888,2023-07-31T09:40:00+00:00,36,local_3_rolling_validation_blocks,1,3,False,branch1_validation_performance,branch1,7.0,7.0,all_1_6_24,0.1911188145391555,0.17934554820682092,0.12477283937124675,0.10387025821538022,0.0702001305356726,0.5628312105847324,"{'1': 0.1315351174833063, '6': 0.18315473431861232, '24': 0.21508730087608754}",,,,,,,,,,,,,,,,,,,,,,,,,,,,,,,,,,,,,,,,,
development,21888,2023-07-31T09:40:00+00:00,36,local_3_rolling_validation_blocks,1,3,False,branch1_validation_performance,branch1,7.0,14.0,all_1_6_24,0.1692346127997355,0.17592504863393896,0.12333898492904914,0.07782253345018739,0.07075292122415933,0.5606275295137928,"{'1': 0.13048599297171948, '6': 0.17697491415537056, '24': 0.21392690830846564}",,,,,,,,,,,,,,,,,,,,,,,,,,,,,,,,,,,,,,,,,
development,21888,2023-07-31T09:40:00+00:00,36,local_3_rolling_validation_blocks,1,3,False,branch1_validation_performance,branch1,14.0,3.0,all_1_6_24,0.218138750907617,0.18533572020527944,0.12792609175653136,0.13591869396064982,0.07051646330778327,0.5627027365871583,"{'1': 0.1663715900099784, '6': 0.19849419766787468, '24': 0.2218186316837392}",,,,,,,,,,,,,,,,,,,,,,,,,,,,,,,,,,,,,,,,,
development,21888,2023-07-31T09:40:00+00:00,36,local_3_rolling_validation_blocks,1,3,False,branch1_validation_performance,branch1,14.0,7.0,all_1_6_24,0.215732798859711,0.17369271784577212,0.12483292001027094,0.1345997616864029,0.07597312217476977,0.5673399943478582,"{'1': 0.13674753275323032, '6': 0.18903448025782024, '24': 0.2244956950392691}",,,,,,,,,,,,,,,,,,,,,,,,,,,,,,,,,,,,,,,,,
development,21888,2023-07-31T09:40:00+00:00,36,local_3_rolling_validation_blocks,1,3,False,branch1_validation_performance,branch1,14.0,14.0,all_1_6_24,0.21288945689462044,0.17114709644693854,0.12465718544959965,0.130425235282093,0.07816727445226077,0.5684040225308131,"{'1': 0.13186264341797532, '6': 0.18249988527341043, '24': 0.22727043527963944}",,,,,,,,,,,,,,,,,,,,,,,,,,,,,,,,,,,,,,,,,
development,21888,2023-07-31T09:40:00+00:00,36,local_3_rolling_validation_blocks,1,3,False,branch1_validation_performance,branch1,21.0,3.0,all_1_6_24,0.21686230127406395,0.18396680420851594,0.12734636526010776,0.13477186281039158,0.07072592631169958,0.5586782935205359,"{'1': 0.16632525088953445, '6': 0.1943548882826124, '24': 0.22033717008535994}",,,,,,,,,,,,,,,,,,,,,,,,,,,,,,,,,,,,,,,,,
development,21888,2023-07-31T09:40:00+00:00,36,local_3_rolling_validation_blocks,1,3,False,branch1_validation_performance,branch1,21.0,7.0,all_1_6_24,0.21842526104421914,0.180726774857758,0.1290301855721111,0.13328409732537622,0.07733359628646419,0.5512431618756325,"{'1': 0.1632761001711686, '6': 0.18953313980538797, '24': 0.22506835750987517}",,,,,,,,,,,,,,,,,,,,,,,,,,,,,,,,,,,,,,,,,
development,21888,2023-07-31T09:40:00+00:00,36,local_3_rolling_validation_blocks,1,3,False,branch1_validation_performance,branch1,21.0,14.0,all_1_6_24,0.21595499915229474,0.16890691925762974,0.12505539253909545,0.13344454988958143,0.08120386582056116,0.5485156947052259,"{'1': 0.16358470874470335, '6': 0.19702075056983093, '24': 0.22145958991087222}",,,,,,,,,,,,,,,,,,,,,,,,,,,,,,,,,,,,,,,,,
development,21888,2023-07-31T09:40:00+00:00,36,local_3_rolling_validation_blocks,1,3,False,branch1_validation_performance,branch2,,,history_only,0.14599876322110378,0.1006837622488541,0.09349103355223817,0.07448901651044101,0.08629830485562225,0.5194013195772491,,7.0,0.0,,,,,,,,,,,,,,,,,,,,,,,,,,,,,,,,,,,,,,,
development,21888,2023-07-31T09:40:00+00:00,36,local_3_rolling_validation_blocks,1,3,False,branch1_validation_performance,branch2,,,history_only,0.14876742741935856,0.10168968876002499,0.09712155336657985,0.07313347059087373,0.09255341797313472,0.5222985880454144,,14.0,0.0,,,,,,,,,,,,,,,,,,,,,,,,,,,,,,,,,,,,,,,
development,21888,2023-07-31T09:40:00+00:00,36,local_3_rolling_validation_blocks,1,3,False,branch1_validation_performance,branch2,,,history_only,0.14911926920735982,0.10168968876002499,0.09817179253162223,0.07210784392259642,0.09465389630321945,0.5229170391166694,,21.0,0.0,,,,,,,,,,,,,,,,,,,,,,,,,,,,,,,,,,,,,,,
development,21888,2023-07-31T09:40:00+00:00,36,local_3_rolling_validation_blocks,1,3,False,branch1_validation_performance,fusion,,,,0.14599876322110378,0.1006837622488541,0.09349103355223817,0.07448901651044101,0.08629830485562225,0.5194013195772491,,,,0.0,,,,,,,,,,,,,,,,,,,,,,,,,,,,,,,,,,,,,,
development,21888,2023-07-31T09:40:00+00:00,36,local_3_rolling_validation_blocks,1,3,False,branch1_validation_performance,fusion,,,,0.14692021042194392,0.10873080623089856,0.09131476745170593,0.07991334586290959,0.07389872867251329,0.5244518893763911,,,,0.1,,,,,,,,,,,,,,,,,,,,,,,,,,,,,,,,,,,,,,
development,21888,2023-07-31T09:40:00+00:00,36,local_3_rolling_validation_blocks,1,3,False,branch1_validation_performance,fusion,,,,0.14845986742975978,0.12356762317158551,0.09762712914534026,0.07494358355813407,0.07168663511909501,0.5289203126127819,,,,0.2,,,,,,,,,,,,,,,,,,,,,,,,,,,,,,,,,,,,,,
development,21888,2023-07-31T09:40:00+00:00,36,local_3_rolling_validation_blocks,1,3,False,branch1_validation_performance,fusion,,,,0.14746206161181594,0.13338948332013373,0.10141558833455402,0.07015774162257345,0.06944169334897432,0.5168278064942141,,,,0.3,,,,,,,,,,,,,,,,,,,,,,,,,,,,,,,,,,,,,,
development,21888,2023-07-31T09:40:00+00:00,36,local_3_rolling_validation_blocks,1,3,False,branch1_validation_performance,fusion,,,,0.1530213489258332,0.1503865530752632,0.10922543262633178,0.07046741417208496,0.06806431217740036,0.5239869221244882,,,,0.4,,,,,,,,,,,,,,,,,,,,,,,,,,,,,,,,,,,,,,
development,21888,2023-07-31T09:40:00+00:00,36,local_3_rolling_validation_blocks,1,3,False,branch1_validation_performance,fusion,,,,0.1592845169834347,0.17078178511248582,0.11901740411699066,0.0709171924413425,0.06725302312149552,0.532799144295906,,,,0.5,,,,,,,,,,,,,,,,,,,,,,,,,,,,,,,,,,,,,,
development,21888,2023-07-31T09:40:00+00:00,36,local_3_rolling_validation_blocks,1,3,False,branch1_validation_performance,fusion,,,,0.16316729479882278,0.1894465917393523,0.12807416064762062,0.07052734453988833,0.0667017295558889,0.5387910821780179,,,,0.6,,,,,,,,,,,,,,,,,,,,,,,,,,,,,,,,,,,,,,
development,21888,2023-07-31T09:40:00+00:00,36,local_3_rolling_validation_blocks,1,3,False,branch1_validation_performance,fusion,,,,0.16758961155536545,0.21194341726414215,0.13915951691272535,0.07175099067624266,0.06637561656130855,0.5436266461548457,,,,0.7,,,,,,,,,,,,,,,,,,,,,,,,,,,,,,,,,,,,,,
development,21888,2023-07-31T09:40:00+00:00,36,local_3_rolling_validation_blocks,1,3,False,branch1_validation_performance,fusion,,,,0.18209536026879344,0.2090363858453482,0.13803620828050214,0.08510641118044214,0.06703603071565607,0.551934911896594,,,,0.8,,,,,,,,,,,,,,,,,,,,,,,,,,,,,,,,,,,,,,
development,21888,2023-07-31T09:40:00+00:00,36,local_3_rolling_validation_blocks,1,3,False,branch1_validation_performance,fusion,,,,0.19512365777652355,0.1928241891285284,0.13055814281235656,0.10450893962276424,0.06829209649618476,0.5596364392065798,,,,0.9,,,,,,,,,,,,,,,,,,,,,,,,,,,,,,,,,,,,,,
development,21888,2023-07-31T09:40:00+00:00,36,local_3_rolling_validation_blocks,1,3,False,branch1_validation_performance,fusion,,,,0.19414733422644573,0.17885503264462904,0.12447174247118993,0.10807900354038459,0.07008845229775082,0.5633774177668834,,,,1.0,,,,,,,,,,,,,,,,,,,,,,,,,,,,,,,,,,,,,,
development,22176,2023-08-01T09:40:00+00:00,36,local_3_rolling_validation_blocks,1,3,False,branch1_validation_performance,branch1,7.0,3.0,all_1_6_24,0.13308823391658697,0.14619098685728205,0.11172921003845525,0.04128145479179427,0.07726743321962845,0.5283864568169173,"{'1': 0.1277344816220631, '6': 0.13455307899921728, '24': 0.12655071749297944}",,,,,,,,,,,,,,,,,,,,,,,,,,,,,,,,,,,,,,,,,
development,22176,2023-08-01T09:40:00+00:00,36,local_3_rolling_validation_blocks,1,3,False,branch1_validation_performance,branch1,7.0,7.0,all_1_6_24,0.12923474297001025,0.14149909266404898,0.1099224667736331,0.037558623850178094,0.07834584088321722,0.5257279707045345,"{'1': 0.1274342246618295, '6': 0.13523294173066255, '24': 0.12306330268883488}",,,,,,,,,,,,,,,,,,,,,,,,,,,,,,,,,,,,,,,,,
development,22176,2023-08-01T09:40:00+00:00,36,local_3_rolling_validation_blocks,1,3,False,branch1_validation_performance,branch1,7.0,14.0,all_1_6_24,0.12746135349181553,0.1397278647253858,0.10921274111934776,0.03587207204547413,0.07869761751330974,0.5242757977161864,"{'1': 0.1263657279686247, '6': 0.13527255034633165, '24': 0.12176003668736846}",,,,,,,,,,,,,,,,,,,,,,,,,,,,,,,,,,,,,,,,,
development,22176,2023-08-01T09:40:00+00:00,36,local_3_rolling_validation_blocks,1,3,False,branch1_validation_performance,branch1,14.0,3.0,all_1_6_24,0.13239269561281763,0.14297371429283665,0.11035304292395494,0.040998756668088186,0.07773237155507323,0.5326102811719146,"{'1': 0.12782698069655304, '6': 0.13208670095947886, '24': 0.1292966172037214}",,,,,,,,,,,,,,,,,,,,,,,,,,,,,,,,,,,,,,,,,
development,22176,2023-08-01T09:40:00+00:00,36,local_3_rolling_validation_blocks,1,3,False,branch1_validation_performance,branch1,14.0,7.0,all_1_6_24,0.13038495279711973,0.14776643045029386,0.11278788162663858,0.03788112651568299,0.0778093328029833,0.5217283410575853,"{'1': 0.12904089116927536, '6': 0.13084240917584128, '24': 0.1280549104425853}",,,,,,,,,,,,,,,,,,,,,,,,,,,,,,,,,,,,,,,,,
development,22176,2023-08-01T09:40:00+00:00,36,local_3_rolling_validation_blocks,1,3,False,branch1_validation_performance,branch1,14.0,14.0,all_1_6_24,0.13136542235070456,0.1538196428466196,0.11619709916270157,0.037467229043129095,0.07857455547878356,0.5190599137876549,"{'1': 0.13150561353777826, '6': 0.13115366550282256, '24': 0.12835441449195747}",,,,,,,,,,,,,,,,,,,,,,,,,,,,,,,,,,,,,,,,,
development,22176,2023-08-01T09:40:00+00:00,36,local_3_rolling_validation_blocks,1,3,False,branch1_validation_performance,branch1,21.0,3.0,all_1_6_24,0.13196128929719123,0.1434905890547681,0.11024101734469727,0.04099467168607835,0.07699144563462643,0.5289166638681339,"{'1': 0.12786241460376022, '6': 0.1301126339325923, '24': 0.12863757109813545}",,,,,,,,,,,,,,,,,,,,,,,,,,,,,,,,,,,,,,,,,
development,22176,2023-08-01T09:40:00+00:00,36,local_3_rolling_validation_blocks,1,3,False,branch1_validation_performance,branch1,21.0,7.0,all_1_6_24,0.13281338435366138,0.15137653427858644,0.11513848454148842,0.03873329746578469,0.0789004348043904,0.5056549694157716,"{'1': 0.1293676236762347, '6': 0.12628640884215594, '24': 0.13035913479355174}",,,,,,,,,,,,,,,,,,,,,,,,,,,,,,,,,,,,,,,,,
development,22176,2023-08-01T09:40:00+00:00,36,local_3_rolling_validation_blocks,1,3,False,branch1_validation_performance,branch1,21.0,14.0,all_1_6_24,0.12931978376743933,0.15088064840750182,0.11612717731657096,0.03396015653449051,0.08137370622564011,0.4979804031801529,"{'1': 0.12749140329989492, '6': 0.12165949670101299, '24': 0.12893106143896346}",,,,,,,,,,,,,,,,,,,,,,,,,,,,,,,,,,,,,,,,,
development,22176,2023-08-01T09:40:00+00:00,36,local_3_rolling_validation_blocks,1,3,False,branch1_validation_performance,branch2,,,history_only,0.15133916431375066,0.10837278199218592,0.10252732853653063,0.06919516005198208,0.09668187508087535,0.5385472696750107,,7.0,0.0,,,,,,,,,,,,,,,,,,,,,,,,,,,,,,,,,,,,,,,
development,22176,2023-08-01T09:40:00+00:00,36,local_3_rolling_validation_blocks,1,3,False,branch1_validation_performance,branch2,,,history_only,0.1551666671792708,0.11714671427003794,0.10691429467545664,0.06874870552720778,0.09668187508087535,0.5409469846441654,,14.0,0.0,,,,,,,,,,,,,,,,,,,,,,,,,,,,,,,,,,,,,,,
development,22176,2023-08-01T09:40:00+00:00,36,local_3_rolling_validation_blocks,1,3,False,branch1_validation_performance,branch2,,,history_only,0.14482439304893102,0.09668187508087535,0.09369289465394742,0.07235203009518204,0.09070391422701948,0.540726582551393,,21.0,0.0,,,,,,,,,,,,,,,,,,,,,,,,,,,,,,,,,,,,,,,
development,22176,2023-08-01T09:40:00+00:00,36,local_3_rolling_validation_blocks,1,3,False,branch1_validation_performance,fusion,,,,0.15133916431375066,0.10837278199218592,0.10252732853653063,0.06919516005198208,0.09668187508087535,0.5385472696750107,,,,0.0,,,,,,,,,,,,,,,,,,,,,,,,,,,,,,,,,,,,,,
development,22176,2023-08-01T09:40:00+00:00,36,local_3_rolling_validation_blocks,1,3,False,branch1_validation_performance,fusion,,,,0.15091974201756325,0.10655373283618874,0.08909306039825823,0.08859078493142664,0.07163238796032774,0.5539289061182368,,,,0.1,,,,,,,,,,,,,,,,,,,,,,,,,,,,,,,,,,,,,,
development,22176,2023-08-01T09:40:00+00:00,36,local_3_rolling_validation_blocks,1,3,False,branch1_validation_performance,fusion,,,,0.14940592784694184,0.10625245470802949,0.08788951389461458,0.08827987748057965,0.06952657308119967,0.5534719875087076,,,,0.2,,,,,,,,,,,,,,,,,,,,,,,,,,,,,,,,,,,,,,
development,22176,2023-08-01T09:40:00+00:00,36,local_3_rolling_validation_blocks,1,3,False,branch1_validation_performance,fusion,,,,0.14475231176735262,0.09864459726930881,0.08334325989234406,0.0877395611344019,0.0680419225153793,0.5371581953423522,,,,0.3,,,,,,,,,,,,,,,,,,,,,,,,,,,,,,,,,,,,,,
development,22176,2023-08-01T09:40:00+00:00,36,local_3_rolling_validation_blocks,1,3,False,branch1_validation_performance,fusion,,,,0.1430212179698553,0.0960363057596942,0.08146880376080123,0.08785712340452399,0.06690130176190828,0.5313838794068348,,,,0.4,,,,,,,,,,,,,,,,,,,,,,,,,,,,,,,,,,,,,,
development,22176,2023-08-01T09:40:00+00:00,36,local_3_rolling_validation_blocks,1,3,False,branch1_validation_performance,fusion,,,,0.1390391068773181,0.09696498160021398,0.08195753224093878,0.08165023790607039,0.06695008288166358,0.53002753578687,,,,0.5,,,,,,,,,,,,,,,,,,,,,,,,,,,,,,,,,,,,,,
development,22176,2023-08-01T09:40:00+00:00,36,local_3_rolling_validation_blocks,1,3,False,branch1_validation_performance,fusion,,,,0.13647163721660116,0.0996012503840279,0.08405524350751575,0.07520688496054115,0.06850923663100361,0.5285754075135211,,,,0.6,,,,,,,,,,,,,,,,,,,,,,,,,,,,,,,,,,,,,,
development,22176,2023-08-01T09:40:00+00:00,36,local_3_rolling_validation_blocks,1,3,False,branch1_validation_performance,fusion,,,,0.13451608095278836,0.10594643764940959,0.08839833820819176,0.06677561621614704,0.07085023876697395,0.5296098927837901,,,,0.7,,,,,,,,,,,,,,,,,,,,,,,,,,,,,,,,,,,,,,
development,22176,2023-08-01T09:40:00+00:00,36,local_3_rolling_validation_blocks,1,3,False,branch1_validation_performance,fusion,,,,0.13156127149260508,0.11851380882452331,0.09584587433068825,0.05379345708365879,0.0731779398368532,0.5309077888892827,,,,0.8,,,,,,,,,,,,,,,,,,,,,,,,,,,,,,,,,,,,,,
development,22176,2023-08-01T09:40:00+00:00,36,local_3_rolling_validation_blocks,1,3,False,branch1_validation_performance,fusion,,,,0.12938442322677154,0.13049398530282352,0.10310031631660656,0.04338183897071349,0.07570664733038959,0.5302112334314254,,,,0.9,,,,,,,,,,,,,,,,,,,,,,,,,,,,,,,,,,,,,,
development,22176,2023-08-01T09:40:00+00:00,36,local_3_rolling_validation_blocks,1,3,False,branch1_validation_performance,fusion,,,,0.12936024362606321,0.14147065089259023,0.11001865935117319,0.03751904777318128,0.07856666780975616,0.5260918902064557,,,,1.0,,,,,,,,,,,,,,,,,,,,,,,,,,,,,,,,,,,,,,
development,22464,2023-08-02T09:40:00+00:00,36,local_3_rolling_validation_blocks,1,3,False,branch1_validation_performance,branch1,7.0,3.0,all_1_6_24,0.11826473784271425,0.12421890113761386,0.09569121812514762,0.03951809775598907,0.06716353511268139,0.5118132140466348,"{'1': 0.11856960696646206, '6': 0.11864474483768965, '24': 0.11392133380666297}",,,,,,,,,,,,,,,,,,,,,,,,,,,,,,,,,,,,,,,,,
development,22464,2023-08-02T09:40:00+00:00,36,local_3_rolling_validation_blocks,1,3,False,branch1_validation_performance,branch1,7.0,7.0,all_1_6_24,0.11655532862295022,0.12062112679632567,0.09488263486946515,0.03716258808951209,0.06914414294260463,0.5148606959266707,"{'1': 0.11777492623974872, '6': 0.11874048489767765, '24': 0.11268530725852033}",,,,,,,,,,,,,,,,,,,,,,,,,,,,,,,,,,,,,,,,,
development,22464,2023-08-02T09:40:00+00:00,36,local_3_rolling_validation_blocks,1,3,False,branch1_validation_performance,branch1,7.0,14.0,all_1_6_24,0.11578534221449488,0.11863926321298762,0.09425616173217068,0.03637812964355815,0.06987306025135373,0.5153070727800428,"{'1': 0.11785529633792002, '6': 0.11900780314683668, '24': 0.11215039764904017}",,,,,,,,,,,,,,,,,,,,,,,,,,,,,,,,,,,,,,,,,
development,22464,2023-08-02T09:40:00+00:00,36,local_3_rolling_validation_blocks,1,3,False,branch1_validation_performance,branch1,14.0,3.0,all_1_6_24,0.11643816692506272,0.11896930979064965,0.09320531312417077,0.039013502033964205,0.06744131645769189,0.5048038900074966,"{'1': 0.1209395891174378, '6': 0.11757980869144553, '24': 0.11196169796005007}",,,,,,,,,,,,,,,,,,,,,,,,,,,,,,,,,,,,,,,,,
development,22464,2023-08-02T09:40:00+00:00,36,local_3_rolling_validation_blocks,1,3,False,branch1_validation_performance,branch1,14.0,7.0,all_1_6_24,0.11373938403837107,0.11005043968891688,0.08964977102834422,0.03792198699714133,0.06924910236777156,0.49603953535477235,"{'1': 0.12333586952433147, '6': 0.11639504090423965, '24': 0.11130429772104573}",,,,,,,,,,,,,,,,,,,,,,,,,,,,,,,,,,,,,,,,,
development,22464,2023-08-02T09:40:00+00:00,36,local_3_rolling_validation_blocks,1,3,False,branch1_validation_performance,branch1,14.0,14.0,all_1_6_24,0.11382646578890672,0.10696539937995073,0.08863762134151579,0.038637987366586184,0.07030984330308085,0.4953441660946167,"{'1': 0.12479321466267686, '6': 0.11580735751917985, '24': 0.11042300171557336}",,,,,,,,,,,,,,,,,,,,,,,,,,,,,,,,,,,,,,,,,
development,22464,2023-08-02T09:40:00+00:00,36,local_3_rolling_validation_blocks,1,3,False,branch1_validation_performance,branch1,21.0,3.0,all_1_6_24,0.11744574744324159,0.11694119752376532,0.0918352479195155,0.0416173182148606,0.06672929831526567,0.49899925540108225,"{'1': 0.12072168580440758, '6': 0.11721651768565695, '24': 0.11445084344834337}",,,,,,,,,,,,,,,,,,,,,,,,,,,,,,,,,,,,,,,,,
development,22464,2023-08-02T09:40:00+00:00,36,local_3_rolling_validation_blocks,1,3,False,branch1_validation_performance,branch1,21.0,7.0,all_1_6_24,0.11559343430166867,0.10777383495550852,0.087961315391131,0.04229371835113044,0.06814879582675348,0.48337604754481706,"{'1': 0.1219405659301102, '6': 0.11354466001972696, '24': 0.1114466652822426}",,,,,,,,,,,,,,,,,,,,,,,,,,,,,,,,,,,,,,,,,
development,22464,2023-08-02T09:40:00+00:00,36,local_3_rolling_validation_blocks,1,3,False,branch1_validation_performance,branch1,21.0,14.0,all_1_6_24,0.11181260924212598,0.10358158265167867,0.0862689901950825,0.03879136742137043,0.0689563977384863,0.47550523669386585,"{'1': 0.12001067291518623, '6': 0.10974869296796354, '24': 0.1104422137751712}",,,,,,,,,,,,,,,,,,,,,,,,,,,,,,,,,,,,,,,,,
development,22464,2023-08-02T09:40:00+00:00,36,local_3_rolling_validation_blocks,1,3,False,branch1_validation_performance,branch2,,,history_only,0.15867940313070977,0.15509502608489478,0.13366794644511718,0.03946169989998907,0.11224086680533955,0.5430683378919952,,7.0,0.0,,,,,,,,,,,,,,,,,,,,,,,,,,,,,,,,,,,,,,,
development,22464,2023-08-02T09:40:00+00:00,36,local_3_rolling_validation_blocks,1,3,False,branch1_validation_performance,branch2,,,history_only,0.15007120574900443,0.15455582784074,0.12283273542804246,0.04641951736430359,0.09110964301534491,0.5425227991096796,,14.0,0.0,,,,,,,,,,,,,,,,,,,,,,,,,,,,,,,,,,,,,,,
development,22464,2023-08-02T09:40:00+00:00,36,local_3_rolling_validation_blocks,1,3,False,branch1_validation_performance,branch2,,,history_only,0.15066861009356577,0.1538032050452211,0.12424358233004551,0.04448683379736807,0.09468395961486993,0.5428630228468222,,21.0,0.0,,,,,,,,,,,,,,,,,,,,,,,,,,,,,,,,,,,,,,,
development,22464,2023-08-02T09:40:00+00:00,36,local_3_rolling_validation_blocks,1,3,False,branch1_validation_performance,fusion,,,,0.15867940313070977,0.15509502608489478,0.13366794644511718,0.03946169989998907,0.11224086680533955,0.5430683378919952,,,,0.0,,,,,,,,,,,,,,,,,,,,,,,,,,,,,,,,,,,,,,
development,22464,2023-08-02T09:40:00+00:00,36,local_3_rolling_validation_blocks,1,3,False,branch1_validation_performance,fusion,,,,0.1558990505380966,0.17051140221814465,0.12372212766737684,0.05941548232165237,0.07693285311660901,0.54636118147995,,,,0.1,,,,,,,,,,,,,,,,,,,,,,,,,,,,,,,,,,,,,,
development,22464,2023-08-02T09:40:00+00:00,36,local_3_rolling_validation_blocks,1,3,False,branch1_validation_performance,fusion,,,,0.15530342241607642,0.17394331730436574,0.12428634598365529,0.05973269284621181,0.07462937466294482,0.5469156365429071,,,,0.2,,,,,,,,,,,,,,,,,,,,,,,,,,,,,,,,,,,,,,
development,22464,2023-08-02T09:40:00+00:00,36,local_3_rolling_validation_blocks,1,3,False,branch1_validation_performance,fusion,,,,0.15147163145197276,0.17584531718384072,0.12390177203547487,0.057610319256863995,0.07195822688710903,0.5425876111183271,,,,0.3,,,,,,,,,,,,,,,,,,,,,,,,,,,,,,,,,,,,,,
development,22464,2023-08-02T09:40:00+00:00,36,local_3_rolling_validation_blocks,1,3,False,branch1_validation_performance,fusion,,,,0.14709403212456737,0.17479000119602744,0.12237695622505058,0.05525654595428529,0.06996391125407372,0.5350034947126083,,,,0.4,,,,,,,,,,,,,,,,,,,,,,,,,,,,,,,,,,,,,,
development,22464,2023-08-02T09:40:00+00:00,36,local_3_rolling_validation_blocks,1,3,False,branch1_validation_performance,fusion,,,,0.14361993449216923,0.16960771604963065,0.11885943401701518,0.05425025517975127,0.06811115198439971,0.5326804141687923,,,,0.5,,,,,,,,,,,,,,,,,,,,,,,,,,,,,,,,,,,,,,
development,22464,2023-08-02T09:40:00+00:00,36,local_3_rolling_validation_blocks,1,3,False,branch1_validation_performance,fusion,,,,0.13890712392017654,0.16159437990294315,0.1142623280746731,0.052041144088587385,0.06693027624640306,0.5273052750809676,,,,0.6,,,,,,,,,,,,,,,,,,,,,,,,,,,,,,,,,,,,,,
development,22464,2023-08-02T09:40:00+00:00,36,local_3_rolling_validation_blocks,1,3,False,branch1_validation_performance,fusion,,,,0.13393371244161967,0.15215692082802784,0.10945055322970791,0.04913999788651664,0.06674418563138798,0.5227047477387486,,,,0.7,,,,,,,,,,,,,,,,,,,,,,,,,,,,,,,,,,,,,,
development,22464,2023-08-02T09:40:00+00:00,36,local_3_rolling_validation_blocks,1,3,False,branch1_validation_performance,fusion,,,,0.12788940869035012,0.138976449493758,0.10304824839113326,0.04576815027581813,0.06712004728850851,0.5200237853694367,,,,0.8,,,,,,,,,,,,,,,,,,,,,,,,,,,,,,,,,,,,,,
development,22464,2023-08-02T09:40:00+00:00,36,local_3_rolling_validation_blocks,1,3,False,branch1_validation_performance,fusion,,,,0.12066262524311282,0.12566171739353796,0.09683660035274616,0.04110089827602683,0.06801148331195438,0.51755153490872,,,,0.9,,,,,,,,,,,,,,,,,,,,,,,,,,,,,,,,,,,,,,
development,22464,2023-08-02T09:40:00+00:00,36,local_3_rolling_validation_blocks,1,3,False,branch1_validation_performance,fusion,,,,0.1165751693514216,0.1206764741628206,0.09491297268778891,0.03716190075095425,0.06914947121275722,0.5147440519512029,,,,1.0,,,,,,,,,,,,,,,,,,,,,,,,,,,,,,,,,,,,,,
development,22752,2023-08-03T09:40:00+00:00,36,local_3_rolling_validation_blocks,1,3,False,branch1_validation_performance,branch1,7.0,3.0,all_1_6_24,0.12288302644073201,0.11044281108590077,0.08992387075502689,0.04953076311980672,0.06940493042415301,0.4985144613600439,"{'1': 0.12832781682379446, '6': 0.11818218699486131, '24': 0.11756867083131162}",,,,,,,,,,,,,,,,,,,,,,,,,,,,,,,,,,,,,,,,,
development,22752,2023-08-03T09:40:00+00:00,36,local_3_rolling_validation_blocks,1,3,False,branch1_validation_performance,branch1,7.0,7.0,all_1_6_24,0.11963354287975242,0.10815116282256279,0.08935039211122961,0.04549488352732554,0.07054962139989641,0.4942319803199287,"{'1': 0.12958223700338087, '6': 0.12033926803653767, '24': 0.11315612034482282}",,,,,,,,,,,,,,,,,,,,,,,,,,,,,,,,,,,,,,,,,
development,22752,2023-08-03T09:40:00+00:00,36,local_3_rolling_validation_blocks,1,3,False,branch1_validation_performance,branch1,7.0,14.0,all_1_6_24,0.1184739103660486,0.10717924761494357,0.0891426565877044,0.04401731447595578,0.07110606556046521,0.49281805662088923,"{'1': 0.1292932994309916, '6': 0.1208780154642387, '24': 0.11173489934619894}",,,,,,,,,,,,,,,,,,,,,,,,,,,,,,,,,,,,,,,,,
development,22752,2023-08-03T09:40:00+00:00,36,local_3_rolling_validation_blocks,1,3,False,branch1_validation_performance,branch1,14.0,3.0,all_1_6_24,0.123583120058463,0.11384418520773079,0.09235844959450008,0.047515449919585,0.07087271398126938,0.49641874823609244,"{'1': 0.12967292360175378, '6': 0.11988234015901562, '24': 0.1159169361364734}",,,,,,,,,,,,,,,,,,,,,,,,,,,,,,,,,,,,,,,,,
development,22752,2023-08-03T09:40:00+00:00,36,local_3_rolling_validation_blocks,1,3,False,branch1_validation_performance,branch1,14.0,7.0,all_1_6_24,0.12119731944493506,0.11323368314754176,0.09485805143570249,0.040157481317065535,0.07648241972386322,0.5008744746116467,"{'1': 0.13244419696670442, '6': 0.12045680827228215, '24': 0.11133741875169541}",,,,,,,,,,,,,,,,,,,,,,,,,,,,,,,,,,,,,,,,,
development,22752,2023-08-03T09:40:00+00:00,36,local_3_rolling_validation_blocks,1,3,False,branch1_validation_performance,branch1,14.0,14.0,all_1_6_24,0.12072585349972564,0.11230787093451948,0.09547623913919051,0.038261668415972616,0.07864460734386156,0.5040806377532517,"{'1': 0.1334191845608221, '6': 0.12030583781550151, '24': 0.11194739686943857}",,,,,,,,,,,,,,,,,,,,,,,,,,,,,,,,,,,,,,,,,
development,22752,2023-08-03T09:40:00+00:00,36,local_3_rolling_validation_blocks,1,3,False,branch1_validation_performance,branch1,21.0,3.0,all_1_6_24,0.12302596118173685,0.11398071589851212,0.09242934099229508,0.04671132097896033,0.07087796608607802,0.4934798112399211,"{'1': 0.12978908043519666, '6': 0.12012763401748365, '24': 0.11495743843301659}",,,,,,,,,,,,,,,,,,,,,,,,,,,,,,,,,,,,,,,,,
development,22752,2023-08-03T09:40:00+00:00,36,local_3_rolling_validation_blocks,1,3,False,branch1_validation_performance,branch1,21.0,7.0,all_1_6_24,0.12270436580017041,0.11129496858424126,0.0944993305856355,0.04217950126257754,0.07770369258702976,0.4895217974011857,"{'1': 0.1331016278543087, '6': 0.11949849805091202, '24': 0.11428209687929984}",,,,,,,,,,,,,,,,,,,,,,,,,,,,,,,,,,,,,,,,,
development,22752,2023-08-03T09:40:00+00:00,36,local_3_rolling_validation_blocks,1,3,False,branch1_validation_performance,branch1,21.0,14.0,all_1_6_24,0.11925966975833313,0.10790027406422834,0.0950252589361465,0.03584862636367803,0.08215024380806464,0.49012483922313876,"{'1': 0.1290062468673856, '6': 0.11646406911723566, '24': 0.11435420760939545}",,,,,,,,,,,,,,,,,,,,,,,,,,,,,,,,,,,,,,,,,
development,22752,2023-08-03T09:40:00+00:00,36,local_3_rolling_validation_blocks,1,3,False,branch1_validation_performance,branch2,,,history_only,0.15282854249835773,0.11914408789936408,0.10259903199523307,0.0723083676624928,0.08605397609110205,0.5359829703910745,,7.0,0.0,,,,,,,,,,,,,,,,,,,,,,,,,,,,,,,,,,,,,,,
development,22752,2023-08-03T09:40:00+00:00,36,local_3_rolling_validation_blocks,1,3,False,branch1_validation_performance,branch2,,,history_only,0.1518903842816435,0.10923479292217864,0.10080716206711199,0.07256956082402086,0.09237953121204533,0.5394153915546992,,14.0,0.0,,,,,,,,,,,,,,,,,,,,,,,,,,,,,,,,,,,,,,,
development,22752,2023-08-03T09:40:00+00:00,36,local_3_rolling_validation_blocks,1,3,False,branch1_validation_performance,branch2,,,history_only,0.1522684483879912,0.1086443381348626,0.10175889082968329,0.07165219512245925,0.09487344352450397,0.5400732568330677,,21.0,0.0,,,,,,,,,,,,,,,,,,,,,,,,,,,,,,,,,,,,,,,
development,22752,2023-08-03T09:40:00+00:00,36,local_3_rolling_validation_blocks,1,3,False,branch1_validation_performance,fusion,,,,0.15282854249835773,0.11914408789936408,0.10259903199523307,0.0723083676624928,0.08605397609110205,0.5359829703910745,,,,0.0,,,,,,,,,,,,,,,,,,,,,,,,,,,,,,,,,,,,,,
development,22752,2023-08-03T09:40:00+00:00,36,local_3_rolling_validation_blocks,1,3,False,branch1_validation_performance,fusion,,,,0.1510664080189264,0.11990668671841224,0.09684702336154011,0.07895557017297394,0.07378736000466798,0.5250516405476254,,,,0.1,,,,,,,,,,,,,,,,,,,,,,,,,,,,,,,,,,,,,,
development,22752,2023-08-03T09:40:00+00:00,36,local_3_rolling_validation_blocks,1,3,False,branch1_validation_performance,fusion,,,,0.14948130188696468,0.12497709327444614,0.098202590178988,0.07574251487462001,0.07142808708352985,0.517894474213971,,,,0.2,,,,,,,,,,,,,,,,,,,,,,,,,,,,,,,,,,,,,,
development,22752,2023-08-03T09:40:00+00:00,36,local_3_rolling_validation_blocks,1,3,False,branch1_validation_performance,fusion,,,,0.14616328117766955,0.12778467613356442,0.09850537117350913,0.07151273479522313,0.06922606621345385,0.4973489428600379,,,,0.3,,,,,,,,,,,,,,,,,,,,,,,,,,,,,,,,,,,,,,
development,22752,2023-08-03T09:40:00+00:00,36,local_3_rolling_validation_blocks,1,3,False,branch1_validation_performance,fusion,,,,0.14627733090234807,0.12826595609147737,0.09807815731097665,0.07248348869402589,0.06789035853047592,0.4940267522070041,,,,0.4,,,,,,,,,,,,,,,,,,,,,,,,,,,,,,,,,,,,,,
development,22752,2023-08-03T09:40:00+00:00,36,local_3_rolling_validation_blocks,1,3,False,branch1_validation_performance,fusion,,,,0.14356461014293045,0.12194063021365517,0.0944933067827936,0.07292614530654079,0.06704598335193206,0.4932594053770683,,,,0.5,,,,,,,,,,,,,,,,,,,,,,,,,,,,,,,,,,,,,,
development,22752,2023-08-03T09:40:00+00:00,36,local_3_rolling_validation_blocks,1,3,False,branch1_validation_performance,fusion,,,,0.13898499562324887,0.11529181307595412,0.09088628571712223,0.07088059184085051,0.06648075835829033,0.49178565450233575,,,,0.6,,,,,,,,,,,,,,,,,,,,,,,,,,,,,,,,,,,,,,
development,22752,2023-08-03T09:40:00+00:00,36,local_3_rolling_validation_blocks,1,3,False,branch1_validation_performance,fusion,,,,0.13490836822420993,0.11262468347628252,0.08941769123445259,0.0670659852576633,0.06621069899262266,0.4907547090663477,,,,0.7,,,,,,,,,,,,,,,,,,,,,,,,,,,,,,,,,,,,,,
development,22752,2023-08-03T09:40:00+00:00,36,local_3_rolling_validation_blocks,1,3,False,branch1_validation_performance,fusion,,,,0.12979871048800304,0.11148628541892129,0.08926030338954567,0.060133637993006354,0.06703432136017005,0.4916410507580109,,,,0.8,,,,,,,,,,,,,,,,,,,,,,,,,,,,,,,,,,,,,,
development,22752,2023-08-03T09:40:00+00:00,36,local_3_rolling_validation_blocks,1,3,False,branch1_validation_performance,fusion,,,,0.12428877915553398,0.10989555912940784,0.08917702582787385,0.052458004075604005,0.06845849252633987,0.4924890280784168,,,,0.9,,,,,,,,,,,,,,,,,,,,,,,,,,,,,,,,,,,,,,
development,22752,2023-08-03T09:40:00+00:00,36,local_3_rolling_validation_blocks,1,3,False,branch1_validation_performance,fusion,,,,0.11972778931429191,0.10833964782113928,0.08946329212012888,0.04549092345950326,0.07058693641911848,0.4940809008287766,,,,1.0,,,,,,,,,,,,,,,,,,,,,,,,,,,,,,,,,,,,,,
development,23040,2023-08-04T09:40:00+00:00,36,local_3_rolling_validation_blocks,1,3,False,branch1_validation_performance,branch1,7.0,3.0,all_1_6_24,0.1268808977972583,0.12644758914991117,0.1017986056925824,0.04078346492679381,0.07714962223525362,0.5548368691898973,"{'1': 0.13102875366824573, '6': 0.13186754235567597, '24': 0.11645769264005494}",,,,,,,,,,,,,,,,,,,,,,,,,,,,,,,,,,,,,,,,,
development,23040,2023-08-04T09:40:00+00:00,36,local_3_rolling_validation_blocks,1,3,False,branch1_validation_performance,branch1,7.0,7.0,all_1_6_24,0.12447628735749723,0.1260064625158998,0.10220486647596798,0.03700958919248499,0.07840327043603615,0.5555380954396233,"{'1': 0.1312271640774163, '6': 0.13291154906276306, '24': 0.11268038699049786}",,,,,,,,,,,,,,,,,,,,,,,,,,,,,,,,,,,,,,,,,
development,23040,2023-08-04T09:40:00+00:00,36,local_3_rolling_validation_blocks,1,3,False,branch1_validation_performance,branch1,7.0,14.0,all_1_6_24,0.12307160049173164,0.12552966377114877,0.10219056711858612,0.03514509066473734,0.07885147046602349,0.5551042252094008,"{'1': 0.13057145431183892, '6': 0.13308761932399224, '24': 0.11124975477247152}",,,,,,,,,,,,,,,,,,,,,,,,,,,,,,,,,,,,,,,,,
development,23040,2023-08-04T09:40:00+00:00,36,local_3_rolling_validation_blocks,1,3,False,branch1_validation_performance,branch1,14.0,3.0,all_1_6_24,0.1289637288206875,0.13122400820742974,0.10422080046513418,0.041358680984751754,0.07721759272283862,0.5560704398891368,"{'1': 0.13506868228810914, '6': 0.13287467827571833, '24': 0.11635822869962888}",,,,,,,,,,,,,,,,,,,,,,,,,,,,,,,,,,,,,,,,,
development,23040,2023-08-04T09:40:00+00:00,36,local_3_rolling_validation_blocks,1,3,False,branch1_validation_performance,branch1,14.0,7.0,all_1_6_24,0.12744304848300195,0.13755782610486572,0.10767581326307105,0.037104945368485256,0.07779380042127636,0.5537202504336082,"{'1': 0.13837025641086007, '6': 0.13369955808905976, '24': 0.11308812968497813}",,,,,,,,,,,,,,,,,,,,,,,,,,,,,,,,,,,,,,,,,
development,23040,2023-08-04T09:40:00+00:00,36,local_3_rolling_validation_blocks,1,3,False,branch1_validation_performance,branch1,14.0,14.0,all_1_6_24,0.12763967436159235,0.1408903742987071,0.1099037341544591,0.03562641896610004,0.0789170940102111,0.5556341007403828,"{'1': 0.14087714135373933, '6': 0.13444731891456682, '24': 0.11232281296382214}",,,,,,,,,,,,,,,,,,,,,,,,,,,,,,,,,,,,,,,,,
development,23040,2023-08-04T09:40:00+00:00,36,local_3_rolling_validation_blocks,1,3,False,branch1_validation_performance,branch1,21.0,3.0,all_1_6_24,0.12826714498488243,0.1325745454903272,0.10491473009330013,0.0400089259341246,0.07725491469627305,0.5544246704044099,"{'1': 0.13491816166506929, '6': 0.13357461842763163, '24': 0.11761308811640392}",,,,,,,,,,,,,,,,,,,,,,,,,,,,,,,,,,,,,,,,,
development,23040,2023-08-04T09:40:00+00:00,36,local_3_rolling_validation_blocks,1,3,False,branch1_validation_performance,branch1,21.0,7.0,all_1_6_24,0.12833561918197586,0.13893218815944391,0.10906521311312531,0.03657031445122848,0.07919823806680669,0.5441989132802695,"{'1': 0.13917966465113826, '6': 0.13389299676531008, '24': 0.1150675034268354}",,,,,,,,,,,,,,,,,,,,,,,,,,,,,,,,,,,,,,,,,
development,23040,2023-08-04T09:40:00+00:00,36,local_3_rolling_validation_blocks,1,3,False,branch1_validation_performance,branch1,21.0,14.0,all_1_6_24,0.1260697642003836,0.14174909827741403,0.11175408065020181,0.03177543568003023,0.08175906302298959,0.543538334988431,"{'1': 0.13790568359077102, '6': 0.13041325659106492, '24': 0.11441126672421316}",,,,,,,,,,,,,,,,,,,,,,,,,,,,,,,,,,,,,,,,,
development,23040,2023-08-04T09:40:00+00:00,36,local_3_rolling_validation_blocks,1,3,False,branch1_validation_performance,branch2,,,history_only,0.1618115605406967,0.12562773621671397,0.11754263476676509,0.0629527983650691,0.10945753331681621,0.5399557675780359,,7.0,0.0,,,,,,,,,,,,,,,,,,,,,,,,,,,,,,,,,,,,,,,
development,23040,2023-08-04T09:40:00+00:00,36,local_3_rolling_validation_blocks,1,3,False,branch1_validation_performance,branch2,,,history_only,0.16340693013806476,0.11936518604715086,0.11854694835636498,0.06344511228498712,0.11772871066557908,0.5409966287619105,,14.0,0.0,,,,,,,,,,,,,,,,,,,,,,,,,,,,,,,,,,,,,,,
development,23040,2023-08-04T09:40:00+00:00,36,local_3_rolling_validation_blocks,1,3,False,branch1_validation_performance,branch2,,,history_only,0.15217825338256785,0.11781752893109723,0.10394954487790628,0.06913921199908872,0.09008156082471534,0.5407621874649348,,21.0,0.0,,,,,,,,,,,,,,,,,,,,,,,,,,,,,,,,,,,,,,,
development,23040,2023-08-04T09:40:00+00:00,36,local_3_rolling_validation_blocks,1,3,False,branch1_validation_performance,fusion,,,,0.1618115605406967,0.12562773621671397,0.11754263476676509,0.0629527983650691,0.10945753331681621,0.5399557675780359,,,,0.0,,,,,,,,,,,,,,,,,,,,,,,,,,,,,,,,,,,,,,
development,23040,2023-08-04T09:40:00+00:00,36,local_3_rolling_validation_blocks,1,3,False,branch1_validation_performance,fusion,,,,0.16369264647062862,0.14361493471035675,0.10760605414091699,0.084592186389926,0.07159717357147724,0.5457342799860148,,,,0.1,,,,,,,,,,,,,,,,,,,,,,,,,,,,,,,,,,,,,,
development,23040,2023-08-04T09:40:00+00:00,36,local_3_rolling_validation_blocks,1,3,False,branch1_validation_performance,fusion,,,,0.16516252967466205,0.1522539317189536,0.11089893315914656,0.08384052173135072,0.06954393459933951,0.546198228827757,,,,0.2,,,,,,,,,,,,,,,,,,,,,,,,,,,,,,,,,,,,,,
development,23040,2023-08-04T09:40:00+00:00,36,local_3_rolling_validation_blocks,1,3,False,branch1_validation_performance,fusion,,,,0.164879613859756,0.1573739756762682,0.11273592476609369,0.0822575164790383,0.06809787385591917,0.5402822126943906,,,,0.3,,,,,,,,,,,,,,,,,,,,,,,,,,,,,,,,,,,,,,
development,23040,2023-08-04T09:40:00+00:00,36,local_3_rolling_validation_blocks,1,3,False,branch1_validation_performance,fusion,,,,0.16468615036883108,0.15858052400217007,0.11279572527689766,0.08235733702582654,0.06701092655162523,0.5414761107932415,,,,0.4,,,,,,,,,,,,,,,,,,,,,,,,,,,,,,,,,,,,,,
development,23040,2023-08-04T09:40:00+00:00,36,local_3_rolling_validation_blocks,1,3,False,branch1_validation_performance,fusion,,,,0.15870083217265085,0.1535163557819129,0.11024425163664177,0.07709991607815316,0.06697214749137065,0.543652155035475,,,,0.5,,,,,,,,,,,,,,,,,,,,,,,,,,,,,,,,,,,,,,
development,23040,2023-08-04T09:40:00+00:00,36,local_3_rolling_validation_blocks,1,3,False,branch1_validation_performance,fusion,,,,0.15244207650772498,0.14511282938881293,0.1068049195691752,0.07172050490178739,0.06849700974953747,0.5464066543464826,,,,0.6,,,,,,,,,,,,,,,,,,,,,,,,,,,,,,,,,,,,,,
development,23040,2023-08-04T09:40:00+00:00,36,local_3_rolling_validation_blocks,1,3,False,branch1_validation_performance,fusion,,,,0.14706504636109705,0.14112909678618918,0.10604533520077197,0.06469786414821789,0.07096157361535478,0.5516352734514848,,,,0.7,,,,,,,,,,,,,,,,,,,,,,,,,,,,,,,,,,,,,,
development,23040,2023-08-04T09:40:00+00:00,36,local_3_rolling_validation_blocks,1,3,False,branch1_validation_performance,fusion,,,,0.13840212251488535,0.1364374110671039,0.10485573185032657,0.05399681127627823,0.07327405263354923,0.5555982404571903,,,,0.8,,,,,,,,,,,,,,,,,,,,,,,,,,,,,,,,,,,,,,
development,23040,2023-08-04T09:40:00+00:00,36,local_3_rolling_validation_blocks,1,3,False,branch1_validation_performance,fusion,,,,0.1302566575739049,0.13104159016220454,0.10346135854038294,0.04408048190299886,0.07588112691856133,0.5569825625388564,,,,0.9,,,,,,,,,,,,,,,,,,,,,,,,,,,,,,,,,,,,,,
development,23040,2023-08-04T09:40:00+00:00,36,local_3_rolling_validation_blocks,1,3,False,branch1_validation_performance,fusion,,,,0.12475929659666525,0.12606998059248067,0.1024620110004447,0.0369580218007473,0.07885404140840874,0.5565282960528077,,,,1.0,,,,,,,,,,,,,,,,,,,,,,,,,,,,,,,,,,,,,,
heldout_preselection,23293,2023-08-05T06:45:00+00:00,36,pooled_latest_6_development_origins,6,18,False,branch1_validation_performance,branch1,7.0,3.0,all_1_6_24,0.1476791636641078,0.12998456585692264,0.12388249427986359,0.03371077880666615,0.11826473784271425,0.5497264700821171,"{'1': 0.13422826578801983, '6': 0.1453673528040035, '24': 0.14970734070226885}",,,,,,,,,,,,,,,,,,,,,,,,,,,,,,,,,,,,,,,,,
heldout_preselection,23293,2023-08-05T06:45:00+00:00,36,pooled_latest_6_development_origins,6,18,False,branch1_validation_performance,branch1,7.0,7.0,all_1_6_24,0.14088082060837556,0.12685551516375373,0.12084422899918862,0.02744281493931286,0.11655532862295022,0.5481260233112706,"{'1': 0.13033382075788397, '6': 0.14281586958554074, '24': 0.14637675097713973}",,,,,,,,,,,,,,,,,,,,,,,,,,,,,,,,,,,,,,,,,
heldout_preselection,23293,2023-08-05T06:45:00+00:00,36,pooled_latest_6_development_origins,6,18,False,branch1_validation_performance,branch1,7.0,14.0,all_1_6_24,0.1353578932618621,0.1252664769917736,0.11962333289746936,0.020604336865142844,0.11578534221449488,0.5468138452348155,"{'1': 0.129792307938448, '6': 0.14160322217421709, '24': 0.14529794670363574}",,,,,,,,,,,,,,,,,,,,,,,,,,,,,,,,,,,,,,,,,
heldout_preselection,23293,2023-08-05T06:45:00+00:00,36,pooled_latest_6_development_origins,6,18,False,branch1_validation_performance,branch1,14.0,3.0,all_1_6_24,0.15273279296083933,0.13067821221675258,0.12492827224901912,0.039523479497920976,0.11643816692506272,0.5477603928711862,"{'1': 0.13786359076073085, '6': 0.14751070619921178, '24': 0.15112875302155118}",,,,,,,,,,,,,,,,,,,,,,,,,,,,,,,,,,,,,,,,,
heldout_preselection,23293,2023-08-05T06:45:00+00:00,36,pooled_latest_6_development_origins,6,18,False,branch1_validation_performance,branch1,14.0,7.0,all_1_6_24,0.15086129834062187,0.12891400064006084,0.12275875170445177,0.03985903972565339,0.11373938403837107,0.5435396765384118,"{'1': 0.13429106565077012, '6': 0.14498618319860104, '24': 0.14982189496665896}",,,,,,,,,,,,,,,,,,,,,,,,,,,,,,,,,,,,,,,,,
heldout_preselection,23293,2023-08-05T06:45:00+00:00,36,pooled_latest_6_development_origins,6,18,False,branch1_validation_performance,branch1,14.0,14.0,all_1_6_24,0.15028886413467427,0.12950254835614844,0.12245430871519232,0.03876889874128123,0.11382646578890672,0.5431331233708645,"{'1': 0.13475805567466528, '6': 0.14308385674580582, '24': 0.14975198342440157}",,,,,,,,,,,,,,,,,,,,,,,,,,,,,,,,,,,,,,,,,
heldout_preselection,23293,2023-08-05T06:45:00+00:00,36,pooled_latest_6_development_origins,6,18,False,branch1_validation_performance,branch1,21.0,3.0,all_1_6_24,0.15270008381996905,0.13011421714103683,0.12433625713252325,0.03953390016671292,0.11744574744324159,0.5439239510600544,"{'1': 0.1385262313031578, '6': 0.14625871490537115, '24': 0.15125315811836282}",,,,,,,,,,,,,,,,,,,,,,,,,,,,,,,,,,,,,,,,,
heldout_preselection,23293,2023-08-05T06:45:00+00:00,36,pooled_latest_6_development_origins,6,18,False,branch1_validation_performance,branch1,21.0,7.0,all_1_6_24,0.15313661525793923,0.13057450176781862,0.12411217914562178,0.04064528563009161,0.11559343430166867,0.5299330462866577,"{'1': 0.1396680849411878, '6': 0.14359403335007323, '24': 0.15062400104239346}",,,,,,,,,,,,,,,,,,,,,,,,,,,,,,,,,,,,,,,,,
heldout_preselection,23293,2023-08-05T06:45:00+00:00,36,pooled_latest_6_development_origins,6,18,False,branch1_validation_performance,branch1,21.0,14.0,all_1_6_24,0.14995995109119603,0.12769477398391146,0.12096219336884576,0.040814566153698766,0.11181260924212598,0.5246070833267614,"{'1': 0.13834556342730991, '6': 0.1434851880436234, '24': 0.14897032637821447}",,,,,,,,,,,,,,,,,,,,,,,,,,,,,,,,,,,,,,,,,
heldout_preselection,23293,2023-08-05T06:45:00+00:00,36,pooled_latest_6_development_origins,6,18,False,branch1_validation_performance,branch2,,,history_only,0.15480651191450093,0.1555050901403723,0.15171150885990242,0.005306800145311887,0.14599876322110378,0.5367542273688445,,7.0,0.0,,,,,,,,,,,,,,,,,,,,,,,,,,,,,,,,,,,,,,,
heldout_preselection,23293,2023-08-05T06:45:00+00:00,36,pooled_latest_6_development_origins,6,18,False,branch1_validation_performance,branch2,,,history_only,0.15447181082075173,0.15352852573045717,0.15052600038216418,0.004970413831784711,0.14876742741935856,0.5382219034893586,,14.0,0.0,,,,,,,,,,,,,,,,,,,,,,,,,,,,,,,,,,,,,,,
heldout_preselection,23293,2023-08-05T06:45:00+00:00,36,pooled_latest_6_development_origins,6,18,False,branch1_validation_performance,branch2,,,history_only,0.15100166665902376,0.15142343173806683,0.1495066044289113,0.003655977364815596,0.14482439304893102,0.5383771861876527,,21.0,0.0,,,,,,,,,,,,,,,,,,,,,,,,,,,,,,,,,,,,,,,
heldout_preselection,23293,2023-08-05T06:45:00+00:00,36,pooled_latest_6_development_origins,6,18,False,branch1_validation_performance,fusion,,,,0.1548065119145009,0.12238591205803903,0.10864396982334348,0.061654145437346965,0.08605397609110205,0.5367542273688446,,,,0.0,,,,,,,,,,,,,,,,,,,,,,,,,,,,,,,,,,,,,,
heldout_preselection,23293,2023-08-05T06:45:00+00:00,36,pooled_latest_6_development_origins,6,18,False,branch1_validation_performance,fusion,,,,0.1567643404783953,0.13542796196115614,0.08432503399922738,0.0742819286346924,0.07130141059486354,0.5461748599590551,,,,0.1,,,,,,,,,,,,,,,,,,,,,,,,,,,,,,,,,,,,,,
heldout_preselection,23293,2023-08-05T06:45:00+00:00,36,pooled_latest_6_development_origins,6,18,False,branch1_validation_performance,fusion,,,,0.15737475107186294,0.14562122018449503,0.08255169829103742,0.07244250721589839,0.06928653308522006,0.5475444831571247,,,,0.2,,,,,,,,,,,,,,,,,,,,,,,,,,,,,,,,,,,,,,
heldout_preselection,23293,2023-08-05T06:45:00+00:00,36,pooled_latest_6_development_origins,6,18,False,branch1_validation_performance,fusion,,,,0.15502608303218832,0.15131947007574806,0.07863973605856982,0.06987165652330532,0.06782022412169031,0.5382757560578326,,,,0.3,,,,,,,,,,,,,,,,,,,,,,,,,,,,,,,,,,,,,,
heldout_preselection,23293,2023-08-05T06:45:00+00:00,36,pooled_latest_6_development_origins,6,18,False,branch1_validation_performance,fusion,,,,0.15495876468181286,0.15810653839553943,0.07647518321284301,0.06942062345832266,0.06672930753150476,0.5386432894141275,,,,0.4,,,,,,,,,,,,,,,,,,,,,,,,,,,,,,,,,,,,,,
heldout_preselection,23293,2023-08-05T06:45:00+00:00,36,pooled_latest_6_development_origins,6,18,False,branch1_validation_performance,fusion,,,,0.15357338264408,0.1686966763991445,0.0753108148020476,0.06724440362560524,0.06674467601752254,0.5419565708369989,,,,0.5,,,,,,,,,,,,,,,,,,,,,,,,,,,,,,,,,,,,,,
heldout_preselection,23293,2023-08-05T06:45:00+00:00,36,pooled_latest_6_development_origins,6,18,False,branch1_validation_performance,fusion,,,,0.15116010795327672,0.16214005824364733,0.07617709205705134,0.06454346536109803,0.06652429572868146,0.5429979891826116,,,,0.6,,,,,,,,,,,,,,,,,,,,,,,,,,,,,,,,,,,,,,
heldout_preselection,23293,2023-08-05T06:45:00+00:00,36,pooled_latest_6_development_origins,6,18,False,branch1_validation_performance,fusion,,,,0.14851662311121686,0.15244685966851945,0.07945480831157467,0.06118046145999392,0.06620598330334118,0.5442824826047299,,,,0.7,,,,,,,,,,,,,,,,,,,,,,,,,,,,,,,,,,,,,,
heldout_preselection,23293,2023-08-05T06:45:00+00:00,36,pooled_latest_6_development_origins,6,18,False,branch1_validation_performance,fusion,,,,0.1460085976323178,0.13977711057649195,0.08245262153075233,0.0593929180713464,0.0669571210114063,0.5468168760544825,,,,0.8,,,,,,,,,,,,,,,,,,,,,,,,,,,,,,,,,,,,,,
heldout_preselection,23293,2023-08-05T06:45:00+00:00,36,pooled_latest_6_development_origins,6,18,False,branch1_validation_performance,fusion,,,,0.14363118111774756,0.13076833457042014,0.08391353867398735,0.06299996675297274,0.06801672342616971,0.5486754731544293,,,,0.9,,,,,,,,,,,,,,,,,,,,,,,,,,,,,,,,,,,,,,
heldout_preselection,23293,2023-08-05T06:45:00+00:00,36,pooled_latest_6_development_origins,6,18,False,branch1_validation_performance,fusion,,,,0.14110835814395042,0.13380695071592913,0.08567947334161163,0.06243519992086425,0.06913073826971389,0.5481769982769623,,,,1.0,,,,,,,,,,,,,,,,,,,,,,,,,,,,,,,,,,,,,,
heldout_preselection,23293,2023-08-05T06:45:00+00:00,36,pooled_latest_6_development_origins,6,18,False,branch1_validation_performance,,,,,,,,,,,"{'1': 0.13033382075788394, '6': 0.14281586958554074, '24': 0.14637675097713976}",,,,2023-07-29T09:40:00+00:00,2023-07-24T21:40:00+00:00,2023-08-02T21:40:00+00:00,18.0,3.0,7.0,7.0,"[1, 6, 24]","{'1': 0.32400711484246714, '6': 0.3362501017055535, '24': 0.33974278345197945}",7.0,0.0,7.0,-1.0,0.2,0.15737475107186294,0.5475444831571247,0.14110835814395042,0.1548065119145009,0.13380695071592913,0.12238591205803903,0.5481769982769623,0.5367542273688446,0.1243048757314682,0.09090909090909091,0.15215921435774687,await_confirmation,await_confirmation,14.0,1.0,0.009980477732246307,fixed_control,0.1522540654033682,-9.485104562131919e-05,23.0,0.05,0.002,0.002,2.0
